{
  "0": {
    "0": {
      "closest": -0.5949547290802002,
      "centroid": -0.6101633310317993,
      "furthest": -0.6216447949409485
    },
    "1": {
      "closest": 0.5929020643234253,
      "centroid": 0.6101633310317993,
      "furthest": 0.6212769150733948
    }
  },
  "1": {
    "0": {
      "closest": -0.7214076519012451,
      "centroid": -0.745388925075531,
      "furthest": -0.7597595453262329
    },
    "1": {
      "closest": 0.7295925617218018,
      "centroid": 0.745388925075531,
      "furthest": 0.755282998085022
    }
  },
  "2": {
    "0": {
      "closest": -0.9479739665985107,
      "centroid": -0.9778910875320435,
      "furthest": -0.998673141002655
    },
    "1": {
      "closest": 0.9631490707397461,
      "centroid": 0.9778911471366882,
      "furthest": 0.9905259609222412
    }
  },
  "3": {
    "0": {
      "closest": -1.0705409049987793,
      "centroid": -1.1360739469528198,
      "furthest": -1.182121992111206
    },
    "1": {
      "closest": 1.1069295406341553,
      "centroid": 1.1360739469528198,
      "furthest": 1.171950340270996
    }
  },
  "4": {
    "0": {
      "closest": -1.266341209411621,
      "centroid": -1.3798561096191406,
      "furthest": -1.4326481819152832
    },
    "1": {
      "closest": 1.3342390060424805,
      "centroid": 1.3798562288284302,
      "furthest": 1.450623869895935
    }
  },
  "5": {
    "0": {
      "closest": -1.4553121328353882,
      "centroid": -1.623489499092102,
      "furthest": -1.7173571586608887
    },
    "1": {
      "closest": 1.5165183544158936,
      "centroid": 1.623489499092102,
      "furthest": 1.7302888631820679
    }
  },
  "6": {
    "0": {
      "closest": -1.5211889743804932,
      "centroid": -1.7649621963500977,
      "furthest": -1.8627302646636963
    },
    "1": {
      "closest": 1.6585896015167236,
      "centroid": 1.7649621963500977,
      "furthest": 1.851203441619873
    }
  },
  "7": {
    "0": {
      "closest": -1.691413402557373,
      "centroid": -2.0846664905548096,
      "furthest": -2.2308473587036133
    },
    "1": {
      "closest": 1.9471853971481323,
      "centroid": 2.0846667289733887,
      "furthest": 2.1885766983032227
    }
  },
  "8": {
    "0": {
      "closest": -1.7070094347000122,
      "centroid": -2.126345634460449,
      "furthest": -2.263237953186035
    },
    "1": {
      "closest": 1.8940938711166382,
      "centroid": 2.126345634460449,
      "furthest": 2.2206509113311768
    }
  },
  "9": {
    "0": {
      "closest": -2.0493860244750977,
      "centroid": -2.4714038372039795,
      "furthest": -2.666811943054199
    },
    "1": {
      "closest": 1.8633025884628296,
      "centroid": 2.4714038372039795,
      "furthest": 2.6312217712402344
    }
  },
  "10": {
    "0": {
      "closest": -2.2554502487182617,
      "centroid": -2.724632740020752,
      "furthest": -3.016669750213623
    },
    "1": {
      "closest": 2.0184521675109863,
      "centroid": 2.724632501602173,
      "furthest": 2.9006905555725098
    }
  },
  "11": {
    "0": {
      "closest": -2.3620431423187256,
      "centroid": -2.8100619316101074,
      "furthest": -3.057485580444336
    },
    "1": {
      "closest": 1.9657669067382812,
      "centroid": 2.8100619316101074,
      "furthest": 3.1067018508911133
    }
  },
  "12": {
    "0": {
      "closest": -2.3017044067382812,
      "centroid": -3.003558874130249,
      "furthest": -3.269730806350708
    },
    "1": {
      "closest": 1.9187040328979492,
      "centroid": 3.00355863571167,
      "furthest": 3.412060499191284
    }
  },
  "13": {
    "0": {
      "closest": -2.400928258895874,
      "centroid": -3.145862340927124,
      "furthest": -3.4644386768341064
    },
    "1": {
      "closest": 1.6738228797912598,
      "centroid": 3.145862579345703,
      "furthest": 3.693869113922119
    }
  },
  "14": {
    "0": {
      "closest": -2.713494062423706,
      "centroid": -3.453721284866333,
      "furthest": -3.8092615604400635
    },
    "1": {
      "closest": 1.6087093353271484,
      "centroid": 3.453721284866333,
      "furthest": 4.302245140075684
    }
  },
  "15": {
    "0": {
      "closest": -3.224809169769287,
      "centroid": -3.8919453620910645,
      "furthest": -4.313067436218262
    },
    "1": {
      "closest": 1.7057945728302002,
      "centroid": 3.8919451236724854,
      "furthest": 4.886069297790527
    }
  },
  "16": {
    "0": {
      "closest": -3.4619035720825195,
      "centroid": -4.231116771697998,
      "furthest": -4.738581657409668
    },
    "1": {
      "closest": 2.3251311779022217,
      "centroid": 4.231116771697998,
      "furthest": 5.171833515167236
    }
  },
  "17": {
    "0": {
      "closest": -3.8530330657958984,
      "centroid": -4.56569242477417,
      "furthest": -5.106921195983887
    },
    "1": {
      "closest": 2.832721471786499,
      "centroid": 4.565692901611328,
      "furthest": 5.4525957107543945
    }
  },
  "18": {
    "0": {
      "closest": -4.040482521057129,
      "centroid": -4.826057434082031,
      "furthest": -5.376924514770508
    },
    "1": {
      "closest": 2.904855251312256,
      "centroid": 4.826057434082031,
      "furthest": 5.704110145568848
    }
  },
  "19": {
    "0": {
      "closest": -4.624220848083496,
      "centroid": -5.27025842666626,
      "furthest": -5.817502975463867
    },
    "1": {
      "closest": 3.310427188873291,
      "centroid": 5.27025842666626,
      "furthest": 6.187398433685303
    }
  },
  "20": {
    "0": {
      "closest": -4.932338714599609,
      "centroid": -5.733643531799316,
      "furthest": -6.3337602615356445
    },
    "1": {
      "closest": 3.471839427947998,
      "centroid": 5.733643531799316,
      "furthest": 6.8478617668151855
    }
  },
  "21": {
    "0": {
      "closest": -5.3209052085876465,
      "centroid": -6.330679416656494,
      "furthest": -6.961348533630371
    },
    "1": {
      "closest": 3.6288692951202393,
      "centroid": 6.330678939819336,
      "furthest": 7.7254438400268555
    }
  },
  "22": {
    "0": {
      "closest": -5.967617988586426,
      "centroid": -7.003499507904053,
      "furthest": -7.607069969177246
    },
    "1": {
      "closest": 4.037389755249023,
      "centroid": 7.003499507904053,
      "furthest": 8.685091972351074
    }
  },
  "23": {
    "0": {
      "closest": -6.480863571166992,
      "centroid": -7.589466571807861,
      "furthest": -8.265926361083984
    },
    "1": {
      "closest": 4.217916011810303,
      "centroid": 7.589466571807861,
      "furthest": 9.548556327819824
    }
  },
  "24": {
    "0": {
      "closest": -6.8469557762146,
      "centroid": -8.018630981445312,
      "furthest": -8.808036804199219
    },
    "1": {
      "closest": 4.181802749633789,
      "centroid": 8.018631935119629,
      "furthest": 10.168392181396484
    }
  },
  "25": {
    "0": {
      "closest": -7.115462303161621,
      "centroid": -8.340993881225586,
      "furthest": -9.159261703491211
    },
    "1": {
      "closest": 4.447235107421875,
      "centroid": 8.34099292755127,
      "furthest": 10.507274627685547
    }
  },
  "26": {
    "0": {
      "closest": -7.579780101776123,
      "centroid": -9.019079208374023,
      "furthest": -9.917821884155273
    },
    "1": {
      "closest": 4.759920597076416,
      "centroid": 9.019079208374023,
      "furthest": 11.330910682678223
    }
  },
  "27": {
    "0": {
      "closest": -8.051216125488281,
      "centroid": -9.7305908203125,
      "furthest": -10.760212898254395
    },
    "1": {
      "closest": 4.992745399475098,
      "centroid": 9.730591773986816,
      "furthest": 12.202873229980469
    }
  },
  "28": {
    "0": {
      "closest": -9.096057891845703,
      "centroid": -10.99242115020752,
      "furthest": -12.154109954833984
    },
    "1": {
      "closest": 5.533054828643799,
      "centroid": 10.992420196533203,
      "furthest": 13.742493629455566
    }
  },
  "29": {
    "0": {
      "closest": -10.317253112792969,