{
  "0": {
    "0": {
      "closest": -2.967170439660549e-05,
      "centroid": -0.020079100504517555,
      "furthest": -0.05906844884157181
    },
    "1": {
      "closest": -6.09084963798523e-07,
      "centroid": 0.020947471261024475,
      "furthest": 0.053573764860630035
    }
  },
  "1": {
    "0": {
      "closest": -0.0013725487515330315,
      "centroid": -0.028882207348942757,
      "furthest": -0.077426478266716
    },
    "1": {
      "closest": 0.00037527643144130707,
      "centroid": 0.030597014352679253,
      "furthest": 0.07393098622560501
    }
  },
  "2": {
    "0": {
      "closest": -0.011862166225910187,
      "centroid": -0.0486271008849144,
      "furthest": -0.12463466823101044
    },
    "1": {
      "closest": 0.00553787499666214,
      "centroid": 0.052162837237119675,
      "furthest": 0.11700740456581116
    }
  },
  "3": {
    "0": {
      "closest": -0.019278593361377716,
      "centroid": -0.07668399810791016,
      "furthest": -0.16803008317947388
    },
    "1": {
      "closest": 0.013878874480724335,
      "centroid": 0.08333650231361389,
      "furthest": 0.17639197409152985
    }
  },
  "4": {
    "0": {
      "closest": -0.004438906908035278,
      "centroid": -0.0739697813987732,
      "furthest": -0.17433933913707733
    },
    "1": {
      "closest": -0.0023332079872488976,
      "centroid": 0.08502820879220963,
      "furthest": 0.18773405253887177
    }
  },
  "5": {
    "0": {
      "closest": -0.04370870068669319,
      "centroid": -0.14962275326251984,
      "furthest": -0.3388315439224243
    },
    "1": {
      "closest": 0.03434525802731514,
      "centroid": 0.1565864384174347,
      "furthest": 0.30028223991394043
    }
  },
  "6": {
    "0": {
      "closest": -0.05090336129069328,
      "centroid": -0.1829100251197815,
      "furthest": -0.41045594215393066
    },
    "1": {
      "closest": 0.04395054653286934,
      "centroid": 0.19066539406776428,
      "furthest": 0.37769508361816406
    }
  },
  "7": {
    "0": {
      "closest": -0.006965738255530596,
      "centroid": -0.15232771635055542,
      "furthest": -0.3124563992023468
    },
    "1": {
      "closest": -0.007189360447227955,
      "centroid": 0.16408832371234894,
      "furthest": 0.33168527483940125
    }
  },
  "8": {
    "0": {
      "closest": -0.07647193223237991,
      "centroid": -0.25217804312705994,
      "furthest": -0.5167935490608215
    },
    "1": {
      "closest": 0.05831238254904747,
      "centroid": 0.26410236954689026,
      "furthest": 0.529533326625824
    }
  },
  "9": {
    "0": {
      "closest": -0.08127930760383606,
      "centroid": -0.27917322516441345,
      "furthest": -0.5709300637245178
    },
    "1": {
      "closest": 0.06205957010388374,
      "centroid": 0.2820392847061157,
      "furthest": 0.5505600571632385
    }
  },
  "10": {
    "0": {
      "closest": -0.026204397901892662,
      "centroid": -0.1960580050945282,
      "furthest": -0.40384793281555176
    },
    "1": {
      "closest": 0.006047019734978676,
      "centroid": 0.20300479233264923,
      "furthest": 0.404950350522995
    }
  },
  "11": {
    "0": {
      "closest": -0.08495059609413147,
      "centroid": -0.30549025535583496,
      "furthest": -0.6268121600151062
    },
    "1": {
      "closest": 0.06839251518249512,
      "centroid": 0.3013385534286499,
      "furthest": 0.5908825993537903
    }
  },
  "12": {
    "0": {
      "closest": -0.09050881862640381,
      "centroid": -0.3775136470794678,
      "furthest": -0.8107466697692871
    },
    "1": {
      "closest": 0.09067589044570923,
      "centroid": 0.3642854392528534,
      "furthest": 0.7205787897109985
    }
  },
  "13": {
    "0": {
      "closest": -0.093170665204525,
      "centroid": -0.38408687710762024,
      "furthest": -0.8211410641670227
    },
    "1": {
      "closest": 0.09687274694442749,
      "centroid": 0.3753901720046997,
      "furthest": 0.763717770576477
    }
  },
  "14": {
    "0": {
      "closest": -0.09776908904314041,
      "centroid": -0.3933069705963135,
      "furthest": -0.7822299003601074
    },
    "1": {
      "closest": 0.09419526159763336,
      "centroid": 0.38935619592666626,
      "furthest": 0.7642503976821899
    }
  },
  "15": {
    "0": {
      "closest": -0.11865182220935822,
      "centroid": -0.427322655916214,
      "furthest": -0.8756859302520752
    },
    "1": {
      "closest": 0.10450597107410431,
      "centroid": 0.43400830030441284,
      "furthest": 0.8346854448318481
    }
  },
  "16": {
    "0": {
      "closest": -0.13046391308307648,
      "centroid": -0.44504937529563904,
      "furthest": -0.9488329291343689
    },
    "1": {
      "closest": 0.12114277482032776,
      "centroid": 0.4488999843597412,
      "furthest": 0.8407023549079895
    }
  },
  "17": {
    "0": {
      "closest": -0.08380291610956192,
      "centroid": -0.37169182300567627,
      "furthest": -0.807820737361908
    },
    "1": {
      "closest": 0.06180288642644882,
      "centroid": 0.3958977162837982,
      "furthest": 0.7727866768836975
    }
  },
  "18": {
    "0": {
      "closest": -0.15755365788936615,
      "centroid": -0.5193612575531006,
      "furthest": -1.128118872642517
    },
    "1": {
      "closest": 0.14871956408023834,
      "centroid": 0.5284513831138611,
      "furthest": 1.0112758874893188
    }
  },
  "19": {
    "0": {
      "closest": -0.1019500195980072,
      "centroid": -0.4757569134235382,
      "furthest": -1.0113219022750854
    },
    "1": {
      "closest": 0.08537597954273224,
      "centroid": 0.49837246537208557,
      "furthest": 0.9575086832046509
    }
  },
  "20": {
    "0": {
      "closest": -0.13306698203086853,
      "centroid": -0.5064107179641724,
      "furthest": -1.0575659275054932
    },
    "1": {
      "closest": 0.10204742848873138,
      "centroid": 0.537473201751709,
      "furthest": 0.9691072702407837
    }
  },
  "21": {
    "0": {
      "closest": -0.15553951263427734,
      "centroid": -0.5683013200759888,
      "furthest": -1.2083854675292969
    },
    "1": {
      "closest": 0.11521894484758377,
      "centroid": 0.6222729682922363,
      "furthest": 1.1983740329742432
    }
  },
  "22": {
    "0": {
      "closest": -0.17490877211093903,
      "centroid": -0.6274133324623108,
      "furthest": -1.3176666498184204
    },
    "1": {
      "closest": 0.12982401251792908,
      "centroid": 0.6891778707504272,
      "furthest": 1.3432379961013794
    }
  },
  "23": {
    "0": {
      "closest": -0.18282310664653778,
      "centroid": -0.7030715942382812,
      "furthest": -1.4483838081359863
    },
    "1": {
      "closest": 0.14874018728733063,
      "centroid": 0.7852914333343506,
      "furthest": 1.5669535398483276
    }
  },
  "24": {
    "0": {
      "closest": -0.18468309938907623,
      "centroid": -0.7511432766914368,
      "furthest": -1.5233570337295532
    },
    "1": {
      "closest": 0.16723380982875824,
      "centroid": 0.8386473655700684,
      "furthest": 1.6842974424362183
    }
  },
  "25": {
    "0": {
      "closest": -0.2559761703014374,
      "centroid": -0.8783271908760071,
      "furthest": -1.8291841745376587
    },
    "1": {
      "closest": 0.2659419775009155,
      "centroid": 0.9678388237953186,
      "furthest": 1.9678224325180054
    }
  },
  "26": {
    "0": {
      "closest": -0.25493550300598145,
      "centroid": -0.9499008059501648,
      "furthest": -1.9624269008636475
    },
    "1": {
      "closest": 0.27590233087539673,
      "centroid": 1.057641863822937,
      "furthest": 2.1486449241638184
    }
  },
  "27": {
    "0": {
      "closest": -0.22655032575130463,
      "centroid": -0.9778595566749573,
      "furthest": -2.014061450958252
    },
    "1": {
      "closest": 0.23739205300807953,
      "centroid": 1.0866955518722534,
      "furthest": 2.1862003803253174
    }
  },
  "28": {
    "0": {
      "closest": -0.3011937141418457,
      "centroid": -1.1304936408996582,
      "furthest": -2.263700485229492
    },