{
  "0": {
    "0": {
      "closest": -0.0028596571646630764,
      "centroid": -0.018700318410992622,
      "furthest": -0.05687480792403221
    },
    "1": {
      "closest": 0.002352714305743575,
      "centroid": 0.01919151283800602,
      "furthest": 0.05315020680427551
    }
  },
  "1": {
    "0": {
      "closest": -0.006980523932725191,
      "centroid": -0.029083743691444397,
      "furthest": -0.07973098009824753
    },
    "1": {
      "closest": 0.006205608602613211,
      "centroid": 0.030166849493980408,
      "furthest": 0.07539860159158707
    }
  },
  "2": {
    "0": {
      "closest": -0.011803433299064636,
      "centroid": -0.046257100999355316,
      "furthest": -0.1178441196680069
    },
    "1": {
      "closest": 0.006119051016867161,
      "centroid": 0.04960660636425018,
      "furthest": 0.1096937507390976
    }
  },
  "3": {
    "0": {
      "closest": -0.019404346123337746,
      "centroid": -0.07449426501989365,
      "furthest": -0.16230744123458862
    },
    "1": {
      "closest": 0.014434544369578362,
      "centroid": 0.08096776902675629,
      "furthest": 0.17271184921264648
    }
  },
  "4": {
    "0": {
      "closest": -0.004188092425465584,
      "centroid": -0.07254479825496674,
      "furthest": -0.171236053109169
    },
    "1": {
      "closest": -0.0016944166272878647,
      "centroid": 0.08337895572185516,
      "furthest": 0.18397150933742523
    }
  },
  "5": {
    "0": {
      "closest": -0.04391590878367424,
      "centroid": -0.1485658884048462,
      "furthest": -0.3367890417575836
    },
    "1": {
      "closest": 0.03478873521089554,
      "centroid": 0.1552557498216629,
      "furthest": 0.2975630462169647
    }
  },
  "6": {
    "0": {
      "closest": -0.05106401443481445,
      "centroid": -0.18243232369422913,
      "furthest": -0.40994492173194885
    },
    "1": {
      "closest": 0.04403698816895485,
      "centroid": 0.19003567099571228,
      "furthest": 0.3762209415435791
    }
  },
  "7": {
    "0": {
      "closest": -0.007016782648861408,
      "centroid": -0.1520390659570694,
      "furthest": -0.31236809492111206
    },
    "1": {
      "closest": -0.006981260143220425,
      "centroid": 0.1636042594909668,
      "furthest": 0.3309311270713806
    }
  },
  "8": {
    "0": {
      "closest": -0.07660697400569916,
      "centroid": -0.251590758562088,
      "furthest": -0.5157126784324646
    },
    "1": {
      "closest": 0.05857688933610916,
      "centroid": 0.2635522186756134,
      "furthest": 0.5283833742141724
    }
  },
  "9": {
    "0": {
      "closest": -0.08156339824199677,
      "centroid": -0.27766382694244385,
      "furthest": -0.5677187442779541
    },
    "1": {
      "closest": 0.06282936036586761,
      "centroid": 0.28044041991233826,
      "furthest": 0.5472310781478882
    }
  },
  "10": {
    "0": {
      "closest": -0.026332568377256393,
      "centroid": -0.1961948722600937,
      "furthest": -0.4042404890060425
    },
    "1": {
      "closest": 0.006064562126994133,
      "centroid": 0.2031087875366211,
      "furthest": 0.40456682443618774
    }
  },
  "11": {
    "0": {
      "closest": -0.08469618856906891,
      "centroid": -0.3056563138961792,
      "furthest": -0.6271510124206543
    },
    "1": {
      "closest": 0.06828798353672028,
      "centroid": 0.30161207914352417,
      "furthest": 0.5910392999649048
    }
  },
  "12": {
    "0": {
      "closest": -0.09170444309711456,
      "centroid": -0.3752671182155609,
      "furthest": -0.8055263757705688
    },
    "1": {
      "closest": 0.09207669645547867,
      "centroid": 0.3620855212211609,
      "furthest": 0.7164506912231445
    }
  },
  "13": {
    "0": {
      "closest": -0.09355795383453369,
      "centroid": -0.38331368565559387,
      "furthest": -0.8194761276245117
    },
    "1": {
      "closest": 0.0972820371389389,
      "centroid": 0.3746098279953003,
      "furthest": 0.7619292140007019
    }
  },
  "14": {
    "0": {
      "closest": -0.09790604561567307,
      "centroid": -0.39300116896629333,
      "furthest": -0.7815605998039246
    },
    "1": {
      "closest": 0.0944136455655098,
      "centroid": 0.38895195722579956,
      "furthest": 0.7634938955307007
    }
  },
  "15": {
    "0": {
      "closest": -0.11890675127506256,
      "centroid": -0.4270787537097931,
      "furthest": -0.8751829862594604
    },
    "1": {
      "closest": 0.10485080629587173,
      "centroid": 0.4337170124053955,
      "furthest": 0.8338972926139832
    }
  },
  "16": {
    "0": {
      "closest": -0.13090884685516357,
      "centroid": -0.4443306624889374,
      "furthest": -0.9468183517456055
    },
    "1": {
      "closest": 0.12158690392971039,
      "centroid": 0.4479596018791199,
      "furthest": 0.8386974334716797
    }
  },
  "17": {
    "0": {
      "closest": -0.08406698703765869,
      "centroid": -0.3711766004562378,
      "furthest": -0.80780029296875
    },
    "1": {
      "closest": 0.06173480674624443,
      "centroid": 0.39538028836250305,
      "furthest": 0.7713937759399414
    }
  },
  "18": {
    "0": {
      "closest": -0.15765905380249023,
      "centroid": -0.5191060304641724,
      "furthest": -1.12767493724823
    },
    "1": {
      "closest": 0.14883723855018616,
      "centroid": 0.5282785892486572,
      "furthest": 1.0108318328857422
    }
  },
  "19": {
    "0": {
      "closest": -0.10242427885532379,
      "centroid": -0.47538214921951294,
      "furthest": -1.0111943483352661
    },
    "1": {
      "closest": 0.08505904674530029,
      "centroid": 0.4978051781654358,
      "furthest": 0.9568451642990112
    }
  },
  "20": {
    "0": {
      "closest": -0.13272503018379211,
      "centroid": -0.5010320544242859,
      "furthest": -1.0455408096313477
    },
    "1": {
      "closest": 0.10094378888607025,
      "centroid": 0.5315390229225159,
      "furthest": 0.9583540558815002
    }
  },
  "21": {
    "0": {
      "closest": -0.15544995665550232,
      "centroid": -0.5679354667663574,
      "furthest": -1.2078860998153687
    },
    "1": {
      "closest": 0.11476893723011017,
      "centroid": 0.6218278408050537,
      "furthest": 1.1980171203613281
    }
  },
  "22": {
    "0": {
      "closest": -0.1748935729265213,
      "centroid": -0.6273048520088196,
      "furthest": -1.317853331565857
    },
    "1": {
      "closest": 0.12961110472679138,
      "centroid": 0.6890394687652588,
      "furthest": 1.342226505279541
    }
  },
  "23": {
    "0": {
      "closest": -0.1827416718006134,
      "centroid": -0.7005369067192078,
      "furthest": -1.4443957805633545
    },
    "1": {
      "closest": 0.14801518619060516,
      "centroid": 0.7822889685630798,
      "furthest": 1.5609232187271118
    }
  },
  "24": {
    "0": {
      "closest": -0.18484383821487427,
      "centroid": -0.7512316703796387,
      "furthest": -1.5238995552062988
    },
    "1": {
      "closest": 0.16750428080558777,
      "centroid": 0.8389412760734558,
      "furthest": 1.6840920448303223
    }
  },
  "25": {
    "0": {
      "closest": -0.25689977407455444,
      "centroid": -0.8773266673088074,
      "furthest": -1.8268107175827026
    },
    "1": {
      "closest": 0.26711148023605347,
      "centroid": 0.9668011665344238,
      "furthest": 1.9664440155029297
    }
  },
  "26": {
    "0": {
      "closest": -0.2550584077835083,
      "centroid": -0.9498072266578674,
      "furthest": -1.9622796773910522
    },
    "1": {
      "closest": 0.27599984407424927,
      "centroid": 1.0575251579284668,
      "furthest": 2.148732900619507
    }
  },
  "27": {
    "0": {
      "closest": -0.22663596272468567,
      "centroid": -0.9781338572502136,
      "furthest": -2.0146939754486084
    },
    "1": {
      "closest": 0.23727941513061523,
      "centroid": 1.0867902040481567,
      "furthest": 2.186879873275757
    }
  },
  "28": {
    "0": {
      "closest": -0.30090785026550293,
      "centroid": -1.1306178569793701,
      "furthest": -2.264111042022705
    },