{
  "0": {
    "0": {
      "closest": 0.000527586555108428,
      "centroid": -0.05373609811067581,
      "furthest": -0.21906991302967072
    },
    "1": {
      "closest": -0.00016337260603904724,
      "centroid": 0.05373609438538551,
      "furthest": 0.1308070719242096
    }
  },
  "1": {
    "0": {
      "closest": -0.00018789246678352356,
      "centroid": -0.09467003494501114,
      "furthest": -0.32123732566833496
    },
    "1": {
      "closest": 0.0008836723864078522,
      "centroid": 0.09467004239559174,
      "furthest": 0.23074617981910706
    }
  },
  "2": {
    "0": {
      "closest": 0.00026627350598573685,
      "centroid": -0.154491126537323,
      "furthest": -0.477945476770401
    },
    "1": {
      "closest": -0.0013008080422878265,
      "centroid": 0.154491126537323,
      "furthest": 0.38506707549095154
    }
  },
  "3": {
    "0": {
      "closest": -0.0008326112292706966,
      "centroid": -0.26209479570388794,
      "furthest": -0.7836164236068726
    },
    "1": {
      "closest": 0.00753029203042388,
      "centroid": 0.26209473609924316,
      "furthest": 0.5425790548324585
    }
  },
  "4": {
    "0": {
      "closest": -0.00016707740724086761,
      "centroid": -0.3539179861545563,
      "furthest": -1.0467755794525146
    },
    "1": {
      "closest": 0.0011622672900557518,
      "centroid": 0.3539179563522339,
      "furthest": 0.7324561476707458
    }
  },
  "5": {
    "0": {
      "closest": -0.00059512909501791,
      "centroid": -0.42856505513191223,
      "furthest": -1.2517924308776855
    },
    "1": {
      "closest": -0.00676950067281723,
      "centroid": 0.42856505513191223,
      "furthest": 0.8646605014801025
    }
  },
  "6": {
    "0": {
      "closest": -0.00023428257554769516,
      "centroid": -0.5286097526550293,
      "furthest": -1.5482832193374634
    },
    "1": {
      "closest": -0.0028551071882247925,
      "centroid": 0.5286097526550293,
      "furthest": 1.0179640054702759
    }
  },
  "7": {
    "0": {
      "closest": -0.004534380976110697,
      "centroid": -0.6153925657272339,
      "furthest": -1.8229916095733643
    },
    "1": {
      "closest": 0.017443649470806122,
      "centroid": 0.6153926253318787,
      "furthest": 1.1836576461791992
    }
  },
  "8": {
    "0": {
      "closest": -0.003956230357289314,
      "centroid": -0.6278265118598938,
      "furthest": -1.9247945547103882
    },
    "1": {
      "closest": 0.0017848983407020569,
      "centroid": 0.627826452255249,
      "furthest": 1.2148773670196533
    }
  },
  "9": {
    "0": {
      "closest": 0.009769700467586517,
      "centroid": -0.6805425882339478,
      "furthest": -2.138153076171875
    },
    "1": {
      "closest": 0.0011433959007263184,
      "centroid": 0.6805425882339478,
      "furthest": 1.3223876953125
    }
  },
  "10": {
    "0": {
      "closest": -0.0004564151167869568,
      "centroid": -0.7154778242111206,
      "furthest": -2.15457820892334
    },
    "1": {
      "closest": 0.020733823999762535,
      "centroid": 0.7154778242111206,
      "furthest": 1.3794585466384888
    }
  },
  "11": {
    "0": {
      "closest": -0.0020664148032665253,
      "centroid": -0.7614502906799316,
      "furthest": -2.267503261566162
    },
    "1": {
      "closest": 0.01024046540260315,
      "centroid": 0.7614502906799316,
      "furthest": 1.499983310699463
    }
  },
  "12": {
    "0": {
      "closest": 8.668191730976105e-05,
      "centroid": -0.8724523782730103,
      "furthest": -2.5436859130859375
    },
    "1": {
      "closest": -0.04065490886569023,
      "centroid": 0.8724523782730103,
      "furthest": 1.6154077053070068
    }
  },
  "13": {
    "0": {
      "closest": -0.0033919289708137512,
      "centroid": -0.922038197517395,
      "furthest": -2.561509609222412
    },
    "1": {
      "closest": -0.001255083829164505,
      "centroid": 0.922038197517395,
      "furthest": 1.818469524383545
    }
  },
  "14": {
    "0": {
      "closest": -0.0023394525051116943,
      "centroid": -0.9507551193237305,
      "furthest": -2.5462794303894043
    },
    "1": {
      "closest": -0.00037260912358760834,
      "centroid": 0.9507551193237305,
      "furthest": 1.8989861011505127
    }
  },
  "15": {
    "0": {
      "closest": -0.004032056778669357,
      "centroid": -1.1076091527938843,
      "furthest": -2.976842164993286
    },
    "1": {
      "closest": 0.019405782222747803,
      "centroid": 1.1076091527938843,
      "furthest": 2.205575466156006
    }
  },
  "16": {
    "0": {
      "closest": -0.022590529173612595,
      "centroid": -1.1790776252746582,
      "furthest": -3.251249313354492
    },
    "1": {
      "closest": -0.00605793297290802,
      "centroid": 1.1790776252746582,
      "furthest": 2.3863697052001953
    }
  },
  "17": {
    "0": {
      "closest": -0.009152712300419807,
      "centroid": -1.3484711647033691,
      "furthest": -3.6348190307617188
    },
    "1": {
      "closest": -0.017209216952323914,
      "centroid": 1.3484711647033691,
      "furthest": 2.8071627616882324
    }
  },
  "18": {
    "0": {
      "closest": 0.00021974556148052216,
      "centroid": -1.4416617155075073,
      "furthest": -3.9195022583007812
    },
    "1": {
      "closest": -0.025384917855262756,
      "centroid": 1.4416617155075073,
      "furthest": 2.948848009109497
    }
  },
  "19": {
    "0": {
      "closest": -0.006590217351913452,
      "centroid": -1.5477622747421265,
      "furthest": -4.140385627746582
    },
    "1": {
      "closest": -0.012474492192268372,
      "centroid": 1.547762393951416,
      "furthest": 3.194340705871582
    }
  },
  "20": {
    "0": {
      "closest": -0.006452985107898712,
      "centroid": -1.684114694595337,
      "furthest": -4.436017990112305
    },
    "1": {
      "closest": -0.05360598862171173,
      "centroid": 1.684114694595337,
      "furthest": 3.514397621154785
    }
  },
  "21": {
    "0": {
      "closest": 0.00037031061947345734,
      "centroid": -1.883116602897644,
      "furthest": -4.874751091003418
    },
    "1": {
      "closest": 0.03033815324306488,
      "centroid": 1.8831167221069336,
      "furthest": 3.9406580924987793
    }
  },
  "22": {
    "0": {
      "closest": -0.003583040088415146,
      "centroid": -2.007225751876831,
      "furthest": -5.201825141906738
    },
    "1": {
      "closest": 0.0004447326064109802,
      "centroid": 2.007225513458252,
      "furthest": 4.249017715454102
    }
  },
  "23": {
    "0": {
      "closest": 0.02763773873448372,
      "centroid": -2.1484737396240234,
      "furthest": -5.5289530754089355
    },
    "1": {
      "closest": 0.0021952390670776367,
      "centroid": 2.1484737396240234,
      "furthest": 4.541499137878418
    }
  },
  "24": {
    "0": {
      "closest": -0.008470267057418823,
      "centroid": -2.262458086013794,
      "furthest": -5.851036071777344
    },
    "1": {
      "closest": -0.019729267805814743,
      "centroid": 2.262458086013794,
      "furthest": 4.801823616027832
    }
  },
  "25": {
    "0": {
      "closest": -0.025061648339033127,
      "centroid": -2.468869686126709,
      "furthest": -6.228881359100342
    },
    "1": {
      "closest": -0.0025995075702667236,
      "centroid": 2.468869686126709,
      "furthest": 5.342582702636719
    }
  },
  "26": {
    "0": {
      "closest": 0.010490331798791885,
      "centroid": -2.5921456813812256,
      "furthest": -6.521594524383545
    },
    "1": {
      "closest": -0.04000907763838768,
      "centroid": 2.5921456813812256,
      "furthest": 5.612539291381836
    }
  },
  "27": {
    "0": {
      "closest": 0.00853952020406723,
      "centroid": -2.720391035079956,
      "furthest": -6.871727466583252
    },
    "1": {
      "closest": -0.02253386378288269,
      "centroid": 2.720391035079956,
      "furthest": 5.872393608093262
    }
  },
  "28": {
    "0": {
      "closest": 0.017408236861228943,
      "centroid": -2.9150660037994385,
      "furthest": -7.285623550415039
    },