{
  "0": {
    "0": {
      "closest": -0.04671012610197067,
      "centroid": -0.04958915710449219,
      "furthest": -0.05256950110197067
    },
    "1": {
      "closest": 0.04679573327302933,
      "centroid": 0.049610670655965805,
      "furthest": 0.05192268639802933
    }
  },
  "1": {
    "0": {
      "closest": -0.05802452191710472,
      "centroid": -0.06286217272281647,
      "furthest": -0.06632530689239502
    },
    "1": {
      "closest": 0.05940711870789528,
      "centroid": 0.06288062781095505,
      "furthest": 0.06795203685760498
    }
  },
  "2": {
    "0": {
      "closest": -0.0832437127828598,
      "centroid": -0.09127838164567947,
      "furthest": -0.1032632440328598
    },
    "1": {
      "closest": 0.0847250372171402,
      "centroid": 0.0912545770406723,
      "furthest": 0.1018148809671402
    }
  },
  "3": {
    "0": {
      "closest": -0.09402107447385788,
      "centroid": -0.10103767365217209,
      "furthest": -0.10818123072385788
    },
    "1": {
      "closest": 0.08859611302614212,
      "centroid": 0.10104484856128693,
      "furthest": 0.10861564427614212
    }
  },
  "4": {
    "0": {
      "closest": -0.16931037604808807,
      "centroid": -0.18435578048229218,
      "furthest": -0.2018502652645111
    },
    "1": {
      "closest": 0.17086191475391388,
      "centroid": 0.18434979021549225,
      "furthest": 0.2000282257795334
    }
  },
  "5": {
    "0": {
      "closest": -0.13551752269268036,
      "centroid": -0.15410704910755157,
      "furthest": -0.17260827124118805
    },
    "1": {
      "closest": 0.13190944492816925,
      "centroid": 0.15427134931087494,
      "furthest": 0.17877031862735748
    }
  },
  "6": {
    "0": {
      "closest": -0.1419544517993927,
      "centroid": -0.1542835384607315,
      "furthest": -0.1688099205493927
    },
    "1": {
      "closest": 0.1353892982006073,
      "centroid": 0.15429311990737915,
      "furthest": 0.1685924232006073
    }
  },
  "7": {
    "0": {
      "closest": -0.15748117864131927,
      "centroid": -0.17291207611560822,
      "furthest": -0.18726633489131927
    },
    "1": {
      "closest": 0.15746022760868073,
      "centroid": 0.1729680448770523,
      "furthest": 0.18578054010868073
    }
  },
  "8": {
    "0": {
      "closest": -0.16460642218589783,
      "centroid": -0.18348094820976257,
      "furthest": -0.19976267218589783
    },
    "1": {
      "closest": 0.16742482781410217,
      "centroid": 0.1834404319524765,
      "furthest": 0.19574514031410217
    }
  },
  "9": {
    "0": {
      "closest": -0.1762935221195221,
      "centroid": -0.19764117896556854,
      "furthest": -0.2163325846195221
    },
    "1": {
      "closest": 0.1781986653804779,
      "centroid": 0.1975809931755066,
      "furthest": 0.2153080403804779
    }
  },
  "10": {
    "0": {
      "closest": -0.18266421556472778,
      "centroid": -0.2097589075565338,
      "furthest": -0.23442202806472778
    },
    "1": {
      "closest": 0.18549984693527222,
      "centroid": 0.20963074266910553,
      "furthest": 0.23042172193527222
    }
  },
  "11": {
    "0": {
      "closest": -0.2524847388267517,
      "centroid": -0.3225904703140259,
      "furthest": -0.3771361708641052
    },
    "1": {
      "closest": 0.2721226215362549,
      "centroid": 0.3214176297187805,
      "furthest": 0.38863271474838257
    }
  },
  "12": {
    "0": {
      "closest": -0.20678013563156128,
      "centroid": -0.3470923602581024,
      "furthest": -0.4615785479545593
    },
    "1": {
      "closest": 0.2812652587890625,
      "centroid": 0.33816519379615784,
      "furthest": 0.42039376497268677
    }
  },
  "13": {
    "0": {
      "closest": -0.15077123045921326,
      "centroid": -0.2441139966249466,
      "furthest": -0.3479436933994293
    },
    "1": {
      "closest": 0.16862618923187256,
      "centroid": 0.23951391875743866,
      "furthest": 0.3110821545124054
    }
  },
  "14": {
    "0": {
      "closest": -0.13355652987957,
      "centroid": -0.25787389278411865,
      "furthest": -0.3891980051994324
    },
    "1": {
      "closest": 0.0528646856546402,
      "centroid": 0.27801749110221863,
      "furthest": 0.4498729705810547
    }
  },
  "15": {
    "0": {
      "closest": -0.161074697971344,
      "centroid": -0.44037386775016785,
      "furthest": -0.6782070398330688
    },
    "1": {
      "closest": 0.029732227325439453,
      "centroid": 0.4916266202926636,
      "furthest": 0.8760344982147217
    }
  },
  "16": {
    "0": {
      "closest": -0.24029541015625,
      "centroid": -0.45263412594795227,
      "furthest": -0.6209063529968262
    },
    "1": {
      "closest": 0.029415369033813477,
      "centroid": 0.5295087695121765,
      "furthest": 0.9366176128387451
    }
  },
  "17": {
    "0": {
      "closest": -0.17516344785690308,
      "centroid": -0.48297950625419617,
      "furthest": -0.6613806486129761
    },
    "1": {
      "closest": 0.08656620979309082,
      "centroid": 0.5961123108863831,
      "furthest": 1.1220571994781494
    }
  },
  "18": {
    "0": {
      "closest": -0.365090936422348,
      "centroid": -0.4840126037597656,
      "furthest": -0.5718291997909546
    },
    "1": {
      "closest": 0.23642103374004364,
      "centroid": 0.5315201282501221,
      "furthest": 0.8139910697937012
    }
  },
  "19": {
    "0": {
      "closest": -0.4489632546901703,
      "centroid": -0.6111360788345337,
      "furthest": -0.7175899744033813
    },
    "1": {
      "closest": 0.24873670935630798,
      "centroid": 0.6852866411209106,
      "furthest": 1.0728379487991333
    }
  },
  "20": {
    "0": {
      "closest": -0.5198872089385986,
      "centroid": -0.6935546398162842,
      "furthest": -0.7959058880805969
    },
    "1": {
      "closest": 0.2830948829650879,
      "centroid": 0.7795694470405579,
      "furthest": 1.215665340423584
    }
  },
  "21": {
    "0": {
      "closest": -0.20065772533416748,
      "centroid": -0.8251895904541016,
      "furthest": -1.100568413734436
    },
    "1": {
      "closest": 0.12132382392883301,
      "centroid": 1.0300711393356323,
      "furthest": 1.8825809955596924
    }
  },
  "22": {
    "0": {
      "closest": -0.5475857853889465,
      "centroid": -0.9531058669090271,
      "furthest": -1.1465928554534912
    },
    "1": {
      "closest": 0.3289201855659485,
      "centroid": 1.105408787727356,
      "furthest": 1.8578639030456543
    }
  },
  "23": {
    "0": {
      "closest": -0.6765899658203125,
      "centroid": -0.9123165607452393,
      "furthest": -1.0304967164993286
    },
    "1": {
      "closest": 0.30755823850631714,
      "centroid": 1.0707042217254639,
      "furthest": 1.7197123765945435
    }
  },
  "24": {
    "0": {
      "closest": -0.6628223657608032,
      "centroid": -0.8847901821136475,
      "furthest": -1.0329838991165161
    },
    "1": {
      "closest": 0.24954313039779663,
      "centroid": 1.075677752494812,
      "furthest": 1.7760543823242188
    }
  },
  "25": {
    "0": {
      "closest": -0.35822445154190063,
      "centroid": -0.6268125772476196,
      "furthest": -0.7961814999580383
    },
    "1": {
      "closest": 0.15843886137008667,
      "centroid": 0.6307296752929688,
      "furthest": 1.1760473251342773
    }
  },
  "26": {
    "0": {
      "closest": -0.44341927766799927,
      "centroid": -0.6615682244300842,
      "furthest": -0.8238443732261658
    },
    "1": {
      "closest": 0.17236334085464478,
      "centroid": 0.6636145114898682,
      "furthest": 1.114802360534668
    }
  },
  "27": {
    "0": {
      "closest": -0.42996490001678467,
      "centroid": -0.6440775990486145,
      "furthest": -0.8081669807434082
    },
    "1": {
      "closest": 0.26152586936950684,
      "centroid": 0.6483622789382935,
      "furthest": 1.1035710573196411
    }
  },
  "28": {
    "0": {
      "closest": -0.3531888723373413,
      "centroid": -0.5624533891677856,
      "furthest": -0.705682635307312
    },