{
  "0": {
    "0": {
      "closest": -0.6014710664749146,
      "centroid": -0.6127234101295471,
      "furthest": -0.6240189075469971
    },
    "1": {
      "closest": 0.5930439233779907,
      "centroid": 0.6127234101295471,
      "furthest": 0.6257409453392029
    }
  },
  "1": {
    "0": {
      "closest": -0.730841875076294,
      "centroid": -0.7462092638015747,
      "furthest": -0.761009693145752
    },
    "1": {
      "closest": 0.7291679978370667,
      "centroid": 0.7462092041969299,
      "furthest": 0.7561558485031128
    }
  },
  "2": {
    "0": {
      "closest": -0.9470645189285278,
      "centroid": -0.9778032302856445,
      "furthest": -1.0044068098068237
    },
    "1": {
      "closest": 0.9590365886688232,
      "centroid": 0.9778032302856445,
      "furthest": 0.997509241104126
    }
  },
  "3": {
    "0": {
      "closest": -1.0714993476867676,
      "centroid": -1.1358428001403809,
      "furthest": -1.1680147647857666
    },
    "1": {
      "closest": 1.1097670793533325,
      "centroid": 1.1358428001403809,
      "furthest": 1.1664592027664185
    }
  },
  "4": {
    "0": {
      "closest": -1.3042876720428467,
      "centroid": -1.3857944011688232,
      "furthest": -1.4403951168060303
    },
    "1": {
      "closest": 1.2994329929351807,
      "centroid": 1.3857945203781128,
      "furthest": 1.4521483182907104
    }
  },
  "5": {
    "0": {
      "closest": -1.4566729068756104,
      "centroid": -1.623077392578125,
      "furthest": -1.7189974784851074
    },
    "1": {
      "closest": 1.4867135286331177,
      "centroid": 1.623077392578125,
      "furthest": 1.770545482635498
    }
  },
  "6": {
    "0": {
      "closest": -1.505379319190979,
      "centroid": -1.7579047679901123,
      "furthest": -1.9055252075195312
    },
    "1": {
      "closest": 1.600712537765503,
      "centroid": 1.7579047679901123,
      "furthest": 1.8649981021881104
    }
  },
  "7": {
    "0": {
      "closest": -1.73492431640625,
      "centroid": -2.092538595199585,
      "furthest": -2.2704296112060547
    },
    "1": {
      "closest": 1.8896340131759644,
      "centroid": 2.092538595199585,
      "furthest": 2.193909168243408
    }
  },
  "8": {
    "0": {
      "closest": -1.6611084938049316,
      "centroid": -2.1295294761657715,
      "furthest": -2.308320999145508
    },
    "1": {
      "closest": 1.8816815614700317,
      "centroid": 2.1295292377471924,
      "furthest": 2.261080026626587
    }
  },
  "9": {
    "0": {
      "closest": -1.8530482053756714,
      "centroid": -2.4117560386657715,
      "furthest": -2.6732070446014404
    },
    "1": {
      "closest": 2.0645899772644043,
      "centroid": 2.4117560386657715,
      "furthest": 2.564608573913574
    }
  },
  "10": {
    "0": {
      "closest": -2.0565781593322754,
      "centroid": -2.6490044593811035,
      "furthest": -2.8900835514068604
    },
    "1": {
      "closest": 2.275266170501709,
      "centroid": 2.6490044593811035,
      "furthest": 2.79628586769104
    }
  },
  "11": {
    "0": {
      "closest": -2.1741549968719482,
      "centroid": -2.6899375915527344,
      "furthest": -2.9470176696777344
    },
    "1": {
      "closest": 2.2594852447509766,
      "centroid": 2.6899378299713135,
      "furthest": 2.8780643939971924
    }
  },
  "12": {
    "0": {
      "closest": -2.1677286624908447,
      "centroid": -2.84252667427063,
      "furthest": -3.1711368560791016
    },
    "1": {
      "closest": 2.2267024517059326,
      "centroid": 2.842526435852051,
      "furthest": 3.0905795097351074
    }
  },
  "13": {
    "0": {
      "closest": -2.2275047302246094,
      "centroid": -2.9827587604522705,
      "furthest": -3.3069210052490234
    },
    "1": {
      "closest": 2.207469940185547,
      "centroid": 2.9827582836151123,
      "furthest": 3.3493411540985107
    }
  },
  "14": {
    "0": {
      "closest": -2.5495758056640625,
      "centroid": -3.207707405090332,
      "furthest": -3.591538906097412
    },
    "1": {
      "closest": 2.013212203979492,
      "centroid": 3.207707405090332,
      "furthest": 3.813647985458374
    }
  },
  "15": {
    "0": {
      "closest": -2.8969497680664062,
      "centroid": -3.5702099800109863,
      "furthest": -3.956768035888672
    },
    "1": {
      "closest": 1.7023882865905762,
      "centroid": 3.5702099800109863,
      "furthest": 4.401970386505127
    }
  },
  "16": {
    "0": {
      "closest": -3.234025239944458,
      "centroid": -3.9498178958892822,
      "furthest": -4.580375671386719
    },
    "1": {
      "closest": 1.840954065322876,
      "centroid": 3.949817657470703,
      "furthest": 4.879187107086182
    }
  },
  "17": {
    "0": {
      "closest": -3.5735225677490234,
      "centroid": -4.329888343811035,
      "furthest": -5.134948253631592
    },
    "1": {
      "closest": 1.8991813659667969,
      "centroid": 4.329888820648193,
      "furthest": 5.309218883514404
    }
  },
  "18": {
    "0": {
      "closest": -3.7579784393310547,
      "centroid": -4.6100850105285645,
      "furthest": -5.344396591186523
    },
    "1": {
      "closest": 1.835808515548706,
      "centroid": 4.6100850105285645,
      "furthest": 5.5741071701049805
    }
  },
  "19": {
    "0": {
      "closest": -4.280059337615967,
      "centroid": -5.0694403648376465,
      "furthest": -5.686610221862793
    },
    "1": {
      "closest": 2.257843017578125,
      "centroid": 5.0694403648376465,
      "furthest": 6.106375694274902
    }
  },
  "20": {
    "0": {
      "closest": -4.626003742218018,
      "centroid": -5.492408275604248,
      "furthest": -6.175415515899658
    },
    "1": {
      "closest": 2.2866392135620117,
      "centroid": 5.492408275604248,
      "furthest": 6.748044013977051
    }
  },
  "21": {
    "0": {
      "closest": -5.071140766143799,
      "centroid": -6.075968265533447,
      "furthest": -6.820054531097412
    },
    "1": {
      "closest": 2.3960533142089844,
      "centroid": 6.075968265533447,
      "furthest": 7.768527030944824
    }
  },
  "22": {
    "0": {
      "closest": -5.861943244934082,
      "centroid": -6.692814350128174,
      "furthest": -7.401642322540283
    },
    "1": {
      "closest": 2.693185329437256,
      "centroid": 6.692814350128174,
      "furthest": 8.756851196289062
    }
  },
  "23": {
    "0": {
      "closest": -6.414700508117676,
      "centroid": -7.244897365570068,
      "furthest": -7.964330196380615
    },
    "1": {
      "closest": 2.7957100868225098,
      "centroid": 7.244897365570068,
      "furthest": 9.743524551391602
    }
  },
  "24": {
    "0": {
      "closest": -6.586626052856445,
      "centroid": -7.623107433319092,
      "furthest": -8.451196670532227
    },
    "1": {
      "closest": 2.6092512607574463,
      "centroid": 7.623106956481934,
      "furthest": 10.306487083435059
    }
  },
  "25": {
    "0": {
      "closest": -6.84995174407959,
      "centroid": -7.916209697723389,
      "furthest": -8.741450309753418
    },
    "1": {
      "closest": 2.7885284423828125,
      "centroid": 7.916210174560547,
      "furthest": 10.575088500976562
    }
  },
  "26": {
    "0": {
      "closest": -7.331482887268066,
      "centroid": -8.58030891418457,
      "furthest": -9.504083633422852
    },
    "1": {
      "closest": 2.887634038925171,
      "centroid": 8.580310821533203,
      "furthest": 11.588927268981934
    }
  },
  "27": {
    "0": {
      "closest": -7.785236358642578,
      "centroid": -9.247364044189453,
      "furthest": -10.355960845947266
    },
    "1": {
      "closest": 2.79351806640625,
      "centroid": 9.247364044189453,
      "furthest": 12.572175025939941
    }
  },
  "28": {
    "0": {
      "closest": -8.922733306884766,
      "centroid": -10.417271614074707,
      "furthest": -11.737695693969727
    },
    "1": {
      "closest": 3.1302895545959473,
      "centroid": 10.417271614074707,
      "furthest": 14.196901321411133
    }
  },
  "29": {
    "0": {
      "closest": -10.186450958251953,