{
  "0": {
    "0": {
      "closest": -0.00018747946181624925,
      "centroid": -0.04200076550081068,
      "furthest": -0.12349666091252878
    },
    "1": {
      "closest": 0.00028260705923077376,
      "centroid": 0.029974857023854638,
      "furthest": 0.08280440829392668
    }
  },
  "1": {
    "0": {
      "closest": 0.000738795349055641,
      "centroid": -0.05235836739038966,
      "furthest": -0.14333900032739857
    },
    "1": {
      "closest": -0.0017585829590123104,
      "centroid": 0.036241887030077045,
      "furthest": 0.09097209528788393
    }
  },
  "2": {
    "0": {
      "closest": 0.0007829831544505506,
      "centroid": -0.10860384099855178,
      "furthest": -0.28341286328044446
    },
    "1": {
      "closest": 0.0013189498395731383,
      "centroid": 0.08773838159205889,
      "furthest": 0.2238847786325948
    }
  },
  "3": {
    "0": {
      "closest": 0.0010532238742864582,
      "centroid": -0.18696150479154391,
      "furthest": -0.4352886940604957
    },
    "1": {
      "closest": -0.009262586610039156,
      "centroid": 0.1639004184044216,
      "furthest": 0.4004471889347376
    }
  },
  "4": {
    "0": {
      "closest": -0.0003246464335787333,
      "centroid": -0.2574618100186726,
      "furthest": -0.5833908118835077
    },
    "1": {
      "closest": 0.007363739960110808,
      "centroid": 0.22050217747971587,
      "furthest": 0.513065465117309
    }
  },
  "5": {
    "0": {
      "closest": -0.003716164055454385,
      "centroid": -0.31586552457984607,
      "furthest": -0.7503856337171272
    },
    "1": {
      "closest": -0.002501483062681423,
      "centroid": 0.23200493061596514,
      "furthest": 0.5330040463723827
    }
  },
  "6": {
    "0": {
      "closest": -0.0029398440215477467,
      "centroid": -0.3894658073161692,
      "furthest": -0.8384565489888157
    },
    "1": {
      "closest": 0.042547337741723104,
      "centroid": 0.33767331071060963,
      "furthest": 0.7134094262906011
    }
  },
  "7": {
    "0": {
      "closest": -0.0013890233600413887,
      "centroid": -0.53501678339147,
      "furthest": -1.1861944726619993
    },
    "1": {
      "closest": -0.0052344226004485545,
      "centroid": 0.4468425370056798,
      "furthest": 0.9487330824439135
    }
  },
  "8": {
    "0": {
      "closest": 0.00025465659231646565,
      "centroid": -0.5472822529280985,
      "furthest": -1.149754645534676
    },
    "1": {
      "closest": -0.01080580128520571,
      "centroid": 0.5141963070450659,
      "furthest": 0.9776149430575845
    }
  },
  "9": {
    "0": {
      "closest": -0.016212848530681726,
      "centroid": -0.5278735321807635,
      "furthest": -1.1029704250073666
    },
    "1": {
      "closest": -0.028729554603808497,
      "centroid": 0.48380375536347686,
      "furthest": 0.9384850586706303
    }
  },
  "10": {
    "0": {
      "closest": -0.005736798859527867,
      "centroid": -0.5742685060986144,
      "furthest": -1.1679364537630257
    },
    "1": {
      "closest": 0.00018511393750605953,
      "centroid": 0.5201333616973848,
      "furthest": 0.9994015156210108
    }
  },
  "11": {
    "0": {
      "closest": -0.022278230513004815,
      "centroid": -0.634127261226014,
      "furthest": -1.3320543199154193
    },
    "1": {
      "closest": -0.00032215317855801423,
      "centroid": 0.6150158338149636,
      "furthest": 1.145451518776365
    }
  },
  "12": {
    "0": {
      "closest": -0.03289864142847154,
      "centroid": -0.6531532868602145,
      "furthest": -1.3355661225444913
    },
    "1": {
      "closest": 0.02962887267231383,
      "centroid": 0.6106897728001996,
      "furthest": 1.0881173774100314
    }
  },
  "13": {
    "0": {
      "closest": 0.0389895561810803,
      "centroid": -0.7197542877161118,
      "furthest": -1.447408905967199
    },
    "1": {
      "closest": -0.000966345154003255,
      "centroid": 0.6760941720664537,
      "furthest": 1.2375760990813993
    }
  },
  "14": {
    "0": {
      "closest": 0.007250823793303666,
      "centroid": -0.7374999757793756,
      "furthest": -1.446462529393928
    },
    "1": {
      "closest": 0.005432015801953825,
      "centroid": 0.7081748230299135,
      "furthest": 1.279808045936995
    }
  },
  "15": {
    "0": {
      "closest": -0.00821862109668121,
      "centroid": -0.8127835306312451,
      "furthest": -1.6390453429734988
    },
    "1": {
      "closest": 0.02820726927786026,
      "centroid": 0.7726963984533788,
      "furthest": 1.4396231200423035
    }
  },
  "16": {
    "0": {
      "closest": -0.009855848412969718,
      "centroid": -0.7649241024979248,
      "furthest": -1.5540276064350034
    },
    "1": {
      "closest": 0.05654370513214784,
      "centroid": 0.7062094510007012,
      "furthest": 1.255490503903075
    }
  },
  "17": {
    "0": {
      "closest": 0.022486972922093354,
      "centroid": -0.849430434141093,
      "furthest": -1.8162177573214122
    },
    "1": {
      "closest": 0.07271925330207875,
      "centroid": 0.7776888270947776,
      "furthest": 1.4344813863998356
    }
  },
  "18": {
    "0": {
      "closest": -0.17461423885073127,
      "centroid": -0.8710778920892779,
      "furthest": -1.8543533399912788
    },
    "1": {
      "closest": 0.11324254071935688,
      "centroid": 0.8109273091862699,
      "furthest": 1.5034098638594664
    }
  },
  "19": {
    "0": {
      "closest": -0.022825356584342458,
      "centroid": -1.0463304840591645,
      "furthest": -2.1272924669122024
    },
    "1": {
      "closest": -0.015755310359437228,
      "centroid": 1.0268070350178358,
      "furthest": 1.9365255446664493
    }
  },
  "20": {
    "0": {
      "closest": -0.11933539951335408,
      "centroid": -0.9622316769441785,
      "furthest": -1.9867539918618191
    },
    "1": {
      "closest": 0.1451059605336966,
      "centroid": 0.918466915759976,
      "furthest": 1.6775980812593438
    }
  },
  "21": {
    "0": {
      "closest": 0.058008748720518644,
      "centroid": -1.19490354371679,
      "furthest": -2.4102710102686875
    },
    "1": {
      "closest": 0.03235867014100452,
      "centroid": 1.191982345057694,
      "furthest": 2.2755335293354655
    }
  },
  "22": {
    "0": {
      "closest": -0.06312133458741988,
      "centroid": -1.2467346148311436,
      "furthest": -2.6044581884926536
    },
    "1": {
      "closest": 0.08712873631128813,
      "centroid": 1.193468110377962,
      "furthest": 2.3185813060290354
    }
  },
  "23": {
    "0": {
      "closest": 0.016098264508663203,
      "centroid": -1.3032031109194884,
      "furthest": -2.8229994038036277
    },
    "1": {
      "closest": 0.0873669923888768,
      "centroid": 1.2348578898057303,
      "furthest": 2.3788512205334764
    }
  },
  "24": {
    "0": {
      "closest": 0.04146264883185781,
      "centroid": -1.4218922101826874,
      "furthest": -2.9882719139225324
    },
    "1": {
      "closest": -0.027650760513688075,
      "centroid": 1.4122825786024986,
      "furthest": 2.7041555042010548
    }
  },
  "25": {
    "0": {
      "closest": -0.21675606424178234,
      "centroid": -1.3504277252437245,
      "furthest": -2.852345027682357
    },
    "1": {
      "closest": 0.26934718367235183,
      "centroid": 1.3279013337410726,
      "furthest": 2.7186340457469638
    }
  },
  "26": {
    "0": {
      "closest": -0.01914265769768647,
      "centroid": -1.597184145456868,
      "furthest": -3.312115864237103
    },
    "1": {
      "closest": -0.03041205160714422,
      "centroid": 1.6068951398892029,
      "furthest": 3.0627699848365237
    }
  },
  "27": {
    "0": {
      "closest": 0.032020108924818685,
      "centroid": -1.7281205668893165,
      "furthest": -3.708161750979376
    },
    "1": {
      "closest": -0.02718623103801779,
      "centroid": 1.7194632607643685,
      "furthest": 3.298478306927061
    }
  },
  "28": {
    "0": {
      "closest": -0.027333306593747192,
      "centroid": -1.822750783988074,
      "furthest": -3.953541864281406
    },