{
  "0": {
    "acc": 0.9675,
    "precision": 0.9605911330049262,
    "recall": 0.975,
    "f1": 0.967741935483871,
    "auc": 0.9926125000000001,
    "mse": 0.029351182162144558
  },
  "1": {
    "acc": 0.9975,
    "precision": 0.9975,
    "recall": 0.9975,
    "f1": 0.9975,
    "auc": 0.99999375,
    "mse": 0.0030569702466179864
  },
  "2": {
    "acc": 0.975,
    "precision": 0.9634146341463414,
    "recall": 0.9875,
    "f1": 0.9753086419753086,
    "auc": 0.99668125,
    "mse": 0.02768649666328249
  },
  "3": {
    "acc": 0.96625,
    "precision": 0.9515738498789347,
    "recall": 0.9825,
    "f1": 0.966789667896679,
    "auc": 0.99471875,
    "mse": 0.04233150239459173
  },
  "4": {
    "acc": 0.98125,
    "precision": 0.972972972972973,
    "recall": 0.99,
    "f1": 0.9814126394052045,
    "auc": 0.99791875,
    "mse": 0.02774052981697685
  },
  "5": {
    "acc": 0.995,
    "precision": 0.9974874371859297,
    "recall": 0.9925,
    "f1": 0.9949874686716792,
    "auc": 0.9995937500000001,
    "mse": 0.005175433361763817
  },
  "6": {
    "acc": 0.98625,
    "precision": 0.980246913580247,
    "recall": 0.9925,
    "f1": 0.986335403726708,
    "auc": 0.9996125,
    "mse": 0.014100033804550893
  },
  "7": {
    "acc": 0.9875,
    "precision": 0.9875,
    "recall": 0.9875,
    "f1": 0.9875,
    "auc": 0.998675,
    "mse": 0.012384302273824938
  },
  "8": {
    "acc": 0.985,
    "precision": 0.9825870646766169,
    "recall": 0.9875,
    "f1": 0.9850374064837906,
    "auc": 0.9988125000000001,
    "mse": 0.031728690040322735
  },
  "9": {
    "acc": 0.995,
    "precision": 0.9974874371859297,
    "recall": 0.9925,
    "f1": 0.9949874686716792,
    "auc": 0.9999125,
    "mse": 0.007183847004202474
  },
  "10": {
    "acc": 0.99625,
    "precision": 0.9974937343358395,
    "recall": 0.995,
    "f1": 0.9962453066332916,
    "auc": 0.99995,
    "mse": 0.006003162353670159
  },
  "11": {
    "acc": 0.9875,
    "precision": 0.9899497487437185,
    "recall": 0.985,
    "f1": 0.9874686716791979,
    "auc": 0.99931875,
    "mse": 0.024484414356503663
  },
  "12": {
    "acc": 0.99875,
    "precision": 0.9975062344139651,
    "recall": 1.0,
    "f1": 0.9987515605493134,
    "auc": 0.99998125,
    "mse": 0.004660771954208739
  },
  "13": {
    "acc": 0.99125,
    "precision": 0.9949622166246851,
    "recall": 0.9875,
    "f1": 0.9912170639899623,
    "auc": 0.99989375,
    "mse": 0.006974613666237655
  },
  "14": {
    "acc": 0.99375,
    "precision": 0.9949874686716792,
    "recall": 0.9925,
    "f1": 0.9937421777221527,
    "auc": 0.9996875,
    "mse": 0.0191717590946074
  },
  "15": {
    "acc": 0.99375,
    "precision": 0.9949874686716792,
    "recall": 0.9925,
    "f1": 0.9937421777221527,
    "auc": 0.999675,
    "mse": 0.01740286399707162
  },
  "16": {
    "acc": 1.0,
    "precision": 1.0,
    "recall": 1.0,
    "f1": 1.0,
    "auc": 1.0,
    "mse": 0.003016125599133529
  },
  "17": {
    "acc": 0.99875,
    "precision": 0.9975062344139651,
    "recall": 1.0,
    "f1": 0.9987515605493134,
    "auc": 1.0,
    "mse": 0.0027930776075769884
  },
  "18": {
    "acc": 1.0,
    "precision": 1.0,
    "recall": 1.0,
    "f1": 1.0,
    "auc": 1.0,
    "mse": 0.00024330596282420215
  },
  "19": {
    "acc": 0.99125,
    "precision": 0.9924812030075187,
    "recall": 0.99,
    "f1": 0.9912390488110138,
    "auc": 0.99983125,
    "mse": 0.012797593156146685
  },
  "20": {
    "acc": 1.0,
    "precision": 1.0,
    "recall": 1.0,
    "f1": 1.0,
    "auc": 1.0,
    "mse": 0.0013074102921748812
  },
  "21": {
    "acc": 0.9925,
    "precision": 0.9925,
    "recall": 0.9925,
    "f1": 0.9925,
    "auc": 0.9998875,
    "mse": 0.010200984616571216
  },
  "22": {
    "acc": 0.99875,
    "precision": 0.9975062344139651,
    "recall": 1.0,
    "f1": 0.9987515605493134,
    "auc": 0.9999750000000001,
    "mse": 0.003128402860010723
  },
  "23": {
    "acc": 0.9975,
    "precision": 0.9950248756218906,
    "recall": 1.0,
    "f1": 0.9975062344139651,
    "auc": 1.0,
    "mse": 0.001976586306187974
  },
  "24": {
    "acc": 0.9925,
    "precision": 0.9925,
    "recall": 0.9925,
    "f1": 0.9925,
    "auc": 0.9999250000000001,
    "mse": 0.008107132132506807
  },
  "25": {
    "acc": 1.0,
    "precision": 1.0,
    "recall": 1.0,
    "f1": 1.0,
    "auc": 1.0,
    "mse": 0.00014168870398205316
  },
  "26": {
    "acc": 0.9975,
    "precision": 0.9975,
    "recall": 0.9975,
    "f1": 0.9975,
    "auc": 0.9999875,
    "mse": 0.006104992384135918
  },
  "27": {
    "acc": 0.99625,
    "precision": 0.9950124688279302,
    "recall": 0.9975,
    "f1": 0.9962546816479401,
    "auc": 0.999975,
    "mse": 0.00595567165865333
  },
  "28": {
    "acc": 1.0,
    "precision": 1.0,
    "recall": 1.0,
    "f1": 1.0,
    "auc": 1.0,
    "mse": 0.004643338274397705
  },
  "29": {
    "acc": 0.9975,
    "precision": 0.9950248756218906,
    "recall": 1.0,
    "f1": 0.9975062344139651,
    "auc": 0.99998125,
    "mse": 0.004409551364270737
  },
  "30": {
    "acc": 0.99875,
    "precision": 0.9975062344139651,
    "recall": 1.0,
    "f1": 0.9987515605493134,
    "auc": 1.0,
    "mse": 0.0034295699748148837
  },
  "31": {
    "acc": 1.0,
    "precision": 1.0,
    "recall": 1.0,
    "f1": 1.0,
    "auc": 1.0,
    "mse": 0.0026599303914555156
  },
  "aggregation": {
    "acc": 99.625,
    "precision": 0.9974937343358395,
    "recall": 0.995,
    "f1": 0.9962453066332916,
    "auc": 0.99998125,
    "mse": 0.007141174347474129
  }
}