{
  "0": {
    "0": {
      "closest": 8.309225389736526e-05,
      "centroid": -0.04682419285393054,
      "furthest": -0.13201660719978026
    },
    "1": {
      "closest": -0.00014240954051438067,
      "centroid": 0.04206058016363042,
      "furthest": 0.08960822332322144
    }
  },
  "1": {
    "0": {
      "closest": 0.0004911275929836631,
      "centroid": -0.06229321260397971,
      "furthest": -0.16523165579903934
    },
    "1": {
      "closest": 0.0013336028808249752,
      "centroid": 0.05278635607366106,
      "furthest": 0.11337390987137164
    }
  },
  "2": {
    "0": {
      "closest": 0.000317329523680303,
      "centroid": -0.12413011736437113,
      "furthest": -0.3133307065923707
    },
    "1": {
      "closest": 0.00358035083179263,
      "centroid": 0.11635623399180335,
      "furthest": 0.25323489083185835
    }
  },
  "3": {
    "0": {
      "closest": -0.002760129362041267,
      "centroid": -0.19425327832114014,
      "furthest": -0.47974223847477465
    },
    "1": {
      "closest": 0.0011442402725122779,
      "centroid": 0.16529874494686647,
      "furthest": 0.33505396390457143
    }
  },
  "4": {
    "0": {
      "closest": -0.015045613571922824,
      "centroid": -0.22897394892776105,
      "furthest": -0.5545158771215616
    },
    "1": {
      "closest": 0.0031394422267451427,
      "centroid": 0.19763341201918527,
      "furthest": 0.394904933036798
    }
  },
  "5": {
    "0": {
      "closest": 0.007951547729128858,
      "centroid": -0.34915449017610256,
      "furthest": -0.8853987550860214
    },
    "1": {
      "closest": 0.0007244188349350093,
      "centroid": 0.30104222250410595,
      "furthest": 0.5687787582513728
    }
  },
  "6": {
    "0": {
      "closest": -0.0019477176917303725,
      "centroid": -0.45176564763703,
      "furthest": -1.1726269213870233
    },
    "1": {
      "closest": -0.018495526417238176,
      "centroid": 0.4146569956966455,
      "furthest": 0.7844518579443702
    }
  },
  "7": {
    "0": {
      "closest": -0.005437265721394556,
      "centroid": -0.4996779583800243,
      "furthest": -1.1889109587008682
    },
    "1": {
      "closest": -0.019418709315412976,
      "centroid": 0.42606227109685263,
      "furthest": 0.7496969605033453
    }
  },
  "8": {
    "0": {
      "closest": -0.020380800905365395,
      "centroid": -0.5030464032314055,
      "furthest": -1.2051173417949452
    },
    "1": {
      "closest": 0.041744518892261086,
      "centroid": 0.37763448967135993,
      "furthest": 0.7372004854392485
    }
  },
  "9": {
    "0": {
      "closest": 0.0037144871959863303,
      "centroid": -0.5586310800860387,
      "furthest": -1.3179951156852385
    },
    "1": {
      "closest": 0.011784621009787475,
      "centroid": 0.43384835023165125,
      "furthest": 0.7972128221536958
    }
  },
  "10": {
    "0": {
      "closest": 0.00709406262265677,
      "centroid": -0.6256399630810623,
      "furthest": -1.479010686946425
    },
    "1": {
      "closest": -0.0004765288929639098,
      "centroid": 0.5109080256259443,
      "furthest": 0.9581875528292171
    }
  },
  "11": {
    "0": {
      "closest": 0.00029719401195988726,
      "centroid": -0.6534330205755711,
      "furthest": -1.5248942904918508
    },
    "1": {
      "closest": -0.002282860266779448,
      "centroid": 0.526454316941098,
      "furthest": 0.9510328930208788
    }
  },
  "12": {
    "0": {
      "closest": -0.00464809553997623,
      "centroid": -0.7395990936512697,
      "furthest": -1.7699425051745685
    },
    "1": {
      "closest": -0.011537625111382548,
      "centroid": 0.6252900432247669,
      "furthest": 1.1362119098297268
    }
  },
  "13": {
    "0": {
      "closest": 0.0024032028838927577,
      "centroid": -0.7474488138549168,
      "furthest": -1.6721248770600783
    },
    "1": {
      "closest": -0.004778462051555896,
      "centroid": 0.6608505999961517,
      "furthest": 1.1901515524954591
    }
  },
  "14": {
    "0": {
      "closest": 0.06148833015600495,
      "centroid": -0.7337679536062848,
      "furthest": -1.6083444201123802
    },
    "1": {
      "closest": 0.004909475140941633,
      "centroid": 0.6356200679252499,
      "furthest": 1.1442159281161834
    }
  },
  "15": {
    "0": {
      "closest": -0.03017253159429597,
      "centroid": -0.8119334364764978,
      "furthest": -1.8573555989137849
    },
    "1": {
      "closest": 0.007248382416817613,
      "centroid": 0.6993793439838413,
      "furthest": 1.3877542116222172
    }
  },
  "16": {
    "0": {
      "closest": 0.04152171471556681,
      "centroid": -0.8252023483913697,
      "furthest": -1.9478779016679657
    },
    "1": {
      "closest": 0.003093037311409856,
      "centroid": 0.73161899514573,
      "furthest": 1.3763721238979996
    }
  },
  "17": {
    "0": {
      "closest": 0.03356273995626374,
      "centroid": -0.8708503885000245,
      "furthest": -1.9864980905814988
    },
    "1": {
      "closest": 0.0029325389885010156,
      "centroid": 0.7728483158722605,
      "furthest": 1.5157084315162757
    }
  },
  "18": {
    "0": {
      "closest": -0.014986850117810722,
      "centroid": -0.9251665525397675,
      "furthest": -2.1303383894012815
    },
    "1": {
      "closest": -0.009051072294013106,
      "centroid": 0.821500081433094,
      "furthest": 1.6224604068795625
    }
  },
  "19": {
    "0": {
      "closest": 0.06696416223992846,
      "centroid": -0.9344012509167512,
      "furthest": -2.155442038479794
    },
    "1": {
      "closest": 0.00866830399314994,
      "centroid": 0.8537491159794541,
      "furthest": 1.7239294810362407
    }
  },
  "20": {
    "0": {
      "closest": -0.009763407278578107,
      "centroid": -1.3114636057190545,
      "furthest": -2.9650894237700096
    },
    "1": {
      "closest": 0.018885740969446063,
      "centroid": 1.2920036279781095,
      "furthest": 2.5599106238638267
    }
  },
  "21": {
    "0": {
      "closest": -0.061397984733129386,
      "centroid": -1.1825599262516069,
      "furthest": -2.797466535350002
    },
    "1": {
      "closest": -0.037158745966258934,
      "centroid": 1.0038390519500566,
      "furthest": 2.1777837633898924
    }
  },
  "22": {
    "0": {
      "closest": 0.09523897081980481,
      "centroid": -1.224124888793652,
      "furthest": -2.909588984179801
    },
    "1": {
      "closest": 0.04551721274626696,
      "centroid": 1.034340871221721,
      "furthest": 2.301445078459205
    }
  },
  "23": {
    "0": {
      "closest": 0.11159045415925647,
      "centroid": -1.256896388440299,
      "furthest": -2.9992068062955073
    },
    "1": {
      "closest": 0.023705867914898125,
      "centroid": 1.1235284635246068,
      "furthest": 2.3893062430327836
    }
  },
  "24": {
    "0": {
      "closest": -0.0005734800520074135,
      "centroid": -1.704688381646675,
      "furthest": -3.8439964793839927
    },
    "1": {
      "closest": 0.08411650382850522,
      "centroid": 1.6804565664621842,
      "furthest": 3.5459280883492257
    }
  },
  "25": {
    "0": {
      "closest": 0.04149266654062603,
      "centroid": -1.454306807910321,
      "furthest": -3.405005133466813
    },
    "1": {
      "closest": -0.0260076188283713,
      "centroid": 1.3002018032456297,
      "furthest": 2.971510736122477
    }
  },
  "26": {
    "0": {
      "closest": -0.15020086605748803,
      "centroid": -1.4828065306468847,
      "furthest": -3.3625580882739063
    },
    "1": {
      "closest": 0.1415646106942711,
      "centroid": 1.2814458058337064,
      "furthest": 3.094025827273485
    }
  },
  "27": {
    "0": {
      "closest": -0.0759169894605795,
      "centroid": -1.6166433085830014,
      "furthest": -3.705730756102732
    },
    "1": {
      "closest": -0.018052400902056964,
      "centroid": 1.4658557384446673,
      "furthest": 3.4429611494241237
    }
  },
  "28": {
    "0": {
      "closest": -0.1456026628401195,
      "centroid": -1.8788438727955088,
      "furthest": -4.251678358333016
    },