{
  "0": {
    "acc": 0.955,
    "precision": 0.941747572815534,
    "recall": 0.97,
    "f1": 0.9556650246305419,
    "auc": 0.99033125,
    "mse": 0.05817234714156751
  },
  "1": {
    "acc": 0.99,
    "precision": 0.99,
    "recall": 0.99,
    "f1": 0.99,
    "auc": 0.9992687499999999,
    "mse": 0.011813209166763485
  },
  "2": {
    "acc": 0.9625,
    "precision": 0.9556650246305419,
    "recall": 0.97,
    "f1": 0.9627791563275434,
    "auc": 0.9921562500000001,
    "mse": 0.05961586576871017
  },
  "3": {
    "acc": 0.99,
    "precision": 0.992462311557789,
    "recall": 0.9875,
    "f1": 0.9899749373433584,
    "auc": 0.99885,
    "mse": 0.012404738200066658
  },
  "4": {
    "acc": 0.9975,
    "precision": 0.9975,
    "recall": 0.9975,
    "f1": 0.9975,
    "auc": 0.99995,
    "mse": 0.005420831151393859
  },
  "5": {
    "acc": 0.98125,
    "precision": 0.9824561403508771,
    "recall": 0.98,
    "f1": 0.981226533166458,
    "auc": 0.9988625,
    "mse": 0.019752481507389036
  },
  "6": {
    "acc": 0.965,
    "precision": 0.9603960396039604,
    "recall": 0.97,
    "f1": 0.9651741293532339,
    "auc": 0.9967,
    "mse": 0.044851010898335736
  },
  "7": {
    "acc": 0.99125,
    "precision": 0.9974683544303797,
    "recall": 0.985,
    "f1": 0.9911949685534591,
    "auc": 0.99973125,
    "mse": 0.010678135922101283
  },
  "8": {
    "acc": 1.0,
    "precision": 1.0,
    "recall": 1.0,
    "f1": 1.0,
    "auc": 1.0,
    "mse": 0.0004426995547307011
  },
  "9": {
    "acc": 0.99875,
    "precision": 0.9975062344139651,
    "recall": 1.0,
    "f1": 0.9987515605493134,
    "auc": 1.0,
    "mse": 0.001140025627497446
  },
  "10": {
    "acc": 0.995,
    "precision": 0.995,
    "recall": 0.995,
    "f1": 0.995,
    "auc": 0.99986875,
    "mse": 0.004218715277309509
  },
  "11": {
    "acc": 0.995,
    "precision": 0.995,
    "recall": 0.995,
    "f1": 0.995,
    "auc": 0.999875,
    "mse": 0.004726605409917816
  },
  "12": {
    "acc": 0.99,
    "precision": 0.9949494949494949,
    "recall": 0.985,
    "f1": 0.9899497487437185,
    "auc": 0.9996312500000001,
    "mse": 0.009988602816342212
  },
  "13": {
    "acc": 0.99,
    "precision": 0.992462311557789,
    "recall": 0.9875,
    "f1": 0.9899749373433584,
    "auc": 0.99973125,
    "mse": 0.008762789605555937
  },
  "14": {
    "acc": 0.995,
    "precision": 0.995,
    "recall": 0.995,
    "f1": 0.995,
    "auc": 0.9998875,
    "mse": 0.006063750386757789
  },
  "15": {
    "acc": 0.995,
    "precision": 0.995,
    "recall": 0.995,
    "f1": 0.995,
    "auc": 0.9997750000000001,
    "mse": 0.0049777487279962255
  },
  "16": {
    "acc": 0.995,
    "precision": 0.995,
    "recall": 0.995,
    "f1": 0.995,
    "auc": 0.99989375,
    "mse": 0.005548205973000352
  },
  "17": {
    "acc": 0.99625,
    "precision": 0.9950124688279302,
    "recall": 0.9975,
    "f1": 0.9962546816479401,
    "auc": 0.9999125,
    "mse": 0.004731636274799721
  },
  "18": {
    "acc": 0.99625,
    "precision": 0.9974937343358395,
    "recall": 0.995,
    "f1": 0.9962453066332916,
    "auc": 0.999925,
    "mse": 0.005066139084923339
  },
  "19": {
    "acc": 0.9975,
    "precision": 0.9975,
    "recall": 0.9975,
    "f1": 0.9975,
    "auc": 0.9999875,
    "mse": 0.003903431711119879
  },
  "20": {
    "acc": 0.97125,
    "precision": 0.9724310776942355,
    "recall": 0.97,
    "f1": 0.9712140175219024,
    "auc": 0.9949125000000001,
    "mse": 0.04847135867219073
  },
  "21": {
    "acc": 0.9975,
    "precision": 0.9975,
    "recall": 0.9975,
    "f1": 0.9975,
    "auc": 0.9999562500000001,
    "mse": 0.0026901285380008027
  },
  "22": {
    "acc": 0.99875,
    "precision": 0.9975062344139651,
    "recall": 1.0,
    "f1": 0.9987515605493134,
    "auc": 0.99998125,
    "mse": 0.0014777856136924854
  },
  "23": {
    "acc": 0.99875,
    "precision": 0.9975062344139651,
    "recall": 1.0,
    "f1": 0.9987515605493134,
    "auc": 0.9999875,
    "mse": 0.002358913637592773
  },
  "24": {
    "acc": 0.9725,
    "precision": 0.9748743718592965,
    "recall": 0.97,
    "f1": 0.9724310776942355,
    "auc": 0.9957187500000001,
    "mse": 0.03897999341937762
  },
  "25": {
    "acc": 0.9975,
    "precision": 0.9975,
    "recall": 0.9975,
    "f1": 0.9975,
    "auc": 0.99999375,
    "mse": 0.002185507042811967
  },
  "26": {
    "acc": 1.0,
    "precision": 1.0,
    "recall": 1.0,
    "f1": 1.0,
    "auc": 1.0,
    "mse": 0.00022823678473977648
  },
  "27": {
    "acc": 0.9975,
    "precision": 0.9975,
    "recall": 0.9975,
    "f1": 0.9975,
    "auc": 0.9999750000000001,
    "mse": 0.001768013979911941
  },
  "28": {
    "acc": 0.9975,
    "precision": 0.9975,
    "recall": 0.9975,
    "f1": 0.9975,
    "auc": 0.9999375,
    "mse": 0.0019886886985050088
  },
  "29": {
    "acc": 1.0,
    "precision": 1.0,
    "recall": 1.0,
    "f1": 1.0,
    "auc": 1.0,
    "mse": 1.0975456589819034e-05
  },
  "30": {
    "acc": 1.0,
    "precision": 1.0,
    "recall": 1.0,
    "f1": 1.0,
    "auc": 1.0,
    "mse": 0.00011438485244329177
  },
  "31": {
    "acc": 1.0,
    "precision": 1.0,
    "recall": 1.0,
    "f1": 1.0,
    "auc": 1.0,
    "mse": 0.00013269832382429897
  },
  "aggregation": {
    "acc": 99.75,
    "precision": 0.9975,
    "recall": 0.9975,
    "f1": 0.9975,
    "auc": 0.9999750000000001,
    "mse": 0.005655096976926684
  }
}