{
  "0": {
    "0": {
      "closest": -0.052734375,
      "centroid": -0.055229492485523224,
      "furthest": -0.0576171875
    },
    "1": {
      "closest": 0.0419921875,
      "centroid": 0.04458679258823395,
      "furthest": 0.0478515625
    }
  },
  "1": {
    "0": {
      "closest": -0.0634765625,
      "centroid": -0.06738525629043579,
      "furthest": -0.07080078125
    },
    "1": {
      "closest": 0.054443359375,
      "centroid": 0.05870605632662773,
      "furthest": 0.0634765625
    }
  },
  "2": {
    "0": {
      "closest": -0.1019626036286354,
      "centroid": -0.11221633106470108,
      "furthest": -0.11921492218971252
    },
    "1": {
      "closest": 0.07303950190544128,
      "centroid": 0.07907641679048538,
      "furthest": 0.08734695613384247
    }
  },
  "3": {
    "0": {
      "closest": -0.11865447461605072,
      "centroid": -0.1257082223892212,
      "furthest": -0.13331238925457
    },
    "1": {
      "closest": 0.12556324899196625,
      "centroid": 0.13300737738609314,
      "furthest": 0.13843655586242676
    }
  },
  "4": {
    "0": {
      "closest": -0.11548320949077606,
      "centroid": -0.13371600210666656,
      "furthest": -0.1512737274169922
    },
    "1": {
      "closest": 0.12048514187335968,
      "centroid": 0.1361883580684662,
      "furthest": 0.1527126282453537
    }
  },
  "5": {
    "0": {
      "closest": -0.12593476474285126,
      "centroid": -0.14907874166965485,
      "furthest": -0.1701870560646057
    },
    "1": {
      "closest": 0.1367490291595459,
      "centroid": 0.14994490146636963,
      "furthest": 0.16863740980625153
    }
  },
  "6": {
    "0": {
      "closest": -0.1893537938594818,
      "centroid": -0.20321206748485565,
      "furthest": -0.2254805862903595
    },
    "1": {
      "closest": 0.20828592777252197,
      "centroid": 0.2199857383966446,
      "furthest": 0.23013204336166382
    }
  },
  "7": {
    "0": {
      "closest": -0.14988841116428375,
      "centroid": -0.16356876492500305,
      "furthest": -0.17968976497650146
    },
    "1": {
      "closest": 0.16138432919979095,
      "centroid": 0.1785673201084137,
      "furthest": 0.19434361159801483
    }
  },
  "8": {
    "0": {
      "closest": -0.16496847569942474,
      "centroid": -0.17926150560379028,
      "furthest": -0.19131137430667877
    },
    "1": {
      "closest": 0.17301514744758606,
      "centroid": 0.18646186590194702,
      "furthest": 0.20234031975269318
    }
  },
  "9": {
    "0": {
      "closest": -0.1904442012310028,
      "centroid": -0.2051553875207901,
      "furthest": -0.22035051882266998
    },
    "1": {
      "closest": 0.1709231734275818,
      "centroid": 0.19161082804203033,
      "furthest": 0.21034805476665497
    }
  },
  "10": {
    "0": {
      "closest": -0.24108058214187622,
      "centroid": -0.26467421650886536,
      "furthest": -0.2864390015602112
    },
    "1": {
      "closest": 0.24017491936683655,
      "centroid": 0.25889310240745544,
      "furthest": 0.27895933389663696
    }
  },
  "11": {
    "0": {
      "closest": -0.25468772649765015,
      "centroid": -0.3012206554412842,
      "furthest": -0.3264722228050232
    },
    "1": {
      "closest": 0.271459698677063,
      "centroid": 0.29768067598342896,
      "furthest": 0.3216063380241394
    }
  },
  "12": {
    "0": {
      "closest": -0.21288040280342102,
      "centroid": -0.2677764296531677,
      "furthest": -0.2990318536758423
    },
    "1": {
      "closest": 0.22154265642166138,
      "centroid": 0.2610800266265869,
      "furthest": 0.29177024960517883
    }
  },
  "13": {
    "0": {
      "closest": -0.23648282885551453,
      "centroid": -0.29818305373191833,
      "furthest": -0.3564320504665375
    },
    "1": {
      "closest": 0.24450534582138062,
      "centroid": 0.2837847173213959,
      "furthest": 0.3184313178062439
    }
  },
  "14": {
    "0": {
      "closest": -0.1805461347103119,
      "centroid": -0.2807176113128662,
      "furthest": -0.3738957941532135
    },
    "1": {
      "closest": 0.09096941351890564,
      "centroid": 0.27982184290885925,
      "furthest": 0.41413643956184387
    }
  },
  "15": {
    "0": {
      "closest": -0.24171194434165955,
      "centroid": -0.3391054570674896,
      "furthest": -0.42510247230529785
    },
    "1": {
      "closest": 0.07651126384735107,
      "centroid": 0.35085731744766235,
      "furthest": 0.564866304397583
    }
  },
  "16": {
    "0": {
      "closest": -0.29067349433898926,
      "centroid": -0.39097830653190613,
      "furthest": -0.5106418132781982
    },
    "1": {
      "closest": 0.07621708512306213,
      "centroid": 0.39486226439476013,
      "furthest": 0.5922521948814392
    }
  },
  "17": {
    "0": {
      "closest": -0.49374520778656006,
      "centroid": -0.7168238759040833,
      "furthest": -0.8643220067024231
    },
    "1": {
      "closest": 0.13142721354961395,
      "centroid": 0.6968237161636353,
      "furthest": 0.9677768349647522
    }
  },
  "18": {
    "0": {
      "closest": -0.404296875,
      "centroid": -0.4999755918979645,
      "furthest": -0.5625
    },
    "1": {
      "closest": 0.02294921875,
      "centroid": 0.3328784108161926,
      "furthest": 0.498046875
    }
  },
  "19": {
    "0": {
      "closest": -0.5601224899291992,
      "centroid": -0.6933173537254333,
      "furthest": -0.7866775989532471
    },
    "1": {
      "closest": 0.2234981656074524,
      "centroid": 0.6811833381652832,
      "furthest": 0.8519425392150879
    }
  },
  "20": {
    "0": {
      "closest": -0.6948131918907166,
      "centroid": -0.8309075832366943,
      "furthest": -0.9807167053222656
    },
    "1": {
      "closest": 0.2613402009010315,
      "centroid": 0.8225053548812866,
      "furthest": 1.0730607509613037
    }
  },
  "21": {
    "0": {
      "closest": -1.068763256072998,
      "centroid": -1.6915616989135742,
      "furthest": -1.9475570917129517
    },
    "1": {
      "closest": 0.5748737454414368,
      "centroid": 1.9094526767730713,
      "furthest": 2.4501891136169434
    }
  },
  "22": {
    "0": {
      "closest": -0.5395141839981079,
      "centroid": -0.847166895866394,
      "furthest": -1.0280208587646484
    },
    "1": {
      "closest": 0.12811017036437988,
      "centroid": 0.9058136940002441,
      "furthest": 1.2940526008605957
    }
  },
  "23": {
    "0": {
      "closest": -0.6823373436927795,
      "centroid": -0.8971856832504272,
      "furthest": -1.0421589612960815
    },
    "1": {
      "closest": 0.14164172112941742,
      "centroid": 0.9931247234344482,
      "furthest": 1.3968437910079956
    }
  },
  "24": {
    "0": {
      "closest": -0.7258210778236389,
      "centroid": -0.9672665596008301,
      "furthest": -1.1345258951187134
    },
    "1": {
      "closest": 0.11121618747711182,
      "centroid": 1.076818585395813,
      "furthest": 1.4746952056884766
    }
  },
  "25": {
    "0": {
      "closest": -0.49077045917510986,
      "centroid": -0.7184241414070129,
      "furthest": -0.8880243301391602
    },
    "1": {
      "closest": 0.0747995376586914,
      "centroid": 0.6795675754547119,
      "furthest": 1.0315353870391846
    }
  },
  "26": {
    "0": {
      "closest": -0.5325014591217041,
      "centroid": -0.7331960201263428,
      "furthest": -0.9037622213363647
    },
    "1": {
      "closest": 0.14207029342651367,
      "centroid": 0.7084032297134399,
      "furthest": 1.035181999206543
    }
  },
  "27": {
    "0": {
      "closest": -0.5150527954101562,
      "centroid": -0.7407662868499756,
      "furthest": -0.913131594657898
    },
    "1": {
      "closest": 0.21977174282073975,
      "centroid": 0.720914900302887,
      "furthest": 1.0998833179473877
    }
  },
  "28": {
    "0": {
      "closest": -0.4216262102127075,
      "centroid": -0.7321460247039795,
      "furthest": -0.9437854886054993
    },
    "1": {
      "closest": 0.26086002588272095,
      "centroid": 0.7113620042800903,