{
  "0": {
    "0": {
      "closest": -0.04757865145802498,
      "centroid": -0.04942801594734192,
      "furthest": -0.05221732333302498
    },
    "1": {
      "closest": 0.04763619229197502,
      "centroid": 0.0495038703083992,
      "furthest": 0.05178658291697502
    }
  },
  "1": {
    "0": {
      "closest": -0.05828660726547241,
      "centroid": -0.06207689270377159,
      "furthest": -0.06561082601547241
    },
    "1": {
      "closest": 0.05792433023452759,
      "centroid": 0.06206556409597397,
      "furthest": 0.06646925210952759
    }
  },
  "2": {
    "0": {
      "closest": -0.08178715407848358,
      "centroid": -0.09038945287466049,
      "furthest": -0.09790043532848358
    },
    "1": {
      "closest": 0.07153315842151642,
      "centroid": 0.09043329954147339,
      "furthest": 0.09936518967151642
    }
  },
  "3": {
    "0": {
      "closest": -0.09266036003828049,
      "centroid": -0.10110639780759811,
      "furthest": -0.11121504753828049
    },
    "1": {
      "closest": 0.09288651496171951,
      "centroid": 0.10110674053430557,
      "furthest": 0.10851151496171951
    }
  },
  "4": {
    "0": {
      "closest": -0.1730411797761917,
      "centroid": -0.1884998083114624,
      "furthest": -0.20518866181373596
    },
    "1": {
      "closest": 0.15862928330898285,
      "centroid": 0.18848685920238495,
      "furthest": 0.20366226136684418
    }
  },
  "5": {
    "0": {
      "closest": -0.18528422713279724,
      "centroid": -0.19836679100990295,
      "furthest": -0.21895423531532288
    },
    "1": {
      "closest": 0.15480855107307434,
      "centroid": 0.19840405881404877,
      "furthest": 0.21220776438713074
    }
  },
  "6": {
    "0": {
      "closest": -0.1433640718460083,
      "centroid": -0.15592266619205475,
      "furthest": -0.1702195405960083
    },
    "1": {
      "closest": 0.1408156156539917,
      "centroid": 0.1559230387210846,
      "furthest": 0.1691359281539917
    }
  },
  "7": {
    "0": {
      "closest": -0.1594807505607605,
      "centroid": -0.17245686054229736,
      "furthest": -0.1887776255607605
    },
    "1": {
      "closest": 0.1530192494392395,
      "centroid": 0.17251384258270264,
      "furthest": 0.1911051869392395
    }
  },
  "8": {
    "0": {
      "closest": -0.1715838760137558,
      "centroid": -0.18481872975826263,
      "furthest": -0.2008807510137558
    },
    "1": {
      "closest": 0.1682598739862442,
      "centroid": 0.1847711205482483,
      "furthest": 0.2053692489862442
    }
  },
  "9": {
    "0": {
      "closest": -0.1778946816921234,
      "centroid": -0.19897133111953735,
      "furthest": -0.2169571816921234
    },
    "1": {
      "closest": 0.1756209433078766,
      "centroid": 0.19888511300086975,
      "furthest": 0.2234725058078766
    }
  },
  "10": {
    "0": {
      "closest": -0.1839441955089569,
      "centroid": -0.20934215188026428,
      "furthest": -0.2298426330089569
    },
    "1": {
      "closest": 0.1842198669910431,
      "centroid": 0.2091539353132248,
      "furthest": 0.2340245544910431
    }
  },
  "11": {
    "0": {
      "closest": -0.19520163536071777,
      "centroid": -0.2976756989955902,
      "furthest": -0.3997403383255005
    },
    "1": {
      "closest": 0.2270011305809021,
      "centroid": 0.29403144121170044,
      "furthest": 0.37662944197654724
    }
  },
  "12": {
    "0": {
      "closest": -0.23570597171783447,
      "centroid": -0.3287442922592163,
      "furthest": -0.43177372217178345
    },
    "1": {
      "closest": 0.2651161551475525,
      "centroid": 0.3225695490837097,
      "furthest": 0.39823323488235474
    }
  },
  "13": {
    "0": {
      "closest": -0.15846125781536102,
      "centroid": -0.20361995697021484,
      "furthest": -0.2502581477165222
    },
    "1": {
      "closest": 0.17064030468463898,
      "centroid": 0.2032257467508316,
      "furthest": 0.23802311718463898
    }
  },
  "14": {
    "0": {
      "closest": -0.1990816444158554,
      "centroid": -0.2592933177947998,
      "furthest": -0.3057091236114502
    },
    "1": {
      "closest": 0.21828432381153107,
      "centroid": 0.2598721981048584,
      "furthest": 0.3267083168029785
    }
  },
  "15": {
    "0": {
      "closest": -0.1582050323486328,
      "centroid": -0.37416404485702515,
      "furthest": -0.5850617289543152
    },
    "1": {
      "closest": 0.19252794981002808,
      "centroid": 0.3667677342891693,
      "furthest": 0.6716140508651733
    }
  },
  "16": {
    "0": {
      "closest": -0.34389379620552063,
      "centroid": -0.39451706409454346,
      "furthest": -0.4583987295627594
    },
    "1": {
      "closest": 0.33709168434143066,
      "centroid": 0.39639756083488464,
      "furthest": 0.48053139448165894
    }
  },
  "17": {
    "0": {
      "closest": -0.2014516294002533,
      "centroid": -0.2716176211833954,
      "furthest": -0.3323110044002533
    },
    "1": {
      "closest": 0.1896616518497467,
      "centroid": 0.2715378999710083,
      "furthest": 0.4020639955997467
    }
  },
  "18": {
    "0": {
      "closest": -0.21015435457229614,
      "centroid": -0.2834160327911377,
      "furthest": -0.35468560457229614
    },
    "1": {
      "closest": 0.20488470792770386,
      "centroid": 0.28323498368263245,
      "furthest": 0.40898627042770386
    }
  },
  "19": {
    "0": {
      "closest": -0.1570006012916565,
      "centroid": -0.279774010181427,
      "furthest": -0.3425474762916565
    },
    "1": {
      "closest": 0.1843079924583435,
      "centroid": 0.2797926366329193,
      "furthest": 0.4504212737083435
    }
  },
  "20": {
    "0": {
      "closest": -0.17274132370948792,
      "centroid": -0.28613004088401794,
      "furthest": -0.3563350737094879
    },
    "1": {
      "closest": 0.17345008254051208,
      "centroid": 0.28616368770599365,
      "furthest": 0.4952274262905121
    }
  },
  "21": {
    "0": {
      "closest": -0.48857080936431885,
      "centroid": -0.6639053225517273,
      "furthest": -0.8050328493118286
    },
    "1": {
      "closest": 0.42050623893737793,
      "centroid": 0.6639845967292786,
      "furthest": 1.0638877153396606
    }
  },
  "22": {
    "0": {
      "closest": -0.6021156907081604,
      "centroid": -0.7376915216445923,
      "furthest": -0.8809168934822083
    },
    "1": {
      "closest": 0.47576290369033813,
      "centroid": 0.7277790307998657,
      "furthest": 1.026411533355713
    }
  },
  "23": {
    "0": {
      "closest": -0.5878986120223999,
      "centroid": -0.6815659403800964,
      "furthest": -0.8138072490692139
    },
    "1": {
      "closest": 0.5032998323440552,
      "centroid": 0.6788144707679749,
      "furthest": 0.8974490165710449
    }
  },
  "24": {
    "0": {
      "closest": -0.26820266246795654,
      "centroid": -0.3808104693889618,
      "furthest": -0.5103775262832642
    },
    "1": {
      "closest": 0.2492184042930603,
      "centroid": 0.3621528744697571,
      "furthest": 0.45869821310043335
    }
  },
  "25": {
    "0": {
      "closest": -0.4261620044708252,
      "centroid": -0.5162865519523621,
      "furthest": -0.6491795778274536
    },
    "1": {
      "closest": 0.41765958070755005,
      "centroid": 0.5221613049507141,
      "furthest": 0.6472485661506653
    }
  },
  "26": {
    "0": {
      "closest": -0.28178781270980835,
      "centroid": -0.43328964710235596,
      "furthest": -0.5636689066886902
    },
    "1": {
      "closest": 0.276366651058197,
      "centroid": 0.43778133392333984,
      "furthest": 0.7734219431877136
    }
  },
  "27": {
    "0": {
      "closest": -0.28472939133644104,
      "centroid": -0.4501137137413025,
      "furthest": -0.6059050559997559
    },
    "1": {
      "closest": 0.2967674434185028,
      "centroid": 0.4596630036830902,
      "furthest": 0.7306418418884277
    }
  },
  "28": {
    "0": {
      "closest": -0.24771487712860107,
      "centroid": -0.43407225608825684,
      "furthest": -0.6402930021286011
    },