{
  "0": {
    "0": {
      "closest": -0.600601746084916,
      "centroid": -0.6088461579568321,
      "furthest": -0.6204020859808607
    },
    "1": {
      "closest": 0.6203712073652698,
      "centroid": 0.631782687752666,
      "furthest": 0.6407768538984626
    }
  },
  "1": {
    "0": {
      "closest": -0.7284544399279544,
      "centroid": -0.7440760317455328,
      "furthest": -0.7593388379844853
    },
    "1": {
      "closest": 0.7482777575274626,
      "centroid": 0.7583164552032297,
      "furthest": 0.7666390993486687
    }
  },
  "2": {
    "0": {
      "closest": -0.9939301011467966,
      "centroid": -1.0171277789926862,
      "furthest": -1.0376187950805253
    },
    "1": {
      "closest": 0.9844484106639104,
      "centroid": 0.996500455124532,
      "furthest": 1.0106123756231715
    }
  },
  "3": {
    "0": {
      "closest": -1.191573295530716,
      "centroid": -1.2193769982242266,
      "furthest": -1.2452133984426867
    },
    "1": {
      "closest": 1.1863237499697388,
      "centroid": 1.205765888575241,
      "furthest": 1.2285104741056239
    }
  },
  "4": {
    "0": {
      "closest": -1.3982691071493654,
      "centroid": -1.4484062329635248,
      "furthest": -1.4906803863572131
    },
    "1": {
      "closest": 1.402619939425629,
      "centroid": 1.4479398442566858,
      "furthest": 1.4860391922676592
    }
  },
  "5": {
    "0": {
      "closest": -1.5219868574740318,
      "centroid": -1.578451717970745,
      "furthest": -1.6265121627932668
    },
    "1": {
      "closest": 1.5348749118330303,
      "centroid": 1.5796784680834854,
      "furthest": 1.6264415037603914
    }
  },
  "6": {
    "0": {
      "closest": -1.5216842819052723,
      "centroid": -1.6032995728691022,
      "furthest": -1.660189273217615
    },
    "1": {
      "closest": 1.527720405076878,
      "centroid": 1.5856686616833833,
      "furthest": 1.638190113818406
    }
  },
  "7": {
    "0": {
      "closest": -1.6915506228466066,
      "centroid": -1.7716365055285042,
      "furthest": -1.8308894108385458
    },
    "1": {
      "closest": 1.6982931313613876,
      "centroid": 1.7631012700205155,
      "furthest": 1.8188284822833642
    }
  },
  "8": {
    "0": {
      "closest": -1.673729218390822,
      "centroid": -1.7867685043803916,
      "furthest": -1.8501466681806382
    },
    "1": {
      "closest": 1.7222576509471126,
      "centroid": 1.7852331615799237,
      "furthest": 1.8357564524238121
    }
  },
  "9": {
    "0": {
      "closest": -1.8711149161952954,
      "centroid": -2.0874586887778124,
      "furthest": -2.1901039073271065
    },
    "1": {
      "closest": 1.918977279146217,
      "centroid": 2.082587122407337,
      "furthest": 2.1824312283850724
    }
  },
  "10": {
    "0": {
      "closest": -2.075981382963902,
      "centroid": -2.3326033823236667,
      "furthest": -2.485742180800862
    },
    "1": {
      "closest": 2.158422945578481,
      "centroid": 2.317145230146313,
      "furthest": 2.412831909762214
    }
  },
  "11": {
    "0": {
      "closest": -2.0550852364231824,
      "centroid": -2.447073956747334,
      "furthest": -2.6286090063898264
    },
    "1": {
      "closest": 2.2536785961802033,
      "centroid": 2.4475022402901017,
      "furthest": 2.60100226500831
    }
  },
  "12": {
    "0": {
      "closest": -1.7832227058792707,
      "centroid": -2.552819085769439,
      "furthest": -2.78404830698401
    },
    "1": {
      "closest": 2.151822609404826,
      "centroid": 2.548353168226369,
      "furthest": 2.7555270941029466
    }
  },
  "13": {
    "0": {
      "closest": -1.7582651613738711,
      "centroid": -2.678821459047638,
      "furthest": -2.994925146567628
    },
    "1": {
      "closest": 1.85774819310971,
      "centroid": 2.6710074824868046,
      "furthest": 3.042666393217197
    }
  },
  "14": {
    "0": {
      "closest": -2.105182765110507,
      "centroid": -3.173336974420731,
      "furthest": -3.524351461866487
    },
    "1": {
      "closest": 1.0335489006668437,
      "centroid": 3.2112466786269045,
      "furthest": 4.192358609074761
    }
  },
  "15": {
    "0": {
      "closest": -2.3405156272957672,
      "centroid": -3.469272325102005,
      "furthest": -3.81006469878551
    },
    "1": {
      "closest": 0.6047915779602897,
      "centroid": 3.5507682057905576,
      "furthest": 4.809959109927715
    }
  },
  "16": {
    "0": {
      "closest": -2.6346150933066728,
      "centroid": -3.8534895749707028,
      "furthest": -4.225565814982007
    },
    "1": {
      "closest": 0.6568610562040187,
      "centroid": 3.976376473152957,
      "furthest": 5.169388069782607
    }
  },
  "17": {
    "0": {
      "closest": -2.8878756917035804,
      "centroid": -3.9971041570497277,
      "furthest": -4.333580485588369
    },
    "1": {
      "closest": 0.7660787119881826,
      "centroid": 4.131928141310884,
      "furthest": 5.223399801499848
    }
  },
  "18": {
    "0": {
      "closest": -3.0900331233165628,
      "centroid": -4.254694659762131,
      "furthest": -4.584392123122744
    },
    "1": {
      "closest": 0.8190817490112234,
      "centroid": 4.438399351764097,
      "furthest": 5.656040390124871
    }
  },
  "19": {
    "0": {
      "closest": -3.5824460800495586,
      "centroid": -4.618480918783934,
      "furthest": -4.951407524432478
    },
    "1": {
      "closest": 0.9906612750221424,
      "centroid": 4.841078518926286,
      "furthest": 6.102070728578635
    }
  },
  "20": {
    "0": {
      "closest": -3.9607153191526963,
      "centroid": -5.029180974269177,
      "furthest": -5.3400186003420895
    },
    "1": {
      "closest": 1.012894721198556,
      "centroid": 5.26205019414263,
      "furthest": 6.689201324201916
    }
  },
  "21": {
    "0": {
      "closest": -4.4222531833943615,
      "centroid": -5.525524177505506,
      "furthest": -5.84935557407303
    },
    "1": {
      "closest": 1.1357562211539982,
      "centroid": 5.82138990914623,
      "furthest": 7.411282288718954
    }
  },
  "22": {
    "0": {
      "closest": -4.750126486422882,
      "centroid": -5.853787194192387,
      "furthest": -6.233836461193947
    },
    "1": {
      "closest": 1.3618693421801165,
      "centroid": 6.164579887346124,
      "furthest": 7.733892904130823
    }
  },
  "23": {
    "0": {
      "closest": -5.228099459104769,
      "centroid": -6.277969033175894,
      "furthest": -6.598409296441637
    },
    "1": {
      "closest": 1.3797709632882313,
      "centroid": 6.706824853975762,
      "furthest": 8.50247349534105
    }
  },
  "24": {
    "0": {
      "closest": -5.544819213475719,
      "centroid": -6.608103099679356,
      "furthest": -6.988187850211215
    },
    "1": {
      "closest": 1.5026461511945275,
      "centroid": 7.024987432089161,
      "furthest": 8.752095450725463
    }
  },
  "25": {
    "0": {
      "closest": -5.847528256515945,
      "centroid": -6.884619479802543,
      "furthest": -7.423823696285109
    },
    "1": {
      "closest": 1.9045136890143894,
      "centroid": 7.2607115331832235,
      "furthest": 8.84228265007243
    }
  },
  "26": {
    "0": {
      "closest": -6.294828973710728,
      "centroid": -7.392921643203922,
      "furthest": -8.08410184215927
    },
    "1": {
      "closest": 2.0744482264062007,
      "centroid": 7.812277466587112,
      "furthest": 9.494242314818122
    }
  },
  "27": {
    "0": {
      "closest": -6.6990569516324685,
      "centroid": -7.872848160277255,
      "furthest": -8.555306872170858
    },
    "1": {
      "closest": 2.1413702333374474,
      "centroid": 8.36513139305519,
      "furthest": 10.242101037166385
    }
  },
  "28": {
    "0": {
      "closest": -7.014177374206249,
      "centroid": -8.501860654154111,
      "furthest": -9.482170587531368
    },
    "1": {
      "closest": 2.617896997267456,
      "centroid": 9.163776627093702,
      "furthest": 11.27378815243091
    }
  },
  "29": {
    "0": {
      "closest": -7.49028886225104,