{
  "0": {
    "0": {
      "closest": -0.5999920108885706,
      "centroid": -0.6084492825632327,
      "furthest": -0.6194525196685494
    },
    "1": {
      "closest": 0.6242394129541868,
      "centroid": 0.6357286872435882,
      "furthest": 0.6462148865178494
    }
  },
  "1": {
    "0": {
      "closest": -0.7266543607136229,
      "centroid": -0.7396395766577496,
      "furthest": -0.7506999601846935
    },
    "1": {
      "closest": 0.7551028553998673,
      "centroid": 0.7653462133700192,
      "furthest": 0.7743942332342715
    }
  },
  "2": {
    "0": {
      "closest": -0.9945707710252945,
      "centroid": -1.0178722763591666,
      "furthest": -1.039526969378942
    },
    "1": {
      "closest": 0.9850967078632049,
      "centroid": 0.9984874667718254,
      "furthest": 1.013427716369456
    }
  },
  "3": {
    "0": {
      "closest": -1.1800611401887457,
      "centroid": -1.2240010359104248,
      "furthest": -1.2509293655973552
    },
    "1": {
      "closest": 1.1819232502608072,
      "centroid": 1.2017371507032741,
      "furthest": 1.225291793740773
    }
  },
  "4": {
    "0": {
      "closest": -1.4001967613233985,
      "centroid": -1.4611900230237362,
      "furthest": -1.5017646754350444
    },
    "1": {
      "closest": 1.3991982326620855,
      "centroid": 1.4469544826295566,
      "furthest": 1.4952164735092006
    }
  },
  "5": {
    "0": {
      "closest": -1.5048514487842577,
      "centroid": -1.577034715315881,
      "furthest": -1.621449326297771
    },
    "1": {
      "closest": 1.5120772316184619,
      "centroid": 1.5836302155046118,
      "furthest": 1.6471567237873983
    }
  },
  "6": {
    "0": {
      "closest": -1.5041388707803598,
      "centroid": -1.5986176410622774,
      "furthest": -1.6697822268717195
    },
    "1": {
      "closest": 1.51697853147918,
      "centroid": 1.5898880895326106,
      "furthest": 1.6593173460623616
    }
  },
  "7": {
    "0": {
      "closest": -1.6676968567529988,
      "centroid": -1.7702959309551658,
      "furthest": -1.840127838961309
    },
    "1": {
      "closest": 1.6796185299123543,
      "centroid": 1.7590165447830963,
      "furthest": 1.8288649067801526
    }
  },
  "8": {
    "0": {
      "closest": -1.646082585545051,
      "centroid": -1.7871695791683124,
      "furthest": -1.8697272098618156
    },
    "1": {
      "closest": 1.6901685301374614,
      "centroid": 1.7901231910184456,
      "furthest": 1.8560400589050932
    }
  },
  "9": {
    "0": {
      "closest": -1.7833146863582567,
      "centroid": -2.0659438852862895,
      "furthest": -2.1783651395596495
    },
    "1": {
      "closest": 1.9141734706311397,
      "centroid": 2.0705189174425924,
      "furthest": 2.1595793620932042
    }
  },
  "10": {
    "0": {
      "closest": -1.9691176254764104,
      "centroid": -2.2800243323610045,
      "furthest": -2.4297784136275524
    },
    "1": {
      "closest": 2.105985019212171,
      "centroid": 2.282545947574747,
      "furthest": 2.357528019188738
    }
  },
  "11": {
    "0": {
      "closest": -1.9988896953381539,
      "centroid": -2.3680859639583742,
      "furthest": -2.543139414818073
    },
    "1": {
      "closest": 2.16942766771017,
      "centroid": 2.369416666987595,
      "furthest": 2.5038126675129817
    }
  },
  "12": {
    "0": {
      "closest": -1.7678267545828037,
      "centroid": -2.417829408568797,
      "furthest": -2.645771900748129
    },
    "1": {
      "closest": 2.171624925238611,
      "centroid": 2.4181031915872673,
      "furthest": 2.6718389260779025
    }
  },
  "13": {
    "0": {
      "closest": -1.7779776595950552,
      "centroid": -2.452739053149181,
      "furthest": -2.7314693067663756
    },
    "1": {
      "closest": 2.08147633248596,
      "centroid": 2.450012516795166,
      "furthest": 2.7842746630041404
    }
  },
  "14": {
    "0": {
      "closest": -1.8489656837331163,
      "centroid": -2.6453682644951915,
      "furthest": -2.904691589662422
    },
    "1": {
      "closest": 1.9827061237841686,
      "centroid": 2.6286400586918393,
      "furthest": 3.336168536290595
    }
  },
  "15": {
    "0": {
      "closest": -2.002712998606643,
      "centroid": -2.7164653474373677,
      "furthest": -2.990798238443647
    },
    "1": {
      "closest": 1.9265887543539069,
      "centroid": 2.7149337242265466,
      "furthest": 3.5641415560414482
    }
  },
  "16": {
    "0": {
      "closest": -2.3616148423991383,
      "centroid": -2.9877916435705236,
      "furthest": -3.28393258249898
    },
    "1": {
      "closest": 2.066472751892605,
      "centroid": 2.997858322259309,
      "furthest": 3.9615950590204836
    }
  },
  "17": {
    "0": {
      "closest": -2.5806318247744704,
      "centroid": -3.165033030153057,
      "furthest": -3.483389926103119
    },
    "1": {
      "closest": 2.3204851531193196,
      "centroid": 3.1801810597584415,
      "furthest": 4.210462343001573
    }
  },
  "18": {
    "0": {
      "closest": -2.6146989672209764,
      "centroid": -3.274825885144363,
      "furthest": -3.5694954145522813
    },
    "1": {
      "closest": 2.3426942707995124,
      "centroid": 3.295488292536662,
      "furthest": 4.464106151531589
    }
  },
  "19": {
    "0": {
      "closest": -2.8827176953751823,
      "centroid": -3.52177467309863,
      "furthest": -3.9109237606388656
    },
    "1": {
      "closest": 2.59460807418704,
      "centroid": 3.5449075755316346,
      "furthest": 4.8444799227267765
    }
  },
  "20": {
    "0": {
      "closest": -3.1374052832874253,
      "centroid": -3.7832882884698518,
      "furthest": -4.241122390425887
    },
    "1": {
      "closest": 2.698990417478304,
      "centroid": 3.803294007609611,
      "furthest": 5.262187426260066
    }
  },
  "21": {
    "0": {
      "closest": -3.4259192565506877,
      "centroid": -4.122911178614956,
      "furthest": -4.537533163732487
    },
    "1": {
      "closest": 2.899564968760658,
      "centroid": 4.166606996680433,
      "furthest": 5.8148653515524265
    }
  },
  "22": {
    "0": {
      "closest": -3.7161754203537276,
      "centroid": -4.376043501397517,
      "furthest": -4.817052999139915
    },
    "1": {
      "closest": 3.196443869784448,
      "centroid": 4.460857979901586,
      "furthest": 6.155658558123047
    }
  },
  "23": {
    "0": {
      "closest": -4.018519856160568,
      "centroid": -4.679209912801762,
      "furthest": -5.124446113574617
    },
    "1": {
      "closest": 3.3740736685227906,
      "centroid": 4.772122990834208,
      "furthest": 6.757843448001105
    }
  },
  "24": {
    "0": {
      "closest": -4.246513147896159,
      "centroid": -4.9154130226720065,
      "furthest": -5.395882662967923
    },
    "1": {
      "closest": 3.536629592919846,
      "centroid": 5.016541249367684,
      "furthest": 7.079932102512823
    }
  },
  "25": {
    "0": {
      "closest": -4.428320114855075,
      "centroid": -5.228275949250105,
      "furthest": -5.969059849533769
    },
    "1": {
      "closest": 3.8240527187908064,
      "centroid": 5.284431872101476,
      "furthest": 7.1876197542837
    }
  },
  "26": {
    "0": {
      "closest": -4.763850615037418,
      "centroid": -5.613152673402665,
      "furthest": -6.496834371508633
    },
    "1": {
      "closest": 4.1303175540721035,
      "centroid": 5.677204870392504,
      "furthest": 7.6931496445259695
    }
  },
  "27": {
    "0": {
      "closest": -4.969603712746077,
      "centroid": -5.948655771472658,
      "furthest": -6.833278046603247
    },
    "1": {
      "closest": 4.3148106476633545,
      "centroid": 6.026048266888922,
      "furthest": 8.249713274208542
    }
  },
  "28": {
    "0": {
      "closest": -5.375111099171664,
      "centroid": -6.488275635678222,
      "furthest": -7.709628193002474
    },
    "1": {
      "closest": 4.771298593921092,
      "centroid": 6.567042736999412,
      "furthest": 8.881993352678741
    }
  },
  "29": {
    "0": {
      "closest": -5.578030837268014,