{
  "0": {
    "0": {
      "closest": 0.0023065991699695587,
      "centroid": -0.030489744618535042,
      "furthest": -0.0861734077334404
    },
    "1": {
      "closest": 9.002164006233215e-06,
      "centroid": 0.025262489914894104,
      "furthest": 0.05367952585220337
    }
  },
  "1": {
    "0": {
      "closest": -0.0013100318610668182,
      "centroid": -0.04636736214160919,
      "furthest": -0.12784560024738312
    },
    "1": {
      "closest": 0.0016081505455076694,
      "centroid": 0.04017968475818634,
      "furthest": 0.0823046937584877
    }
  },
  "2": {
    "0": {
      "closest": -0.009734014980494976,
      "centroid": -0.07980620861053467,
      "furthest": -0.2054557204246521
    },
    "1": {
      "closest": 0.009944307617843151,
      "centroid": 0.06719201803207397,
      "furthest": 0.12686613202095032
    }
  },
  "3": {
    "0": {
      "closest": -0.002507803961634636,
      "centroid": -0.09485084563493729,
      "furthest": -0.23958872258663177
    },
    "1": {
      "closest": 0.0003480330342426896,
      "centroid": 0.07921503484249115,
      "furthest": 0.15435679256916046
    }
  },
  "4": {
    "0": {
      "closest": -0.03427855297923088,
      "centroid": -0.1949540376663208,
      "furthest": -0.4721536636352539
    },
    "1": {
      "closest": 0.04624307528138161,
      "centroid": 0.16803088784217834,
      "furthest": 0.33235710859298706
    }
  },
  "5": {
    "0": {
      "closest": -0.010885961353778839,
      "centroid": -0.17679035663604736,
      "furthest": -0.45591023564338684
    },
    "1": {
      "closest": -0.0013872906565666199,
      "centroid": 0.14888864755630493,
      "furthest": 0.28364065289497375
    }
  },
  "6": {
    "0": {
      "closest": -0.020157575607299805,
      "centroid": -0.23170062899589539,
      "furthest": -0.591515064239502
    },
    "1": {
      "closest": 0.0007269866764545441,
      "centroid": 0.19137412309646606,
      "furthest": 0.3662681579589844
    }
  },
  "7": {
    "0": {
      "closest": -0.0010437369346618652,
      "centroid": -0.17747341096401215,
      "furthest": -0.44747522473335266
    },
    "1": {
      "closest": -0.002757132053375244,
      "centroid": 0.14572441577911377,
      "furthest": 0.2877752184867859
    }
  },
  "8": {
    "0": {
      "closest": -0.014182187616825104,
      "centroid": -0.2839146554470062,
      "furthest": -0.6612377762794495
    },
    "1": {
      "closest": 0.015203099697828293,
      "centroid": 0.2318604588508606,
      "furthest": 0.4387766122817993
    }
  },
  "9": {
    "0": {
      "closest": -0.011897392570972443,
      "centroid": -0.3081590533256531,
      "furthest": -0.6946601271629333
    },
    "1": {
      "closest": 0.008118927478790283,
      "centroid": 0.2508034408092499,
      "furthest": 0.48920562863349915
    }
  },
  "10": {
    "0": {
      "closest": -0.0028868792578577995,
      "centroid": -0.21815049648284912,
      "furthest": -0.5994463562965393
    },
    "1": {
      "closest": 0.000562482513487339,
      "centroid": 0.18001531064510345,
      "furthest": 0.3894757330417633
    }
  },
  "11": {
    "0": {
      "closest": -0.009439333342015743,
      "centroid": -0.3408680856227875,
      "furthest": -0.787285566329956
    },
    "1": {
      "closest": 0.013698373921215534,
      "centroid": 0.2833322584629059,
      "furthest": 0.5688581466674805
    }
  },
  "12": {
    "0": {
      "closest": 0.001552291214466095,
      "centroid": -0.24887140095233917,
      "furthest": -0.6723213791847229
    },
    "1": {
      "closest": -0.0008684955537319183,
      "centroid": 0.20847804844379425,
      "furthest": 0.47938159108161926
    }
  },
  "13": {
    "0": {
      "closest": 0.009856106713414192,
      "centroid": -0.38581493496894836,
      "furthest": -0.9141674041748047
    },
    "1": {
      "closest": 0.00669950433075428,
      "centroid": 0.3252987563610077,
      "furthest": 0.6632021069526672
    }
  },
  "14": {
    "0": {
      "closest": 0.003474622964859009,
      "centroid": -0.26357516646385193,
      "furthest": -0.6539384126663208
    },
    "1": {
      "closest": 0.002830103039741516,
      "centroid": 0.22820480167865753,
      "furthest": 0.5311918258666992
    }
  },
  "15": {
    "0": {
      "closest": -0.010987672954797745,
      "centroid": -0.4496292769908905,
      "furthest": -1.0571355819702148
    },
    "1": {
      "closest": 0.013243418186903,
      "centroid": 0.3903665840625763,
      "furthest": 0.7836470603942871
    }
  },
  "16": {
    "0": {
      "closest": -0.028969373553991318,
      "centroid": -0.4915211498737335,
      "furthest": -1.2448818683624268
    },
    "1": {
      "closest": 0.02027955651283264,
      "centroid": 0.4255479872226715,
      "furthest": 0.8425866961479187
    }
  },
  "17": {
    "0": {
      "closest": 0.011866958811879158,
      "centroid": -0.5679689645767212,
      "furthest": -1.378076434135437
    },
    "1": {
      "closest": 0.031690776348114014,
      "centroid": 0.5048285126686096,
      "furthest": 1.0060020685195923
    }
  },
  "18": {
    "0": {
      "closest": 0.0033077672123908997,
      "centroid": -0.6262662410736084,
      "furthest": -1.5651471614837646
    },
    "1": {
      "closest": 0.03631160408258438,
      "centroid": 0.5590347051620483,
      "furthest": 1.0936087369918823
    }
  },
  "19": {
    "0": {
      "closest": -0.009067073464393616,
      "centroid": -0.48280173540115356,
      "furthest": -1.327852487564087
    },
    "1": {
      "closest": 0.0008601993322372437,
      "centroid": 0.43519946932792664,
      "furthest": 0.9452638626098633
    }
  },
  "20": {
    "0": {
      "closest": -0.0052834153175354,
      "centroid": -0.5239646434783936,
      "furthest": -1.4433053731918335
    },
    "1": {
      "closest": 0.00791078805923462,
      "centroid": 0.47360867261886597,
      "furthest": 1.0480642318725586
    }
  },
  "21": {
    "0": {
      "closest": -0.012397401034832,
      "centroid": -0.5957910418510437,
      "furthest": -1.616592288017273
    },
    "1": {
      "closest": -0.0003850683569908142,
      "centroid": 0.5469818115234375,
      "furthest": 1.3222355842590332
    }
  },
  "22": {
    "0": {
      "closest": -0.05103955417871475,
      "centroid": -0.9261314868927002,
      "furthest": -2.226409912109375
    },
    "1": {
      "closest": 0.0835568755865097,
      "centroid": 0.8466965556144714,
      "furthest": 1.7613757848739624
    }
  },
  "23": {
    "0": {
      "closest": -0.07176290452480316,
      "centroid": -0.9803701639175415,
      "furthest": -2.32163405418396
    },
    "1": {
      "closest": 0.09879806637763977,
      "centroid": 0.9172300100326538,
      "furthest": 1.9349267482757568
    }
  },
  "24": {
    "0": {
      "closest": -0.09923979640007019,
      "centroid": -1.068032145500183,
      "furthest": -2.531038284301758
    },
    "1": {
      "closest": 0.10765153914690018,
      "centroid": 0.9946109056472778,
      "furthest": 2.1035642623901367
    }
  },
  "25": {
    "0": {
      "closest": -0.10174613445997238,
      "centroid": -1.1765880584716797,
      "furthest": -2.7423458099365234
    },
    "1": {
      "closest": 0.11219402402639389,
      "centroid": 1.0938180685043335,
      "furthest": 2.343689441680908
    }
  },
  "26": {
    "0": {
      "closest": 0.002577640116214752,
      "centroid": -0.8652929663658142,
      "furthest": -2.2612364292144775
    },
    "1": {
      "closest": 0.000941447913646698,
      "centroid": 0.8052950501441956,
      "furthest": 1.9626954793930054
    }
  },
  "27": {
    "0": {
      "closest": -0.003839462995529175,
      "centroid": -0.9523806571960449,
      "furthest": -2.520723342895508
    },
    "1": {
      "closest": -0.012230366468429565,
      "centroid": 0.8846846222877502,
      "furthest": 2.116278648376465
    }
  },
  "28": {
    "0": {
      "closest": -0.0005324371159076691,
      "centroid": -1.0599979162216187,