{
  "0": {
    "acc": 0.99625,
    "precision": 0.9974937343358395,
    "recall": 0.995,
    "f1": 0.9962453066332916,
    "auc": 0.9999625000000001,
    "mse": 0.006734690564116577
  },
  "1": {
    "acc": 1.0,
    "precision": 1.0,
    "recall": 1.0,
    "f1": 1.0,
    "auc": 1.0,
    "mse": 0.0030933468493246274
  },
  "2": {
    "acc": 1.0,
    "precision": 1.0,
    "recall": 1.0,
    "f1": 1.0,
    "auc": 1.0,
    "mse": 0.0011252549628584755
  },
  "3": {
    "acc": 0.99125,
    "precision": 0.9924812030075187,
    "recall": 0.99,
    "f1": 0.9912390488110138,
    "auc": 0.99954375,
    "mse": 0.010817075640681417
  },
  "4": {
    "acc": 1.0,
    "precision": 1.0,
    "recall": 1.0,
    "f1": 1.0,
    "auc": 1.0,
    "mse": 0.00023336156300805372
  },
  "5": {
    "acc": 0.995,
    "precision": 0.9974874371859297,
    "recall": 0.9925,
    "f1": 0.9949874686716792,
    "auc": 0.9999250000000001,
    "mse": 0.0060331438177498795
  },
  "6": {
    "acc": 0.9975,
    "precision": 0.9975,
    "recall": 0.9975,
    "f1": 0.9975,
    "auc": 0.9999562500000001,
    "mse": 0.004620799293218446
  },
  "7": {
    "acc": 0.965,
    "precision": 0.958128078817734,
    "recall": 0.9725,
    "f1": 0.9652605459057072,
    "auc": 0.9957312500000001,
    "mse": 0.028664640756077962
  },
  "8": {
    "acc": 0.99875,
    "precision": 0.9975062344139651,
    "recall": 1.0,
    "f1": 0.9987515605493134,
    "auc": 0.99998125,
    "mse": 0.0033069231708675478
  },
  "9": {
    "acc": 0.99875,
    "precision": 0.9975062344139651,
    "recall": 1.0,
    "f1": 0.9987515605493134,
    "auc": 0.99998125,
    "mse": 0.0030908756629720677
  },
  "10": {
    "acc": 0.97375,
    "precision": 0.9702233250620348,
    "recall": 0.9775,
    "f1": 0.9738480697384807,
    "auc": 0.9973875000000001,
    "mse": 0.023637279161678987
  },
  "11": {
    "acc": 0.99875,
    "precision": 0.9975062344139651,
    "recall": 1.0,
    "f1": 0.9987515605493134,
    "auc": 0.9999875,
    "mse": 0.0027121128267861656
  },
  "12": {
    "acc": 0.97625,
    "precision": 0.9798488664987406,
    "recall": 0.9725,
    "f1": 0.9761606022584692,
    "auc": 0.998425,
    "mse": 0.020315124452716625
  },
  "13": {
    "acc": 0.9975,
    "precision": 0.9950248756218906,
    "recall": 1.0,
    "f1": 0.9975062344139651,
    "auc": 0.999975,
    "mse": 0.002882196758161297
  },
  "14": {
    "acc": 0.9775,
    "precision": 0.9751243781094527,
    "recall": 0.98,
    "f1": 0.9775561097256857,
    "auc": 0.9987062499999999,
    "mse": 0.018139972687318442
  },
  "15": {
    "acc": 0.99875,
    "precision": 0.9975062344139651,
    "recall": 1.0,
    "f1": 0.9987515605493134,
    "auc": 0.99999375,
    "mse": 0.002433253299068611
  },
  "16": {
    "acc": 0.99875,
    "precision": 0.9975062344139651,
    "recall": 1.0,
    "f1": 0.9987515605493134,
    "auc": 0.99999375,
    "mse": 0.0021233445770082186
  },
  "17": {
    "acc": 0.99875,
    "precision": 0.9975062344139651,
    "recall": 1.0,
    "f1": 0.9987515605493134,
    "auc": 1.0,
    "mse": 0.001858736380139505
  },
  "18": {
    "acc": 0.99875,
    "precision": 0.9975062344139651,
    "recall": 1.0,
    "f1": 0.9987515605493134,
    "auc": 1.0,
    "mse": 0.0016729653685783618
  },
  "19": {
    "acc": 0.98625,
    "precision": 0.9874686716791979,
    "recall": 0.985,
    "f1": 0.986232790988736,
    "auc": 0.99899375,
    "mse": 0.01534239551123327
  },
  "20": {
    "acc": 0.985,
    "precision": 0.9923857868020305,
    "recall": 0.9775,
    "f1": 0.9848866498740554,
    "auc": 0.9989875,
    "mse": 0.015378498497595152
  },
  "21": {
    "acc": 0.9825,
    "precision": 0.9873737373737373,
    "recall": 0.9775,
    "f1": 0.9824120603015075,
    "auc": 0.9989187500000001,
    "mse": 0.015348830827978275
  },
  "22": {
    "acc": 1.0,
    "precision": 1.0,
    "recall": 1.0,
    "f1": 1.0,
    "auc": 1.0,
    "mse": 0.0011341080033129005
  },
  "23": {
    "acc": 1.0,
    "precision": 1.0,
    "recall": 1.0,
    "f1": 1.0,
    "auc": 1.0,
    "mse": 0.001021931493800638
  },
  "24": {
    "acc": 1.0,
    "precision": 1.0,
    "recall": 1.0,
    "f1": 1.0,
    "auc": 1.0,
    "mse": 0.0009783423301087538
  },
  "25": {
    "acc": 1.0,
    "precision": 1.0,
    "recall": 1.0,
    "f1": 1.0,
    "auc": 1.0,
    "mse": 0.0009680213436684404
  },
  "26": {
    "acc": 0.9875,
    "precision": 0.9850746268656716,
    "recall": 0.99,
    "f1": 0.9875311720698254,
    "auc": 0.999475,
    "mse": 0.011982865557634727
  },
  "27": {
    "acc": 0.9875,
    "precision": 0.9875,
    "recall": 0.9875,
    "f1": 0.9875,
    "auc": 0.9996625,
    "mse": 0.011266782002307116
  },
  "28": {
    "acc": 0.9925,
    "precision": 0.9925,
    "recall": 0.9925,
    "f1": 0.9925,
    "auc": 0.99975625,
    "mse": 0.010245889586909888
  },
  "29": {
    "acc": 0.9925,
    "precision": 0.9925,
    "recall": 0.9925,
    "f1": 0.9925,
    "auc": 0.9998,
    "mse": 0.009412783431055474
  },
  "30": {
    "acc": 0.99375,
    "precision": 0.9900744416873449,
    "recall": 0.9975,
    "f1": 0.9937733499377335,
    "auc": 0.9998875,
    "mse": 0.007892417372855655
  },
  "31": {
    "acc": 0.98,
    "precision": 0.9776119402985075,
    "recall": 0.9825,
    "f1": 0.9800498753117207,
    "auc": 0.9980375,
    "mse": 0.020994713382253016
  },
  "aggregation": {
    "acc": 99.75,
    "precision": 0.9975,
    "recall": 0.9975,
    "f1": 0.9975,
    "auc": 0.9999687500000001,
    "mse": 0.005533794748293603
  }
}