{
  "0": {
    "0": {
      "closest": -0.0004887054674327374,
      "centroid": -0.05055215209722519,
      "furthest": -0.25898462533950806
    },
    "1": {
      "closest": -6.413180381059647e-05,
      "centroid": 0.05055215209722519,
      "furthest": -0.20151445269584656
    }
  },
  "1": {
    "0": {
      "closest": 0.0006920415908098221,
      "centroid": -0.08119527995586395,
      "furthest": -0.3500560522079468
    },
    "1": {
      "closest": 0.00018351059406995773,
      "centroid": 0.08119528740644455,
      "furthest": 0.289675772190094
    }
  },
  "2": {
    "0": {
      "closest": -0.00028905575163662434,
      "centroid": -0.12595489621162415,
      "furthest": -0.4922230839729309
    },
    "1": {
      "closest": 0.00047871569404378533,
      "centroid": 0.12595491111278534,
      "furthest": 0.43783822655677795
    }
  },
  "3": {
    "0": {
      "closest": -0.0004311278462409973,
      "centroid": -0.20106597244739532,
      "furthest": -0.7205199599266052
    },
    "1": {
      "closest": 0.0007310491055250168,
      "centroid": 0.2010660022497177,
      "furthest": 0.6225775480270386
    }
  },
  "4": {
    "0": {
      "closest": 0.0011843163520097733,
      "centroid": -0.2822191119194031,
      "furthest": -0.9465654492378235
    },
    "1": {
      "closest": 0.0002554710954427719,
      "centroid": 0.2822191119194031,
      "furthest": 0.8069939613342285
    }
  },
  "5": {
    "0": {
      "closest": 0.001782895065844059,
      "centroid": -0.31921157240867615,
      "furthest": -1.0525038242340088
    },
    "1": {
      "closest": 0.0008593238890171051,
      "centroid": 0.31921154260635376,
      "furthest": 0.9298641681671143
    }
  },
  "6": {
    "0": {
      "closest": 0.00082420464605093,
      "centroid": -0.37414515018463135,
      "furthest": -1.178151249885559
    },
    "1": {
      "closest": 0.0011459775269031525,
      "centroid": 0.37414517998695374,
      "furthest": 1.0603957176208496
    }
  },
  "7": {
    "0": {
      "closest": 0.0015011345967650414,
      "centroid": -0.434067964553833,
      "furthest": -1.291888952255249
    },
    "1": {
      "closest": 0.004114771261811256,
      "centroid": 0.4340679943561554,
      "furthest": 1.215928077697754
    }
  },
  "8": {
    "0": {
      "closest": -0.0022859005257487297,
      "centroid": -0.46301013231277466,
      "furthest": -1.366479516029358
    },
    "1": {
      "closest": 0.00017927587032318115,
      "centroid": 0.46301016211509705,
      "furthest": 1.1944184303283691
    }
  },
  "9": {
    "0": {
      "closest": -0.00011126324534416199,
      "centroid": -0.5008739829063416,
      "furthest": -1.39743971824646
    },
    "1": {
      "closest": -0.0021834000945091248,
      "centroid": 0.5008740425109863,
      "furthest": 1.288339614868164
    }
  },
  "10": {
    "0": {
      "closest": 0.002214103937149048,
      "centroid": -0.5249370336532593,
      "furthest": -1.386001467704773
    },
    "1": {
      "closest": 0.0007932819426059723,
      "centroid": 0.5249370336532593,
      "furthest": 1.336495280265808
    }
  },
  "11": {
    "0": {
      "closest": 0.0032822787761688232,
      "centroid": -0.5238062143325806,
      "furthest": -1.4118112325668335
    },
    "1": {
      "closest": -0.0009372159838676453,
      "centroid": 0.5238062143325806,
      "furthest": 1.4054749011993408
    }
  },
  "12": {
    "0": {
      "closest": 0.00011973828077316284,
      "centroid": -0.6272305846214294,
      "furthest": -1.6658191680908203
    },
    "1": {
      "closest": -0.003483124077320099,
      "centroid": 0.6272305846214294,
      "furthest": 1.5897548198699951
    }
  },
  "13": {
    "0": {
      "closest": -0.0021248608827590942,
      "centroid": -0.6665070652961731,
      "furthest": -1.8651952743530273
    },
    "1": {
      "closest": -0.001669732853770256,
      "centroid": 0.6665071249008179,
      "furthest": 1.6510733366012573
    }
  },
  "14": {
    "0": {
      "closest": 0.012053489685058594,
      "centroid": -0.689400851726532,
      "furthest": -1.9379552602767944
    },
    "1": {
      "closest": -0.004547484219074249,
      "centroid": 0.689400851726532,
      "furthest": 1.7523677349090576
    }
  },
  "15": {
    "0": {
      "closest": -0.006354061886668205,
      "centroid": -0.8102980852127075,
      "furthest": -2.382861614227295
    },
    "1": {
      "closest": 0.03454244136810303,
      "centroid": 0.8102982044219971,
      "furthest": 2.08882999420166
    }
  },
  "16": {
    "0": {
      "closest": 0.0011916756629943848,
      "centroid": -0.8422845602035522,
      "furthest": -2.410409927368164
    },
    "1": {
      "closest": -0.005456075072288513,
      "centroid": 0.842284619808197,
      "furthest": 2.127978563308716
    }
  },
  "17": {
    "0": {
      "closest": -0.005486682057380676,
      "centroid": -0.991257905960083,
      "furthest": -3.0173707008361816
    },
    "1": {
      "closest": 0.0032970011234283447,
      "centroid": 0.991257905960083,
      "furthest": 2.677497625350952
    }
  },
  "18": {
    "0": {
      "closest": -0.0010440126061439514,
      "centroid": -1.0534887313842773,
      "furthest": -3.248537063598633
    },
    "1": {
      "closest": 0.004809029400348663,
      "centroid": 1.0534887313842773,
      "furthest": 2.9538705348968506
    }
  },
  "19": {
    "0": {
      "closest": 0.0008593201637268066,
      "centroid": -1.1370099782943726,
      "furthest": -3.530085563659668
    },
    "1": {
      "closest": 0.007509833201766014,
      "centroid": 1.137009859085083,
      "furthest": 3.385495185852051
    }
  },
  "20": {
    "0": {
      "closest": -0.004568468779325485,
      "centroid": -1.2272175550460815,
      "furthest": -3.825894832611084
    },
    "1": {
      "closest": -0.0028520524501800537,
      "centroid": 1.2272175550460815,
      "furthest": 3.6463451385498047
    }
  },
  "21": {
    "0": {
      "closest": -0.005027066916227341,
      "centroid": -1.4187822341918945,
      "furthest": -4.569714546203613
    },
    "1": {
      "closest": -0.010942274704575539,
      "centroid": 1.418782353401184,
      "furthest": 4.198477268218994
    }
  },
  "22": {
    "0": {
      "closest": 0.004867220297455788,
      "centroid": -1.5369709730148315,
      "furthest": -5.080628871917725
    },
    "1": {
      "closest": -0.003779083490371704,
      "centroid": 1.536971092224121,
      "furthest": 4.658562660217285
    }
  },
  "23": {
    "0": {
      "closest": 0.0075760334730148315,
      "centroid": -1.652192234992981,
      "furthest": -5.566553115844727
    },
    "1": {
      "closest": 0.013493064790964127,
      "centroid": 1.6521921157836914,
      "furthest": 5.136580467224121
    }
  },
  "24": {
    "0": {
      "closest": 0.01490926742553711,
      "centroid": -1.7408256530761719,
      "furthest": -5.873899459838867
    },
    "1": {
      "closest": 0.014144282788038254,
      "centroid": 1.7408256530761719,
      "furthest": 5.494659900665283
    }
  },
  "25": {
    "0": {
      "closest": 0.00035690516233444214,
      "centroid": -1.9016162157058716,
      "furthest": -6.425723075866699
    },
    "1": {
      "closest": 0.008226476609706879,
      "centroid": 1.9016162157058716,
      "furthest": 6.265615463256836
    }
  },
  "26": {
    "0": {
      "closest": -0.006548762321472168,
      "centroid": -1.9953904151916504,
      "furthest": -6.811428070068359
    },
    "1": {
      "closest": 0.0058881305158138275,
      "centroid": 1.99539053440094,
      "furthest": 6.678189754486084
    }
  },
  "27": {
    "0": {
      "closest": -0.006982527673244476,
      "centroid": -2.0865492820739746,
      "furthest": -7.15757942199707
    },
    "1": {
      "closest": 0.008586570620536804,
      "centroid": 2.0865492820739746,
      "furthest": 7.036252021789551
    }
  },
  "28": {
    "0": {
      "closest": 0.009087204933166504,
      "centroid": -2.220459461212158,
      "furthest": -7.780080795288086
    },