{
  "0": {
    "0": {
      "closest": -2.0909058875405364e-05,
      "centroid": -0.037896453510593266,
      "furthest": -0.11614931750315119
    },
    "1": {
      "closest": 7.286170924930644e-05,
      "centroid": 0.037641361656185736,
      "furthest": 0.10195674022007582
    }
  },
  "1": {
    "0": {
      "closest": -0.00014937538128709238,
      "centroid": -0.04974022463432715,
      "furthest": -0.12596591514136257
    },
    "1": {
      "closest": 0.0006686581188518372,
      "centroid": 0.04646281941437458,
      "furthest": 0.12977783782199998
    }
  },
  "2": {
    "0": {
      "closest": 0.0013376701489279438,
      "centroid": -0.07819067276828098,
      "furthest": -0.1857590846057958
    },
    "1": {
      "closest": 0.001431760717171611,
      "centroid": 0.0778485900508751,
      "furthest": 0.2040743881034747
    }
  },
  "3": {
    "0": {
      "closest": 0.0017394192068394005,
      "centroid": -0.16203378836724916,
      "furthest": -0.38934051937660086
    },
    "1": {
      "closest": -0.0005562407918959268,
      "centroid": 0.15660498303323167,
      "furthest": 0.3696865432078827
    }
  },
  "4": {
    "0": {
      "closest": -0.008377522493380592,
      "centroid": -0.1671774999406611,
      "furthest": -0.4109595121519443
    },
    "1": {
      "closest": -0.0008168751050113242,
      "centroid": 0.16938355733043026,
      "furthest": 0.45546053299359457
    }
  },
  "5": {
    "0": {
      "closest": -0.0031924598957579174,
      "centroid": -0.18925549436651223,
      "furthest": -0.49880458454602
    },
    "1": {
      "closest": -0.0018123424095676244,
      "centroid": 0.19330192272756658,
      "furthest": 0.4957927371255684
    }
  },
  "6": {
    "0": {
      "closest": -0.0002750530636254356,
      "centroid": -0.2423077538447309,
      "furthest": -0.5568564756128145
    },
    "1": {
      "closest": 0.002710603614471393,
      "centroid": 0.24284462107734606,
      "furthest": 0.5475878848063948
    }
  },
  "7": {
    "0": {
      "closest": -0.001193471918579006,
      "centroid": -0.2858323860410829,
      "furthest": -0.6720742772424799
    },
    "1": {
      "closest": -0.0014913545025920238,
      "centroid": 0.27521995941795846,
      "furthest": 0.6696201086851059
    }
  },
  "8": {
    "0": {
      "closest": 0.009262702278071272,
      "centroid": -0.33237455467475113,
      "furthest": -0.7760807378480996
    },
    "1": {
      "closest": -0.015636012164107455,
      "centroid": 0.3155795795127958,
      "furthest": 0.7421919013631864
    }
  },
  "9": {
    "0": {
      "closest": -0.003385879441404116,
      "centroid": -0.4013421453824047,
      "furthest": -0.8909274812485095
    },
    "1": {
      "closest": 0.005389789753412533,
      "centroid": 0.37300144434833854,
      "furthest": 0.8409774803311532
    }
  },
  "10": {
    "0": {
      "closest": -0.022520284112238442,
      "centroid": -0.37834494380621303,
      "furthest": -0.8633521758673833
    },
    "1": {
      "closest": 0.019470636952868117,
      "centroid": 0.3355712451474737,
      "furthest": 0.7919500588934025
    }
  },
  "11": {
    "0": {
      "closest": -0.000210007153736598,
      "centroid": -0.4223264353682534,
      "furthest": -0.8985665755785285
    },
    "1": {
      "closest": -0.020787929346673284,
      "centroid": 0.3878645420893971,
      "furthest": 0.8902495581783336
    }
  },
  "12": {
    "0": {
      "closest": 0.008499331818849681,
      "centroid": -0.46260501601243414,
      "furthest": -0.9693907027747987
    },
    "1": {
      "closest": -0.017778268547208695,
      "centroid": 0.4253762191563372,
      "furthest": 0.9703241752413934
    }
  },
  "13": {
    "0": {
      "closest": -0.0011438150995863594,
      "centroid": -0.47993528508935795,
      "furthest": -0.9819832641586554
    },
    "1": {
      "closest": -0.029799107440409436,
      "centroid": 0.4391473568589595,
      "furthest": 1.0515251547092233
    }
  },
  "14": {
    "0": {
      "closest": 0.007927610341610838,
      "centroid": -0.43452867703438075,
      "furthest": -0.8933968959615427
    },
    "1": {
      "closest": 0.021326907878899536,
      "centroid": 0.37087825351962017,
      "furthest": 0.8548065800253402
    }
  },
  "15": {
    "0": {
      "closest": -0.0015019257959948303,
      "centroid": -0.5147629354449507,
      "furthest": -1.0916251174295508
    },
    "1": {
      "closest": 0.002026761502115726,
      "centroid": 0.47702522215729476,
      "furthest": 1.0615546780055212
    }
  },
  "16": {
    "0": {
      "closest": -0.0035966831106740774,
      "centroid": -0.5161753387597035,
      "furthest": -1.098063531109087
    },
    "1": {
      "closest": 0.015198985224533683,
      "centroid": 0.4735838211495123,
      "furthest": 1.0726358069336488
    }
  },
  "17": {
    "0": {
      "closest": -0.0004764199405343783,
      "centroid": -0.601464263764821,
      "furthest": -1.2554107326004544
    },
    "1": {
      "closest": -0.0132518642384028,
      "centroid": 0.5399169899029418,
      "furthest": 1.252602642118803
    }
  },
  "18": {
    "0": {
      "closest": -0.0019225033671016467,
      "centroid": -0.6322216601122316,
      "furthest": -1.3650889495759033
    },
    "1": {
      "closest": -0.0006738989021110448,
      "centroid": 0.5849884845685379,
      "furthest": 1.3659966998934878
    }
  },
  "19": {
    "0": {
      "closest": -0.0011713389138969799,
      "centroid": -0.77131299745674,
      "furthest": -1.6836895152554296
    },
    "1": {
      "closest": -0.01896352001458601,
      "centroid": 0.727653012591389,
      "furthest": 1.6325954962701759
    }
  },
  "20": {
    "0": {
      "closest": -0.013078543425138311,
      "centroid": -0.6561615880729224,
      "furthest": -1.3746205440660857
    },
    "1": {
      "closest": -0.008375480571937377,
      "centroid": 0.6142058328591326,
      "furthest": 1.4261895763607981
    }
  },
  "21": {
    "0": {
      "closest": 0.002364161209455873,
      "centroid": -0.8719346017788608,
      "furthest": -1.9400339374108393
    },
    "1": {
      "closest": -0.006242193745596855,
      "centroid": 0.8225791707912126,
      "furthest": 1.846698728121754
    }
  },
  "22": {
    "0": {
      "closest": 0.014778628127962157,
      "centroid": -0.7164038624127326,
      "furthest": -1.481994087936303
    },
    "1": {
      "closest": 0.004560102200627681,
      "centroid": 0.6354171301910769,
      "furthest": 1.5204332922824417
    }
  },
  "23": {
    "0": {
      "closest": -0.0019272050585269485,
      "centroid": -0.9577709889760362,
      "furthest": -2.1078234022079534
    },
    "1": {
      "closest": 0.000885077940330492,
      "centroid": 0.9113554870184594,
      "furthest": 2.0786905124604393
    }
  },
  "24": {
    "0": {
      "closest": -0.08714262469098465,
      "centroid": -0.8134661939470366,
      "furthest": -1.7252387513567837
    },
    "1": {
      "closest": 0.09055378791141819,
      "centroid": 0.7264824018940902,
      "furthest": 1.705448450820821
    }
  },
  "25": {
    "0": {
      "closest": -0.03651421968486998,
      "centroid": -0.8583876566063405,
      "furthest": -1.7204975423540727
    },
    "1": {
      "closest": 0.036990334280146225,
      "centroid": 0.800961272502368,
      "furthest": 1.7474051161575472
    }
  },
  "26": {
    "0": {
      "closest": -0.04011771807806752,
      "centroid": -0.8990367689391476,
      "furthest": -1.8666830353685022
    },
    "1": {
      "closest": 0.028315412981321328,
      "centroid": 0.8263117523290525,
      "furthest": 1.7984093727557002
    }
  },
  "27": {
    "0": {
      "closest": 0.017998299349034852,
      "centroid": -1.1490705581530367,
      "furthest": -2.477638445022434
    },
    "1": {
      "closest": -0.012876000104298013,
      "centroid": 1.0762846262582415,
      "furthest": 2.420892290529877
    }
  },
  "28": {
    "0": {
      "closest": -0.08492444648744604,
      "centroid": -1.0036742815955346,