{
  "0": {
    "acc": 0.91,
    "precision": 0.9141414141414141,
    "recall": 0.905,
    "f1": 0.9095477386934674,
    "auc": 0.9650750000000001,
    "mse": 0.071140927778469
  },
  "1": {
    "acc": 0.955,
    "precision": 0.9595959595959596,
    "recall": 0.95,
    "f1": 0.9547738693467337,
    "auc": 0.9903875000000001,
    "mse": 0.03452049799208404
  },
  "2": {
    "acc": 0.9725,
    "precision": 0.9725,
    "recall": 0.9725,
    "f1": 0.9725,
    "auc": 0.99424375,
    "mse": 0.032767978295539714
  },
  "3": {
    "acc": 0.95125,
    "precision": 0.9478908188585607,
    "recall": 0.955,
    "f1": 0.9514321295143213,
    "auc": 0.98909375,
    "mse": 0.052404529834837905
  },
  "4": {
    "acc": 0.9875,
    "precision": 0.9875,
    "recall": 0.9875,
    "f1": 0.9875,
    "auc": 0.9984437500000001,
    "mse": 0.014591765833461166
  },
  "5": {
    "acc": 0.99375,
    "precision": 0.9949874686716792,
    "recall": 0.9925,
    "f1": 0.9937421777221527,
    "auc": 0.9998750000000001,
    "mse": 0.004597241337800565
  },
  "6": {
    "acc": 0.9975,
    "precision": 1.0,
    "recall": 0.995,
    "f1": 0.9974937343358395,
    "auc": 0.9999375,
    "mse": 0.0057782174307191726
  },
  "7": {
    "acc": 0.99625,
    "precision": 0.9974937343358395,
    "recall": 0.995,
    "f1": 0.9962453066332916,
    "auc": 0.9999687500000001,
    "mse": 0.004451053058300011
  },
  "8": {
    "acc": 0.99375,
    "precision": 0.9925187032418953,
    "recall": 0.995,
    "f1": 0.9937578027465668,
    "auc": 0.9999,
    "mse": 0.005626806516480747
  },
  "9": {
    "acc": 0.985,
    "precision": 0.9825870646766169,
    "recall": 0.9875,
    "f1": 0.9850374064837906,
    "auc": 0.9992125,
    "mse": 0.01648452121326996
  },
  "10": {
    "acc": 0.9925,
    "precision": 0.9925,
    "recall": 0.9925,
    "f1": 0.9925,
    "auc": 0.99979375,
    "mse": 0.007031370008845493
  },
  "11": {
    "acc": 0.98375,
    "precision": 0.9801488833746899,
    "recall": 0.9875,
    "f1": 0.9838107098381071,
    "auc": 0.99930625,
    "mse": 0.01580938753458594
  },
  "12": {
    "acc": 0.985,
    "precision": 0.9825870646766169,
    "recall": 0.9875,
    "f1": 0.9850374064837906,
    "auc": 0.9995562499999999,
    "mse": 0.014032704598603752
  },
  "13": {
    "acc": 0.98625,
    "precision": 0.9850374064837906,
    "recall": 0.9875,
    "f1": 0.9862671660424469,
    "auc": 0.9995562499999999,
    "mse": 0.013802049522094522
  },
  "14": {
    "acc": 0.99875,
    "precision": 0.9975062344139651,
    "recall": 1.0,
    "f1": 0.9987515605493134,
    "auc": 1.0,
    "mse": 0.0032814352270117697
  },
  "15": {
    "acc": 0.9875,
    "precision": 0.9826732673267327,
    "recall": 0.9925,
    "f1": 0.9875621890547264,
    "auc": 0.99968125,
    "mse": 0.01203016013539259
  },
  "16": {
    "acc": 0.9925,
    "precision": 0.9925,
    "recall": 0.9925,
    "f1": 0.9925,
    "auc": 0.99974375,
    "mse": 0.01024588074664438
  },
  "17": {
    "acc": 0.98875,
    "precision": 0.9851116625310173,
    "recall": 0.9925,
    "f1": 0.9887920298879203,
    "auc": 0.99965,
    "mse": 0.01093289779203522
  },
  "18": {
    "acc": 0.99,
    "precision": 0.99,
    "recall": 0.99,
    "f1": 0.99,
    "auc": 0.99946875,
    "mse": 0.011019259090116439
  },
  "19": {
    "acc": 0.97375,
    "precision": 0.974937343358396,
    "recall": 0.9725,
    "f1": 0.9737171464330413,
    "auc": 0.99744375,
    "mse": 0.029924036530381653
  },
  "20": {
    "acc": 0.995,
    "precision": 0.9974874371859297,
    "recall": 0.9925,
    "f1": 0.9949874686716792,
    "auc": 0.99986875,
    "mse": 0.007233468006739673
  },
  "21": {
    "acc": 0.975,
    "precision": 0.9773869346733668,
    "recall": 0.9725,
    "f1": 0.974937343358396,
    "auc": 0.9978312500000001,
    "mse": 0.02615079086914065
  },
  "22": {
    "acc": 0.99875,
    "precision": 0.9975062344139651,
    "recall": 1.0,
    "f1": 0.9987515605493134,
    "auc": 0.99999375,
    "mse": 0.0017852473424160974
  },
  "23": {
    "acc": 0.98125,
    "precision": 0.9824561403508771,
    "recall": 0.98,
    "f1": 0.981226533166458,
    "auc": 0.99830625,
    "mse": 0.02281071611800538
  },
  "24": {
    "acc": 1.0,
    "precision": 1.0,
    "recall": 1.0,
    "f1": 1.0,
    "auc": 1.0,
    "mse": 0.0008503359140275214
  },
  "25": {
    "acc": 0.9975,
    "precision": 0.9975,
    "recall": 0.9975,
    "f1": 0.9975,
    "auc": 0.999975,
    "mse": 0.004208215509108239
  },
  "26": {
    "acc": 1.0,
    "precision": 1.0,
    "recall": 1.0,
    "f1": 1.0,
    "auc": 1.0,
    "mse": 0.0028979690102290145
  },
  "27": {
    "acc": 0.985,
    "precision": 0.985,
    "recall": 0.985,
    "f1": 0.985,
    "auc": 0.9991125000000001,
    "mse": 0.017224941771382497
  },
  "28": {
    "acc": 1.0,
    "precision": 1.0,
    "recall": 1.0,
    "f1": 1.0,
    "auc": 1.0,
    "mse": 0.002324735576554834
  },
  "29": {
    "acc": 1.0,
    "precision": 1.0,
    "recall": 1.0,
    "f1": 1.0,
    "auc": 1.0,
    "mse": 0.0014982844274590921
  },
  "30": {
    "acc": 0.9925,
    "precision": 0.9925,
    "recall": 0.9925,
    "f1": 0.9925,
    "auc": 0.99966875,
    "mse": 0.0118370615748843
  },
  "31": {
    "acc": 1.0,
    "precision": 1.0,
    "recall": 1.0,
    "f1": 1.0,
    "auc": 1.0,
    "mse": 0.0008934013107232328
  },
  "aggregation": {
    "acc": 99.625,
    "precision": 0.9974937343358395,
    "recall": 0.995,
    "f1": 0.9962453066332916,
    "auc": 0.99988125,
    "mse": 0.009764158057276618
  }
}