{
  "0": {
    "0": {
      "closest": -0.007800230756402016,
      "centroid": -0.028999432921409607,
      "furthest": -0.06974524259567261
    },
    "1": {
      "closest": 0.008740495890378952,
      "centroid": 0.027611292898654938,
      "furthest": 0.05898785591125488
    }
  },
  "1": {
    "0": {
      "closest": -0.00689188577234745,
      "centroid": -0.03769493103027344,
      "furthest": -0.09535063803195953
    },
    "1": {
      "closest": 0.007432777434587479,
      "centroid": 0.03568653017282486,
      "furthest": 0.07397529482841492
    }
  },
  "2": {
    "0": {
      "closest": -0.028632009401917458,
      "centroid": -0.08752918243408203,
      "furthest": -0.19083981215953827
    },
    "1": {
      "closest": 0.027197392657399178,
      "centroid": 0.0854816660284996,
      "furthest": 0.17856481671333313
    }
  },
  "3": {
    "0": {
      "closest": -0.0429578498005867,
      "centroid": -0.13986773788928986,
      "furthest": -0.3048402965068817
    },
    "1": {
      "closest": 0.04224143177270889,
      "centroid": 0.1367277354001999,
      "furthest": 0.27925872802734375
    }
  },
  "4": {
    "0": {
      "closest": -0.009609077125787735,
      "centroid": -0.11857307702302933,
      "furthest": -0.2647481858730316
    },
    "1": {
      "closest": 0.010675821453332901,
      "centroid": 0.11301606893539429,
      "furthest": 0.23046168684959412
    }
  },
  "5": {
    "0": {
      "closest": -0.017472606152296066,
      "centroid": -0.16831529140472412,
      "furthest": -0.38101404905319214
    },
    "1": {
      "closest": 0.03436142951250076,
      "centroid": 0.15438809990882874,
      "furthest": 0.2903304398059845
    }
  },
  "6": {
    "0": {
      "closest": -0.02617194503545761,
      "centroid": -0.2178242802619934,
      "furthest": -0.4410300850868225
    },
    "1": {
      "closest": 0.052747584879398346,
      "centroid": 0.2018112987279892,
      "furthest": 0.36645302176475525
    }
  },
  "7": {
    "0": {
      "closest": -0.030913449823856354,
      "centroid": -0.2627674341201782,
      "furthest": -0.5157827138900757
    },
    "1": {
      "closest": 0.0637587234377861,
      "centroid": 0.24894781410694122,
      "furthest": 0.4481230080127716
    }
  },
  "8": {
    "0": {
      "closest": 0.0037546157836914062,
      "centroid": -0.16698843240737915,
      "furthest": -0.3512945771217346
    },
    "1": {
      "closest": 0.003223031759262085,
      "centroid": 0.16302849352359772,
      "furthest": 0.33196765184402466
    }
  },
  "9": {
    "0": {
      "closest": -0.03677871823310852,
      "centroid": -0.2982669472694397,
      "furthest": -0.5635735988616943
    },
    "1": {
      "closest": 0.08118472993373871,
      "centroid": 0.2930036187171936,
      "furthest": 0.5230816006660461
    }
  },
  "10": {
    "0": {
      "closest": -0.0318596214056015,
      "centroid": -0.3270661532878876,
      "furthest": -0.578880250453949
    },
    "1": {
      "closest": 0.08675993978977203,
      "centroid": 0.32077208161354065,
      "furthest": 0.5643551349639893
    }
  },
  "11": {
    "0": {
      "closest": -0.03896661102771759,
      "centroid": -0.32640135288238525,
      "furthest": -0.5733908414840698
    },
    "1": {
      "closest": 0.08342055976390839,
      "centroid": 0.32151535153388977,
      "furthest": 0.5516204833984375
    }
  },
  "12": {
    "0": {
      "closest": -0.02318073809146881,
      "centroid": -0.3530506491661072,
      "furthest": -0.6460475921630859
    },
    "1": {
      "closest": 0.1056462824344635,
      "centroid": 0.34018614888191223,
      "furthest": 0.5871548056602478
    }
  },
  "13": {
    "0": {
      "closest": -0.03268346190452576,
      "centroid": -0.3713234066963196,
      "furthest": -0.6842654347419739
    },
    "1": {
      "closest": 0.10735513269901276,
      "centroid": 0.36008399724960327,
      "furthest": 0.6385125517845154
    }
  },
  "14": {
    "0": {
      "closest": -0.036874666810035706,
      "centroid": -0.3750803470611572,
      "furthest": -0.6610908508300781
    },
    "1": {
      "closest": 0.10004137456417084,
      "centroid": 0.3628016710281372,
      "furthest": 0.6353126764297485
    }
  },
  "15": {
    "0": {
      "closest": -0.04557901620864868,
      "centroid": -0.4133705794811249,
      "furthest": -0.7764402627944946
    },
    "1": {
      "closest": 0.09630726277828217,
      "centroid": 0.3969738781452179,
      "furthest": 0.6730398535728455
    }
  },
  "16": {
    "0": {
      "closest": -0.053921133279800415,
      "centroid": -0.47487133741378784,
      "furthest": -0.8805068731307983
    },
    "1": {
      "closest": 0.11269576847553253,
      "centroid": 0.47272300720214844,
      "furthest": 0.8405042886734009
    }
  },
  "17": {
    "0": {
      "closest": -0.07664157450199127,
      "centroid": -0.553585410118103,
      "furthest": -1.1111403703689575
    },
    "1": {
      "closest": 0.13753361999988556,
      "centroid": 0.5630084872245789,
      "furthest": 1.0246708393096924
    }
  },
  "18": {
    "0": {
      "closest": -0.09474289417266846,
      "centroid": -0.6085453629493713,
      "furthest": -1.1889476776123047
    },
    "1": {
      "closest": 0.15134821832180023,
      "centroid": 0.6217822432518005,
      "furthest": 1.1219309568405151
    }
  },
  "19": {
    "0": {
      "closest": -0.11659877002239227,
      "centroid": -0.6578148603439331,
      "furthest": -1.330641508102417
    },
    "1": {
      "closest": 0.1765594780445099,
      "centroid": 0.6817152500152588,
      "furthest": 1.3064651489257812
    }
  },
  "20": {
    "0": {
      "closest": -0.2646946609020233,
      "centroid": -0.9189608097076416,
      "furthest": -1.7257951498031616
    },
    "1": {
      "closest": 0.31112709641456604,
      "centroid": 0.9611647129058838,
      "furthest": 1.8678333759307861
    }
  },
  "21": {
    "0": {
      "closest": -0.28431975841522217,
      "centroid": -1.014554500579834,
      "furthest": -2.023529529571533
    },
    "1": {
      "closest": 0.3396417498588562,
      "centroid": 1.0610487461090088,
      "furthest": 2.164468765258789
    }
  },
  "22": {
    "0": {
      "closest": -0.30004897713661194,
      "centroid": -1.081802248954773,
      "furthest": -2.23395037651062
    },
    "1": {
      "closest": 0.36264026165008545,
      "centroid": 1.135090947151184,
      "furthest": 2.34037709236145
    }
  },
  "23": {
    "0": {
      "closest": -0.32247060537338257,
      "centroid": -1.1725194454193115,
      "furthest": -2.48512601852417
    },
    "1": {
      "closest": 0.3858375549316406,
      "centroid": 1.2140913009643555,
      "furthest": 2.501899242401123
    }
  },
  "24": {
    "0": {
      "closest": -0.22574341297149658,
      "centroid": -1.054348349571228,
      "furthest": -2.322669506072998
    },
    "1": {
      "closest": 0.2913832664489746,
      "centroid": 1.0937260389328003,
      "furthest": 2.2803423404693604
    }
  },
  "25": {
    "0": {
      "closest": -0.009026885032653809,
      "centroid": -0.797776460647583,
      "furthest": -2.1217973232269287
    },
    "1": {
      "closest": 0.01992902159690857,
      "centroid": 0.8004751801490784,
      "furthest": 1.7484498023986816
    }
  },
  "26": {
    "0": {
      "closest": -0.04038095474243164,
      "centroid": -0.8839576840400696,
      "furthest": -2.4359264373779297
    },
    "1": {
      "closest": -0.02325114607810974,
      "centroid": 0.8834896683692932,
      "furthest": 1.943169355392456
    }
  },
  "27": {
    "0": {
      "closest": -0.33892422914505005,
      "centroid": -1.397670865058899,
      "furthest": -3.176281452178955
    },
    "1": {
      "closest": 0.41447770595550537,
      "centroid": 1.441726803779602,
      "furthest": 3.102269172668457
    }
  },
  "28": {
    "0": {
      "closest": -0.39377361536026,
      "centroid": -1.5829107761383057,
      "furthest": -3.6305041313171387
    },