{
  "0": {
    "0": {
      "closest": -0.04707719385623932,
      "centroid": -0.04997452720999718,
      "furthest": -0.05269242823123932
    },
    "1": {
      "closest": 0.04764936864376068,
      "centroid": 0.04994978755712509,
      "furthest": 0.05350874364376068
    }
  },
  "1": {
    "0": {
      "closest": -0.05906409025192261,
      "centroid": -0.06320472061634064,
      "furthest": -0.06785315275192261
    },
    "1": {
      "closest": 0.05909997224807739,
      "centroid": 0.06322350353002548,
      "furthest": 0.06984215974807739
    }
  },
  "2": {
    "0": {
      "closest": -0.08525402843952179,
      "centroid": -0.09267467260360718,
      "furthest": -0.09941418468952179
    },
    "1": {
      "closest": 0.08662097156047821,
      "centroid": 0.09265491366386414,
      "furthest": 0.10517565906047821
    }
  },
  "3": {
    "0": {
      "closest": -0.09454333782196045,
      "centroid": -0.10108508914709091,
      "furthest": -0.11260974407196045
    },
    "1": {
      "closest": 0.08856213092803955,
      "centroid": 0.10104259848594666,
      "furthest": 0.11053478717803955
    }
  },
  "4": {
    "0": {
      "closest": -0.17171654105186462,
      "centroid": -0.18527324497699738,
      "furthest": -0.21944978833198547
    },
    "1": {
      "closest": 0.17278441786766052,
      "centroid": 0.18525856733322144,
      "furthest": 0.20184054970741272
    }
  },
  "5": {
    "0": {
      "closest": -0.16545043885707855,
      "centroid": -0.18025977909564972,
      "furthest": -0.22449371218681335
    },
    "1": {
      "closest": 0.16693779826164246,
      "centroid": 0.18027149140834808,
      "furthest": 0.2020421326160431
    }
  },
  "6": {
    "0": {
      "closest": -0.14621379971504211,
      "centroid": -0.1554947793483734,
      "furthest": -0.16965129971504211
    },
    "1": {
      "closest": 0.13991901278495789,
      "centroid": 0.15546347200870514,
      "furthest": 0.16530963778495789
    }
  },
  "7": {
    "0": {
      "closest": -0.1623932421207428,
      "centroid": -0.17219913005828857,
      "furthest": -0.1858307421207428
    },
    "1": {
      "closest": 0.1569426953792572,
      "centroid": 0.17231136560440063,
      "furthest": 0.1833098828792572
    }
  },
  "8": {
    "0": {
      "closest": -0.17102831602096558,
      "centroid": -0.18372119963169098,
      "furthest": -0.19641894102096558
    },
    "1": {
      "closest": 0.17076855897903442,
      "centroid": 0.18373729288578033,
      "furthest": 0.19615918397903442
    }
  },
  "9": {
    "0": {
      "closest": -0.17807579040527344,
      "centroid": -0.19791710376739502,
      "furthest": -0.21420860290527344
    },
    "1": {
      "closest": 0.17348670959472656,
      "centroid": 0.19790565967559814,
      "furthest": 0.21743202209472656
    }
  },
  "10": {
    "0": {
      "closest": -0.18936040997505188,
      "centroid": -0.207941934466362,
      "furthest": -0.23623540997505188
    },
    "1": {
      "closest": 0.18466302752494812,
      "centroid": 0.20785640180110931,
      "furthest": 0.23349115252494812
    }
  },
  "11": {
    "0": {
      "closest": -0.25426769256591797,
      "centroid": -0.28054577112197876,
      "furthest": -0.3088536858558655
    },
    "1": {
      "closest": 0.25598400831222534,
      "centroid": 0.2802356779575348,
      "furthest": 0.30875611305236816
    }
  },
  "12": {
    "0": {
      "closest": -0.2541971206665039,
      "centroid": -0.28671395778656006,
      "furthest": -0.3188520669937134
    },
    "1": {
      "closest": 0.2654465436935425,
      "centroid": 0.28768524527549744,
      "furthest": 0.3120451867580414
    }
  },
  "13": {
    "0": {
      "closest": -0.1749102920293808,
      "centroid": -0.2077764868736267,
      "furthest": -0.252058744430542
    },
    "1": {
      "closest": 0.1746990829706192,
      "centroid": 0.2075018286705017,
      "furthest": 0.2459881454706192
    }
  },
  "14": {
    "0": {
      "closest": -0.16060106456279755,
      "centroid": -0.20427824556827545,
      "furthest": -0.27000147104263306
    },
    "1": {
      "closest": 0.15650726854801178,
      "centroid": 0.20593266189098358,
      "furthest": 0.27028393745422363
    }
  },
  "15": {
    "0": {
      "closest": -0.1165781021118164,
      "centroid": -0.42259225249290466,
      "furthest": -0.6442791223526001
    },
    "1": {
      "closest": 0.1749652624130249,
      "centroid": 0.4283604919910431,
      "furthest": 0.7971193790435791
    }
  },
  "16": {
    "0": {
      "closest": -0.2704799175262451,
      "centroid": -0.491460382938385,
      "furthest": -0.6410151720046997
    },
    "1": {
      "closest": 0.2663285732269287,
      "centroid": 0.5034271478652954,
      "furthest": 0.8290505409240723
    }
  },
  "17": {
    "0": {
      "closest": -0.25356972217559814,
      "centroid": -0.5850217938423157,
      "furthest": -0.7502526044845581
    },
    "1": {
      "closest": 0.328508198261261,
      "centroid": 0.607693076133728,
      "furthest": 1.0908944606781006
    }
  },
  "18": {
    "0": {
      "closest": -0.24349910020828247,
      "centroid": -0.30948540568351746,
      "furthest": -0.37631160020828247
    },
    "1": {
      "closest": 0.16812199354171753,
      "centroid": 0.30964425206184387,
      "furthest": 0.5123602747917175
    }
  },
  "19": {
    "0": {
      "closest": -0.31457027792930603,
      "centroid": -0.5440858006477356,
      "furthest": -0.6264464855194092
    },
    "1": {
      "closest": 0.33726873993873596,
      "centroid": 0.5715577602386475,
      "furthest": 0.9341156482696533
    }
  },
  "20": {
    "0": {
      "closest": -0.3038293719291687,
      "centroid": -0.61276775598526,
      "furthest": -0.7504568696022034
    },
    "1": {
      "closest": 0.32768768072128296,
      "centroid": 0.654216468334198,
      "furthest": 1.181348204612732
    }
  },
  "21": {
    "0": {
      "closest": -0.4893665909767151,
      "centroid": -0.7464550137519836,
      "furthest": -0.9311482310295105
    },
    "1": {
      "closest": 0.3541133403778076,
      "centroid": 0.7771881818771362,
      "furthest": 1.4184470176696777
    }
  },
  "22": {
    "0": {
      "closest": -0.5396939516067505,
      "centroid": -0.7210214138031006,
      "furthest": -0.8923065662384033
    },
    "1": {
      "closest": 0.29201292991638184,
      "centroid": 0.7636672854423523,
      "furthest": 1.3822226524353027
    }
  },
  "23": {
    "0": {
      "closest": -0.6671422719955444,
      "centroid": -0.8188281059265137,
      "furthest": -0.9376734495162964
    },
    "1": {
      "closest": 0.5142953395843506,
      "centroid": 0.8461800217628479,
      "furthest": 1.4029747247695923
    }
  },
  "24": {
    "0": {
      "closest": -0.7609858512878418,
      "centroid": -0.8960884213447571,
      "furthest": -0.9962962865829468
    },
    "1": {
      "closest": 0.46834659576416016,
      "centroid": 0.9473894238471985,
      "furthest": 1.6529319286346436
    }
  },
  "25": {
    "0": {
      "closest": -0.8582168221473694,
      "centroid": -0.9602050185203552,
      "furthest": -1.046309471130371
    },
    "1": {
      "closest": 0.6256563067436218,
      "centroid": 0.9943609833717346,
      "furthest": 1.6124622821807861
    }
  },
  "26": {
    "0": {
      "closest": -0.4102729558944702,
      "centroid": -0.5632631778717041,
      "furthest": -0.6992950439453125
    },
    "1": {
      "closest": 0.19736409187316895,
      "centroid": 0.5334432721138,
      "furthest": 1.06136155128479
    }
  },
  "27": {
    "0": {
      "closest": -0.32674604654312134,
      "centroid": -0.5257827639579773,
      "furthest": -0.6917024254798889
    },
    "1": {
      "closest": 0.26916342973709106,
      "centroid": 0.5041427612304688,
      "furthest": 0.9596627354621887
    }
  },
  "28": {
    "0": {
      "closest": -0.33150339126586914,
      "centroid": -0.5159565806388855,
      "furthest": -0.7020319700241089
    },