{
  "0": {
    "0": {
      "closest": 9.506158918618553e-05,
      "centroid": -0.048458970822992546,
      "furthest": -0.17780535056588176
    },
    "1": {
      "closest": 4.130040237582122e-07,
      "centroid": 0.048994689469307975,
      "furthest": 0.11790558076340435
    }
  },
  "1": {
    "0": {
      "closest": 0.0003689174440799723,
      "centroid": -0.07823394723059962,
      "furthest": -0.2078382949966236
    },
    "1": {
      "closest": 0.0008647258350228428,
      "centroid": 0.06479208735947452,
      "furthest": 0.14517129934813344
    }
  },
  "2": {
    "0": {
      "closest": -0.001178496139688295,
      "centroid": -0.13023788370841713,
      "furthest": -0.36016758105475066
    },
    "1": {
      "closest": -0.0005485991874654289,
      "centroid": 0.12278780562277365,
      "furthest": 0.2833297304047177
    }
  },
  "3": {
    "0": {
      "closest": -0.0002611614746796144,
      "centroid": -0.2149857085310199,
      "furthest": -0.517797108092678
    },
    "1": {
      "closest": 0.0011952824067720611,
      "centroid": 0.19505026308610185,
      "furthest": 0.41217751005772296
    }
  },
  "4": {
    "0": {
      "closest": -0.004730050659641597,
      "centroid": -0.23141114355577896,
      "furthest": -0.5602759122251679
    },
    "1": {
      "closest": -0.0010311465319880284,
      "centroid": 0.1988309572064653,
      "furthest": 0.39472947210646225
    }
  },
  "5": {
    "0": {
      "closest": 0.005580378979527427,
      "centroid": -0.3509205746174329,
      "furthest": -0.8885113422013515
    },
    "1": {
      "closest": 0.002870794870154167,
      "centroid": 0.30097914702667916,
      "furthest": 0.5728670058544749
    }
  },
  "6": {
    "0": {
      "closest": -0.002106394516732106,
      "centroid": -0.45140395656854254,
      "furthest": -1.1705935801248613
    },
    "1": {
      "closest": -0.017718108410713817,
      "centroid": 0.4146584134022389,
      "furthest": 0.7839304183166558
    }
  },
  "7": {
    "0": {
      "closest": -0.007133872601841305,
      "centroid": -0.4988620714416332,
      "furthest": -1.186577148831349
    },
    "1": {
      "closest": -0.018279898104882022,
      "centroid": 0.4256760333219188,
      "furthest": 0.7487979226520826
    }
  },
  "8": {
    "0": {
      "closest": -0.036529664043491096,
      "centroid": -0.49838993067441706,
      "furthest": -1.1985961869170314
    },
    "1": {
      "closest": 0.050813648995506826,
      "centroid": 0.3794214300987815,
      "furthest": 0.7384664077109735
    }
  },
  "9": {
    "0": {
      "closest": -0.014551487062186577,
      "centroid": -0.561800058044158,
      "furthest": -1.333062447436454
    },
    "1": {
      "closest": 0.025761401558824185,
      "centroid": 0.42902903468796066,
      "furthest": 0.7938536960052418
    }
  },
  "10": {
    "0": {
      "closest": -0.0006896473413542069,
      "centroid": -0.6207501992900434,
      "furthest": -1.4596453590224368
    },
    "1": {
      "closest": -0.009596058883231003,
      "centroid": 0.5117917852391828,
      "furthest": 0.9554139281305533
    }
  },
  "11": {
    "0": {
      "closest": -0.001787831465277251,
      "centroid": -0.6513698761455273,
      "furthest": -1.517167674112477
    },
    "1": {
      "closest": -0.0013919615671555974,
      "centroid": 0.5247448156503938,
      "furthest": 0.948205724275759
    }
  },
  "12": {
    "0": {
      "closest": -0.00758151678711954,
      "centroid": -0.7381370134113904,
      "furthest": -1.7637918747464012
    },
    "1": {
      "closest": -0.011335869156053167,
      "centroid": 0.6242511214008243,
      "furthest": 1.133794131666619
    }
  },
  "13": {
    "0": {
      "closest": 0.0016548375380240343,
      "centroid": -0.7466616282868889,
      "furthest": -1.6700099959067582
    },
    "1": {
      "closest": -0.004001829907841634,
      "centroid": 0.6602764584602359,
      "furthest": 1.1887216699100787
    }
  },
  "14": {
    "0": {
      "closest": 0.059428991852294805,
      "centroid": -0.7328338694361685,
      "furthest": -1.6074125544421456
    },
    "1": {
      "closest": 0.0033282660376237616,
      "centroid": 0.6351494213291246,
      "furthest": 1.1428653255330348
    }
  },
  "15": {
    "0": {
      "closest": -0.03165065521044494,
      "centroid": -0.8095827797206767,
      "furthest": -1.8522453033804867
    },
    "1": {
      "closest": 0.00988943378151888,
      "centroid": 0.6985223636037979,
      "furthest": 1.3865391581101112
    }
  },
  "16": {
    "0": {
      "closest": 0.03945466113770399,
      "centroid": -0.8243091774002184,
      "furthest": -1.9468682300111295
    },
    "1": {
      "closest": 0.002105977321856911,
      "centroid": 0.7310138919539381,
      "furthest": 1.374579882295499
    }
  },
  "17": {
    "0": {
      "closest": 0.03107196337430848,
      "centroid": -0.8686277192282614,
      "furthest": -1.9821462212545167
    },
    "1": {
      "closest": 0.0026676999693142633,
      "centroid": 0.7692071940788636,
      "furthest": 1.5101902165653909
    }
  },
  "18": {
    "0": {
      "closest": -0.018132507067086384,
      "centroid": -0.9226663328247701,
      "furthest": -2.1244290940884873
    },
    "1": {
      "closest": -0.010119990334347989,
      "centroid": 0.8197491833326334,
      "furthest": 1.6180976574234398
    }
  },
  "19": {
    "0": {
      "closest": 0.05966223672709753,
      "centroid": -0.9301358756214,
      "furthest": -2.148408482064254
    },
    "1": {
      "closest": 0.009935224100029422,
      "centroid": 0.8540792086274691,
      "furthest": 1.7228416899848382
    }
  },
  "20": {
    "0": {
      "closest": 0.05739619592119949,
      "centroid": -0.974437400365744,
      "furthest": -2.2504750900895405
    },
    "1": {
      "closest": -0.025153503969076507,
      "centroid": 0.8939521622834757,
      "furthest": 1.838386516785422
    }
  },
  "21": {
    "0": {
      "closest": -0.06880211406297665,
      "centroid": -1.1564033666605147,
      "furthest": -2.726000685980294
    },
    "1": {
      "closest": 0.03634426516847,
      "centroid": 1.0308334123322045,
      "furthest": 2.167759800582432
    }
  },
  "22": {
    "0": {
      "closest": -0.13347861204030612,
      "centroid": -1.2521743823774811,
      "furthest": -2.9639863495145224
    },
    "1": {
      "closest": -0.015551515239849267,
      "centroid": 1.1089266753329283,
      "furthest": 2.4240588160460845
    }
  },
  "23": {
    "0": {
      "closest": 0.11156580111986386,
      "centroid": -1.2569182401739178,
      "furthest": -2.9991593975949593
    },
    "1": {
      "closest": 0.02348806777379092,
      "centroid": 1.1231371096533398,
      "furthest": 2.3897835526245004
    }
  },
  "24": {
    "0": {
      "closest": 0.014773582992658185,
      "centroid": -1.4108757550220137,
      "furthest": -3.2310298429597815
    },
    "1": {
      "closest": 0.019376458940876806,
      "centroid": 1.351983779996016,
      "furthest": 2.8530860620890484
    }
  },
  "25": {
    "0": {
      "closest": 0.04269120231861029,
      "centroid": -1.4540679586513887,
      "furthest": -3.4042224217002337
    },
    "1": {
      "closest": -0.026521261165801724,
      "centroid": 1.2998138558834718,
      "furthest": 2.971104541552781
    }
  },
  "26": {
    "0": {
      "closest": -0.04428481092648073,
      "centroid": -1.5063358533089533,
      "furthest": -3.4081790386791315
    },
    "1": {
      "closest": 0.08956021170233666,
      "centroid": 1.3421543316378786,
      "furthest": 3.1446060242674037
    }
  },
  "27": {
    "0": {
      "closest": -0.07407461990102612,
      "centroid": -1.6190078505504382,
      "furthest": -3.7100165650617916
    },
    "1": {
      "closest": -0.01899796752552535,
      "centroid": 1.4660215531771115,
      "furthest": 3.443740780281434
    }
  },
  "28": {
    "0": {
      "closest": -0.2870269401084119,
      "centroid": -1.7639844790100674,
      "furthest": -4.078024820222799
    },