{
  "0": {
    "acc": 0.89125,
    "precision": 0.8665105386416861,
    "recall": 0.925,
    "f1": 0.8948004836759371,
    "auc": 0.96210625,
    "mse": 0.149359361211673
  },
  "1": {
    "acc": 0.95875,
    "precision": 0.9576059850374065,
    "recall": 0.96,
    "f1": 0.9588014981273408,
    "auc": 0.9915,
    "mse": 0.03587940516443512
  },
  "2": {
    "acc": 0.93375,
    "precision": 0.9242053789731052,
    "recall": 0.945,
    "f1": 0.934487021013597,
    "auc": 0.98253125,
    "mse": 0.07139259544989024
  },
  "3": {
    "acc": 0.96375,
    "precision": 0.9580246913580247,
    "recall": 0.97,
    "f1": 0.9639751552795031,
    "auc": 0.99194375,
    "mse": 0.041762706185138596
  },
  "4": {
    "acc": 0.9975,
    "precision": 0.9975,
    "recall": 0.9975,
    "f1": 0.9975,
    "auc": 0.99995,
    "mse": 0.005547500306009487
  },
  "5": {
    "acc": 0.98125,
    "precision": 0.9824561403508771,
    "recall": 0.98,
    "f1": 0.981226533166458,
    "auc": 0.9987625,
    "mse": 0.020089475460286877
  },
  "6": {
    "acc": 0.965,
    "precision": 0.9603960396039604,
    "recall": 0.97,
    "f1": 0.9651741293532339,
    "auc": 0.9967187500000001,
    "mse": 0.04488788547749621
  },
  "7": {
    "acc": 0.99125,
    "precision": 0.9974683544303797,
    "recall": 0.985,
    "f1": 0.9911949685534591,
    "auc": 0.9997375000000001,
    "mse": 0.010627428328339844
  },
  "8": {
    "acc": 1.0,
    "precision": 1.0,
    "recall": 1.0,
    "f1": 1.0,
    "auc": 1.0,
    "mse": 0.00029755544262071327
  },
  "9": {
    "acc": 1.0,
    "precision": 1.0,
    "recall": 1.0,
    "f1": 1.0,
    "auc": 1.0,
    "mse": 0.0007916624951057373
  },
  "10": {
    "acc": 0.99625,
    "precision": 0.9974937343358395,
    "recall": 0.995,
    "f1": 0.9962453066332916,
    "auc": 0.99986875,
    "mse": 0.004568897994831097
  },
  "11": {
    "acc": 0.99625,
    "precision": 0.9974937343358395,
    "recall": 0.995,
    "f1": 0.9962453066332916,
    "auc": 0.9998812499999999,
    "mse": 0.004629846909973889
  },
  "12": {
    "acc": 0.99,
    "precision": 0.9949494949494949,
    "recall": 0.985,
    "f1": 0.9899497487437185,
    "auc": 0.99966875,
    "mse": 0.00986227735750769
  },
  "13": {
    "acc": 0.99,
    "precision": 0.992462311557789,
    "recall": 0.9875,
    "f1": 0.9899749373433584,
    "auc": 0.9997375,
    "mse": 0.008726535822670993
  },
  "14": {
    "acc": 0.995,
    "precision": 0.995,
    "recall": 0.995,
    "f1": 0.995,
    "auc": 0.9998875,
    "mse": 0.00604589011576362
  },
  "15": {
    "acc": 0.995,
    "precision": 0.995,
    "recall": 0.995,
    "f1": 0.995,
    "auc": 0.9997812500000001,
    "mse": 0.004907819943573611
  },
  "16": {
    "acc": 0.995,
    "precision": 0.995,
    "recall": 0.995,
    "f1": 0.995,
    "auc": 0.99990625,
    "mse": 0.005531628946431959
  },
  "17": {
    "acc": 0.99625,
    "precision": 0.9950124688279302,
    "recall": 0.9975,
    "f1": 0.9962546816479401,
    "auc": 0.9999125,
    "mse": 0.004639807707416351
  },
  "18": {
    "acc": 0.99625,
    "precision": 0.9974937343358395,
    "recall": 0.995,
    "f1": 0.9962453066332916,
    "auc": 0.999925,
    "mse": 0.005018439717586625
  },
  "19": {
    "acc": 0.9975,
    "precision": 0.9975,
    "recall": 0.9975,
    "f1": 0.9975,
    "auc": 0.9999875,
    "mse": 0.003842941709736294
  },
  "20": {
    "acc": 0.9975,
    "precision": 0.9975,
    "recall": 0.9975,
    "f1": 0.9975,
    "auc": 0.9999875,
    "mse": 0.0029990048850648088
  },
  "21": {
    "acc": 0.9975,
    "precision": 0.9975,
    "recall": 0.9975,
    "f1": 0.9975,
    "auc": 0.99994375,
    "mse": 0.0037618758318716506
  },
  "22": {
    "acc": 0.99625,
    "precision": 0.9974937343358395,
    "recall": 0.995,
    "f1": 0.9962453066332916,
    "auc": 0.99995,
    "mse": 0.0038802203803463596
  },
  "23": {
    "acc": 0.99875,
    "precision": 0.9975062344139651,
    "recall": 1.0,
    "f1": 0.9987515605493134,
    "auc": 0.9999875,
    "mse": 0.0023616912125387084
  },
  "24": {
    "acc": 0.99375,
    "precision": 0.9949874686716792,
    "recall": 0.9925,
    "f1": 0.9937421777221527,
    "auc": 0.999775,
    "mse": 0.010646372315811923
  },
  "25": {
    "acc": 0.9975,
    "precision": 0.9975,
    "recall": 0.9975,
    "f1": 0.9975,
    "auc": 0.99999375,
    "mse": 0.002186803742051865
  },
  "26": {
    "acc": 1.0,
    "precision": 1.0,
    "recall": 1.0,
    "f1": 1.0,
    "auc": 1.0,
    "mse": 0.001275860140310804
  },
  "27": {
    "acc": 0.9975,
    "precision": 0.9975,
    "recall": 0.9975,
    "f1": 0.9975,
    "auc": 0.9999750000000001,
    "mse": 0.0017902258721514902
  },
  "28": {
    "acc": 1.0,
    "precision": 1.0,
    "recall": 1.0,
    "f1": 1.0,
    "auc": 1.0,
    "mse": 0.00013225299250981242
  },
  "29": {
    "acc": 1.0,
    "precision": 1.0,
    "recall": 1.0,
    "f1": 1.0,
    "auc": 1.0,
    "mse": 1.0983482614582898e-05
  },
  "30": {
    "acc": 1.0,
    "precision": 1.0,
    "recall": 1.0,
    "f1": 1.0,
    "auc": 1.0,
    "mse": 0.00011436284866037418
  },
  "31": {
    "acc": 1.0,
    "precision": 1.0,
    "recall": 1.0,
    "f1": 1.0,
    "auc": 1.0,
    "mse": 0.00013259466156750963
  },
  "aggregation": {
    "acc": 99.75,
    "precision": 0.9975,
    "recall": 0.9975,
    "f1": 0.9975,
    "auc": 0.99998125,
    "mse": 0.005964964346779304
  }
}