{
  "0": {
    "0": {
      "closest": -0.0022421765606850386,
      "centroid": -0.020187370479106903,
      "furthest": -0.0555654875934124
    },
    "1": {
      "closest": 0.0001017274335026741,
      "centroid": 0.02061692625284195,
      "furthest": 0.047313205897808075
    }
  },
  "1": {
    "0": {
      "closest": -0.006054142490029335,
      "centroid": -0.03305716812610626,
      "furthest": -0.08170625567436218
    },
    "1": {
      "closest": 0.0035631507635116577,
      "centroid": 0.0339214988052845,
      "furthest": 0.07654833793640137
    }
  },
  "2": {
    "0": {
      "closest": 0.00033527426421642303,
      "centroid": -0.044003892689943314,
      "furthest": -0.1260192096233368
    },
    "1": {
      "closest": 0.0005700476467609406,
      "centroid": 0.04476359486579895,
      "furthest": 0.10172905772924423
    }
  },
  "3": {
    "0": {
      "closest": -0.03266745060682297,
      "centroid": -0.11206910759210587,
      "furthest": -0.24089613556861877
    },
    "1": {
      "closest": 0.011140461079776287,
      "centroid": 0.11733122915029526,
      "furthest": 0.2418072372674942
    }
  },
  "4": {
    "0": {
      "closest": -0.04995916783809662,
      "centroid": -0.16922889649868011,
      "furthest": -0.37186044454574585
    },
    "1": {
      "closest": 0.019407829269766808,
      "centroid": 0.1821497529745102,
      "furthest": 0.38459551334381104
    }
  },
  "5": {
    "0": {
      "closest": -0.06926964968442917,
      "centroid": -0.23249927163124084,
      "furthest": -0.48417556285858154
    },
    "1": {
      "closest": 0.04494338855147362,
      "centroid": 0.24787479639053345,
      "furthest": 0.5066335201263428
    }
  },
  "6": {
    "0": {
      "closest": -0.09177807718515396,
      "centroid": -0.3010105788707733,
      "furthest": -0.5910210609436035
    },
    "1": {
      "closest": 0.05865306407213211,
      "centroid": 0.3254926800727844,
      "furthest": 0.6731470823287964
    }
  },
  "7": {
    "0": {
      "closest": -0.10803716629743576,
      "centroid": -0.35959532856941223,
      "furthest": -0.6549296379089355
    },
    "1": {
      "closest": 0.07138346135616302,
      "centroid": 0.39538127183914185,
      "furthest": 0.7621273994445801
    }
  },
  "8": {
    "0": {
      "closest": -0.11785323917865753,
      "centroid": -0.40586671233177185,
      "furthest": -0.7095507979393005
    },
    "1": {
      "closest": 0.0815768837928772,
      "centroid": 0.4555496871471405,
      "furthest": 0.813357412815094
    }
  },
  "9": {
    "0": {
      "closest": -0.055900268256664276,
      "centroid": -0.2753945589065552,
      "furthest": -0.4819485545158386
    },
    "1": {
      "closest": 0.007331248372793198,
      "centroid": 0.3221895694732666,
      "furthest": 0.6067399978637695
    }
  },
  "10": {
    "0": {
      "closest": -0.06259657442569733,
      "centroid": -0.2818666994571686,
      "furthest": -0.5117048025131226
    },
    "1": {
      "closest": 0.001096423715353012,
      "centroid": 0.3343164026737213,
      "furthest": 0.6612919569015503
    }
  },
  "11": {
    "0": {
      "closest": -0.06341822445392609,
      "centroid": -0.2914322316646576,
      "furthest": -0.5793111324310303
    },
    "1": {
      "closest": 0.00502646341919899,
      "centroid": 0.3474915325641632,
      "furthest": 0.6952790021896362
    }
  },
  "12": {
    "0": {
      "closest": -0.07289464771747589,
      "centroid": -0.33321037888526917,
      "furthest": -0.6314159631729126
    },
    "1": {
      "closest": -0.004209896549582481,
      "centroid": 0.3786907196044922,
      "furthest": 0.753669261932373
    }
  },
  "13": {
    "0": {
      "closest": -0.05352269858121872,
      "centroid": -0.3562321066856384,
      "furthest": -0.7062808275222778
    },
    "1": {
      "closest": 0.012566369026899338,
      "centroid": 0.40747031569480896,
      "furthest": 0.8569521903991699
    }
  },
  "14": {
    "0": {
      "closest": -0.15027707815170288,
      "centroid": -0.5365443229675293,
      "furthest": -1.1036787033081055
    },
    "1": {
      "closest": 0.10386776179075241,
      "centroid": 0.5934837460517883,
      "furthest": 1.149383306503296
    }
  },
  "15": {
    "0": {
      "closest": -0.1697222888469696,
      "centroid": -0.5695270895957947,
      "furthest": -1.03165864944458
    },
    "1": {
      "closest": 0.11846993118524551,
      "centroid": 0.6405797600746155,
      "furthest": 1.2675602436065674
    }
  },
  "16": {
    "0": {
      "closest": -0.07650953531265259,
      "centroid": -0.4463481903076172,
      "furthest": -0.8794325590133667
    },
    "1": {
      "closest": 0.03638431429862976,
      "centroid": 0.5119818449020386,
      "furthest": 1.0639199018478394
    }
  },
  "17": {
    "0": {
      "closest": -0.1963784098625183,
      "centroid": -0.6961888074874878,
      "furthest": -1.3468328714370728
    },
    "1": {
      "closest": 0.15621384978294373,
      "centroid": 0.7819668650627136,
      "furthest": 1.5408399105072021
    }
  },
  "18": {
    "0": {
      "closest": -0.19696392118930817,
      "centroid": -0.7396926879882812,
      "furthest": -1.454391598701477
    },
    "1": {
      "closest": 0.15762147307395935,
      "centroid": 0.8362005352973938,
      "furthest": 1.7195470333099365
    }
  },
  "19": {
    "0": {
      "closest": -0.21857282519340515,
      "centroid": -0.7905129790306091,
      "furthest": -1.5141035318374634
    },
    "1": {
      "closest": 0.17229190468788147,
      "centroid": 0.8997701406478882,
      "furthest": 1.8130357265472412
    }
  },
  "20": {
    "0": {
      "closest": -0.23088860511779785,
      "centroid": -0.8393273949623108,
      "furthest": -1.6008963584899902
    },
    "1": {
      "closest": 0.18809360265731812,
      "centroid": 0.9612257480621338,
      "furthest": 1.9720171689987183
    }
  },
  "21": {
    "0": {
      "closest": -0.1543434113264084,
      "centroid": -0.7526320815086365,
      "furthest": -1.4915812015533447
    },
    "1": {
      "closest": 0.0712805986404419,
      "centroid": 0.8667722940444946,
      "furthest": 1.912989616394043
    }
  },
  "22": {
    "0": {
      "closest": -0.16821429133415222,
      "centroid": -0.8097643852233887,
      "furthest": -1.5887329578399658
    },
    "1": {
      "closest": 0.07733350992202759,
      "centroid": 0.9261000156402588,
      "furthest": 2.0051653385162354
    }
  },
  "23": {
    "0": {
      "closest": -0.25718435645103455,
      "centroid": -1.0410276651382446,
      "furthest": -2.075854778289795
    },
    "1": {
      "closest": 0.18945986032485962,
      "centroid": 1.1793922185897827,
      "furthest": 2.3954267501831055
    }
  },
  "24": {
    "0": {
      "closest": -0.26719793677330017,
      "centroid": -1.103395938873291,
      "furthest": -2.2205519676208496
    },
    "1": {
      "closest": 0.1878381371498108,
      "centroid": 1.2408546209335327,
      "furthest": 2.5510404109954834
    }
  },
  "25": {
    "0": {
      "closest": -0.28247588872909546,
      "centroid": -1.20060396194458,
      "furthest": -2.42800235748291
    },
    "1": {
      "closest": 0.19667384028434753,
      "centroid": 1.3540974855422974,
      "furthest": 2.7972404956817627
    }
  },
  "26": {
    "0": {
      "closest": -0.2951367497444153,
      "centroid": -1.289164423942566,
      "furthest": -2.577143907546997
    },
    "1": {
      "closest": 0.1984196901321411,
      "centroid": 1.457957148551941,
      "furthest": 3.039517402648926
    }
  },
  "27": {
    "0": {
      "closest": -0.3058631420135498,
      "centroid": -1.3742538690567017,
      "furthest": -2.722254753112793
    },
    "1": {
      "closest": 0.2031964808702469,
      "centroid": 1.564087986946106,
      "furthest": 3.2917914390563965
    }
  },
  "28": {
    "0": {
      "closest": -0.3348252475261688,
      "centroid": -1.5111862421035767,
      "furthest": -2.94110107421875
    },