{
  "0": {
    "0": {
      "closest": -0.00013377738650888205,
      "centroid": -0.04619854688644409,
      "furthest": -0.19372299313545227
    },
    "1": {
      "closest": -0.0008751684799790382,
      "centroid": 0.04619855061173439,
      "furthest": -0.1744663417339325
    }
  },
  "1": {
    "0": {
      "closest": -0.0002451390027999878,
      "centroid": -0.08356372267007828,
      "furthest": -0.284915030002594
    },
    "1": {
      "closest": 0.0015413975343108177,
      "centroid": 0.08356372267007828,
      "furthest": -0.27952462434768677
    }
  },
  "2": {
    "0": {
      "closest": -0.0010401965118944645,
      "centroid": -0.13906042277812958,
      "furthest": -0.4087260067462921
    },
    "1": {
      "closest": 0.0013894280418753624,
      "centroid": 0.13906042277812958,
      "furthest": -0.450376033782959
    }
  },
  "3": {
    "0": {
      "closest": -0.006783538497984409,
      "centroid": -0.24638983607292175,
      "furthest": -0.6264164447784424
    },
    "1": {
      "closest": -4.830537363886833e-06,
      "centroid": 0.24638982117176056,
      "furthest": -0.7522974610328674
    }
  },
  "4": {
    "0": {
      "closest": -0.0022398345172405243,
      "centroid": -0.3518216609954834,
      "furthest": -0.8204299211502075
    },
    "1": {
      "closest": -0.0006997175514698029,
      "centroid": 0.3518216609954834,
      "furthest": -0.8889573216438293
    }
  },
  "5": {
    "0": {
      "closest": 0.010973229072988033,
      "centroid": -0.4142860472202301,
      "furthest": -0.9279240965843201
    },
    "1": {
      "closest": -0.0036923009902238846,
      "centroid": 0.4142860472202301,
      "furthest": 0.9279552102088928
    }
  },
  "6": {
    "0": {
      "closest": 0.00033095479011535645,
      "centroid": -0.5212407112121582,
      "furthest": -1.1777148246765137
    },
    "1": {
      "closest": 0.002472028136253357,
      "centroid": 0.5212407112121582,
      "furthest": 1.220686912536621
    }
  },
  "7": {
    "0": {
      "closest": -0.0008546411991119385,
      "centroid": -0.6137265563011169,
      "furthest": -1.4764317274093628
    },
    "1": {
      "closest": 0.002476423978805542,
      "centroid": 0.6137265563011169,
      "furthest": 1.3555513620376587
    }
  },
  "8": {
    "0": {
      "closest": -0.0006057173013687134,
      "centroid": -0.6509787440299988,
      "furthest": -1.6924405097961426
    },
    "1": {
      "closest": 0.0053721703588962555,
      "centroid": 0.6509787440299988,
      "furthest": 1.4152326583862305
    }
  },
  "9": {
    "0": {
      "closest": -0.009024500846862793,
      "centroid": -0.7109519243240356,
      "furthest": -1.7681457996368408
    },
    "1": {
      "closest": 0.004310373216867447,
      "centroid": 0.7109519839286804,
      "furthest": 1.5238020420074463
    }
  },
  "10": {
    "0": {
      "closest": -0.00760023295879364,
      "centroid": -0.7679527401924133,
      "furthest": -1.7954672574996948
    },
    "1": {
      "closest": -0.010035542771220207,
      "centroid": 0.7679527401924133,
      "furthest": 1.6221985816955566
    }
  },
  "11": {
    "0": {
      "closest": 0.00315089151263237,
      "centroid": -0.7881600260734558,
      "furthest": -1.8852367401123047
    },
    "1": {
      "closest": 0.016924040392041206,
      "centroid": 0.7881600260734558,
      "furthest": 1.6118110418319702
    }
  },
  "12": {
    "0": {
      "closest": -0.007654737681150436,
      "centroid": -0.9370233416557312,
      "furthest": -2.4748048782348633
    },
    "1": {
      "closest": 0.021660558879375458,
      "centroid": 0.9370232820510864,
      "furthest": 1.8914035558700562
    }
  },
  "13": {
    "0": {
      "closest": 0.0031011421233415604,
      "centroid": -0.9823018312454224,
      "furthest": -2.3415427207946777
    },
    "1": {
      "closest": 0.009133359417319298,
      "centroid": 0.9823018908500671,
      "furthest": 2.0203592777252197
    }
  },
  "14": {
    "0": {
      "closest": -0.0011168941855430603,
      "centroid": -1.0033718347549438,
      "furthest": -2.298004150390625
    },
    "1": {
      "closest": -0.0015114489942789078,
      "centroid": 1.0033718347549438,
      "furthest": 2.1030287742614746
    }
  },
  "15": {
    "0": {
      "closest": 0.008538816124200821,
      "centroid": -1.1307772397994995,
      "furthest": -2.5712459087371826
    },
    "1": {
      "closest": -0.00193062424659729,
      "centroid": 1.13077712059021,
      "furthest": 2.4993624687194824
    }
  },
  "16": {
    "0": {
      "closest": -0.01011553406715393,
      "centroid": -1.1922523975372314,
      "furthest": -2.6070635318756104
    },
    "1": {
      "closest": -0.010005814954638481,
      "centroid": 1.1922523975372314,
      "furthest": 2.704530715942383
    }
  },
  "17": {
    "0": {
      "closest": 0.0060989707708358765,
      "centroid": -1.3832180500030518,
      "furthest": -2.895238161087036
    },
    "1": {
      "closest": -0.011015074327588081,
      "centroid": 1.3832179307937622,
      "furthest": 3.145571708679199
    }
  },
  "18": {
    "0": {
      "closest": -0.01586145907640457,
      "centroid": -1.49357271194458,
      "furthest": -3.0822877883911133
    },
    "1": {
      "closest": 0.019434846937656403,
      "centroid": 1.4935728311538696,
      "furthest": 3.3816025257110596
    }
  },
  "19": {
    "0": {
      "closest": 0.03367108479142189,
      "centroid": -1.6075639724731445,
      "furthest": -3.3396008014678955
    },
    "1": {
      "closest": 0.013516245409846306,
      "centroid": 1.6075639724731445,
      "furthest": 3.708991050720215
    }
  },
  "20": {
    "0": {
      "closest": 0.016992568969726562,
      "centroid": -1.745177149772644,
      "furthest": -3.7884020805358887
    },
    "1": {
      "closest": 0.0010435283184051514,
      "centroid": 1.745177149772644,
      "furthest": 4.028414726257324
    }
  },
  "21": {
    "0": {
      "closest": 0.008721530437469482,
      "centroid": -1.9400078058242798,
      "furthest": -4.219534873962402
    },
    "1": {
      "closest": -0.02127198502421379,
      "centroid": 1.9400078058242798,
      "furthest": 4.686420440673828
    }
  },
  "22": {
    "0": {
      "closest": 0.018289227038621902,
      "centroid": -2.054619789123535,
      "furthest": -4.509477615356445
    },
    "1": {
      "closest": 0.011178478598594666,
      "centroid": 2.0546200275421143,
      "furthest": 5.035104751586914
    }
  },
  "23": {
    "0": {
      "closest": -0.023859672248363495,
      "centroid": -2.218721628189087,
      "furthest": -4.987096309661865
    },
    "1": {
      "closest": 0.015066944062709808,
      "centroid": 2.218721628189087,
      "furthest": 5.334245204925537
    }
  },
  "24": {
    "0": {
      "closest": 0.0004010014235973358,
      "centroid": -2.335336923599243,
      "furthest": -5.166554927825928
    },
    "1": {
      "closest": 0.007512517273426056,
      "centroid": 2.335336923599243,
      "furthest": 5.601829528808594
    }
  },
  "25": {
    "0": {
      "closest": -0.0016840770840644836,
      "centroid": -2.54005765914917,
      "furthest": -5.663384437561035
    },
    "1": {
      "closest": -0.002622053027153015,
      "centroid": 2.54005765914917,
      "furthest": 6.184467315673828
    }
  },
  "26": {
    "0": {
      "closest": -0.0822095200419426,
      "centroid": -2.659684419631958,
      "furthest": -5.849217891693115
    },
    "1": {
      "closest": 0.0011233389377593994,
      "centroid": 2.659684419631958,
      "furthest": 6.4628705978393555
    }
  },
  "27": {
    "0": {
      "closest": -0.006580129265785217,
      "centroid": -2.784517526626587,
      "furthest": -6.05705451965332
    },
    "1": {
      "closest": -0.007059872150421143,
      "centroid": 2.784517765045166,
      "furthest": 6.749081611633301
    }
  },
  "28": {
    "0": {
      "closest": -0.03233177214860916,
      "centroid": -2.9919161796569824,
      "furthest": -6.480651378631592
    },