{
  "0": {
    "0": {
      "closest": -0.5977906508325443,
      "centroid": -0.6090645901444117,
      "furthest": -0.6175220915236015
    },
    "1": {
      "closest": 0.6227117760270162,
      "centroid": 0.6334449189998914,
      "furthest": 0.6417463087200217
    }
  },
  "1": {
    "0": {
      "closest": -0.730190745697794,
      "centroid": -0.7429366346028087,
      "furthest": -0.7551152134259116
    },
    "1": {
      "closest": 0.748371122769885,
      "centroid": 0.7592225826314413,
      "furthest": 0.7673724819212682
    }
  },
  "2": {
    "0": {
      "closest": -0.992918920272339,
      "centroid": -1.018008110313904,
      "furthest": -1.0356009292975514
    },
    "1": {
      "closest": 0.9875687637319568,
      "centroid": 0.9981718211564874,
      "furthest": 1.0103739123388131
    }
  },
  "3": {
    "0": {
      "closest": -1.1822563618034543,
      "centroid": -1.215832727728666,
      "furthest": -1.2435852473075124
    },
    "1": {
      "closest": 1.19224293408203,
      "centroid": 1.2171554359611914,
      "furthest": 1.2386974139268256
    }
  },
  "4": {
    "0": {
      "closest": -1.4100848447272147,
      "centroid": -1.4633580037198939,
      "furthest": -1.498151398159826
    },
    "1": {
      "closest": 1.3999060843450077,
      "centroid": 1.4505325807423635,
      "furthest": 1.5001952950138404
    }
  },
  "5": {
    "0": {
      "closest": -1.5048733541844792,
      "centroid": -1.5872710882159107,
      "furthest": -1.6394751320147976
    },
    "1": {
      "closest": 1.5314440055222989,
      "centroid": 1.5839225633507295,
      "furthest": 1.6411488436022148
    }
  },
  "6": {
    "0": {
      "closest": -1.5072977650536965,
      "centroid": -1.6124651063447812,
      "furthest": -1.6773882207189392
    },
    "1": {
      "closest": 1.5360902472473514,
      "centroid": 1.5937190383398439,
      "furthest": 1.658426616424943
    }
  },
  "7": {
    "0": {
      "closest": -1.6833312604886448,
      "centroid": -1.7771850941468166,
      "furthest": -1.845888611439199
    },
    "1": {
      "closest": 1.696427416715716,
      "centroid": 1.7700874987748976,
      "furthest": 1.82708123929484
    }
  },
  "8": {
    "0": {
      "closest": -1.7095001959185487,
      "centroid": -1.7905018388817338,
      "furthest": -1.8549158864728295
    },
    "1": {
      "closest": 1.7009401733715934,
      "centroid": 1.7758875590881564,
      "furthest": 1.8347365722803928
    }
  },
  "9": {
    "0": {
      "closest": -1.8760913926627913,
      "centroid": -2.0259361853960103,
      "furthest": -2.1485405798840147
    },
    "1": {
      "closest": 1.956215005983168,
      "centroid": 2.0309497456103633,
      "furthest": 2.093561813360986
    }
  },
  "10": {
    "0": {
      "closest": -2.0251695532291105,
      "centroid": -2.235868852469406,
      "furthest": -2.3650731425647606
    },
    "1": {
      "closest": 2.147417806070301,
      "centroid": 2.228447269280197,
      "furthest": 2.2993805655530055
    }
  },
  "11": {
    "0": {
      "closest": -2.065609660795515,
      "centroid": -2.2903052379130355,
      "furthest": -2.4406855754588843
    },
    "1": {
      "closest": 2.1841735901259374,
      "centroid": 2.292486006687256,
      "furthest": 2.383070686593981
    }
  },
  "12": {
    "0": {
      "closest": -1.9085627526519335,
      "centroid": -2.2987797335707962,
      "furthest": -2.5198166137856775
    },
    "1": {
      "closest": 2.14285677073757,
      "centroid": 2.2978978598721214,
      "furthest": 2.4319968622126487
    }
  },
  "13": {
    "0": {
      "closest": -1.9048082675160636,
      "centroid": -2.341160087920585,
      "furthest": -2.6521670507491835
    },
    "1": {
      "closest": 2.1526626090273524,
      "centroid": 2.3362508064102667,
      "furthest": 2.4712155652913177
    }
  },
  "14": {
    "0": {
      "closest": -1.8896601865831952,
      "centroid": -2.3767459340570007,
      "furthest": -2.7133951503146787
    },
    "1": {
      "closest": 2.052346257436252,
      "centroid": 2.3532105825764105,
      "furthest": 2.7241335008152974
    }
  },
  "15": {
    "0": {
      "closest": -1.8745778131866149,
      "centroid": -2.3500926853117976,
      "furthest": -2.655980659991594
    },
    "1": {
      "closest": 1.9850707732136232,
      "centroid": 2.3505261324545415,
      "furthest": 2.8532099087524907
    }
  },
  "16": {
    "0": {
      "closest": -2.157753301523999,
      "centroid": -2.572574224471903,
      "furthest": -2.9071497060397635
    },
    "1": {
      "closest": 2.1221721830027884,
      "centroid": 2.5745891806280303,
      "furthest": 3.19607232931214
    }
  },
  "17": {
    "0": {
      "closest": -2.3098828124359962,
      "centroid": -2.704097453246533,
      "furthest": -3.026987993860522
    },
    "1": {
      "closest": 2.213006350671367,
      "centroid": 2.710888881954344,
      "furthest": 3.4267252777268644
    }
  },
  "18": {
    "0": {
      "closest": -2.393549528872101,
      "centroid": -2.802355200082727,
      "furthest": -3.2219142441410984
    },
    "1": {
      "closest": 2.312597908813561,
      "centroid": 2.8286409200280036,
      "furthest": 3.6209874918907303
    }
  },
  "19": {
    "0": {
      "closest": -2.6847939271804098,
      "centroid": -3.065204504896252,
      "furthest": -3.568472825706035
    },
    "1": {
      "closest": 2.553195377258885,
      "centroid": 3.0665856646383487,
      "furthest": 3.8844173593491464
    }
  },
  "20": {
    "0": {
      "closest": -2.8579856757343127,
      "centroid": -3.275025568726931,
      "furthest": -3.7915252644619932
    },
    "1": {
      "closest": 2.6960723478962865,
      "centroid": 3.2986968333618525,
      "furthest": 4.2897832506646365
    }
  },
  "21": {
    "0": {
      "closest": -3.1537048551060476,
      "centroid": -3.6012303180229117,
      "furthest": -4.14782678756322
    },
    "1": {
      "closest": 2.890210814161997,
      "centroid": 3.609784696877093,
      "furthest": 4.788289989039706
    }
  },
  "22": {
    "0": {
      "closest": -3.4429050976936786,
      "centroid": -3.8696886785954847,
      "furthest": -4.407257985355235
    },
    "1": {
      "closest": 3.080457782684686,
      "centroid": 3.8712733708208544,
      "furthest": 5.113999285746636
    }
  },
  "23": {
    "0": {
      "closest": -3.6827442454313997,
      "centroid": -4.149072030570057,
      "furthest": -4.697626805648141
    },
    "1": {
      "closest": 3.3339407908989953,
      "centroid": 4.140036038145773,
      "furthest": 5.439803649659238
    }
  },
  "24": {
    "0": {
      "closest": -3.898736203972464,
      "centroid": -4.361094972108976,
      "furthest": -4.967137865558661
    },
    "1": {
      "closest": 3.4790558008251713,
      "centroid": 4.3581783736202,
      "furthest": 5.721030878961689
    }
  },
  "25": {
    "0": {
      "closest": -4.109810179428723,
      "centroid": -4.636217810155904,
      "furthest": -5.4191152514426975
    },
    "1": {
      "closest": 3.833534963847904,
      "centroid": 4.677139287202245,
      "furthest": 5.934866520902893
    }
  },
  "26": {
    "0": {
      "closest": -4.404482708789892,
      "centroid": -4.971750278964055,
      "furthest": -5.806601764995127
    },
    "1": {
      "closest": 4.118738493942866,
      "centroid": 5.013452542075654,
      "furthest": 6.341785366094163
    }
  },
  "27": {
    "0": {
      "closest": -4.67324683342905,
      "centroid": -5.270394992483238,
      "furthest": -6.224949029705731
    },
    "1": {
      "closest": 4.3941775400611425,
      "centroid": 5.30990593460582,
      "furthest": 6.61097709409594
    }
  },
  "28": {
    "0": {
      "closest": -5.069012561000973,
      "centroid": -5.794012604333063,
      "furthest": -7.044998148784953
    },
    "1": {
      "closest": 4.849217070574543,
      "centroid": 5.8285325391677,
      "furthest": 7.131037197117559
    }
  },
  "29": {
    "0": {
      "closest": -5.453050917168401,