{
  "0": {
    "0": {
      "closest": -0.00010180892422795296,
      "centroid": -0.02624412812292576,
      "furthest": -0.0769815593957901
    },
    "1": {
      "closest": 0.0004382557235658169,
      "centroid": 0.021552296355366707,
      "furthest": 0.04798953980207443
    }
  },
  "1": {
    "0": {
      "closest": -0.0031951721757650375,
      "centroid": -0.04102744162082672,
      "furthest": -0.1146930456161499
    },
    "1": {
      "closest": 0.0033326072152704,
      "centroid": 0.035415541380643845,
      "furthest": 0.07594369351863861
    }
  },
  "2": {
    "0": {
      "closest": -0.010114814154803753,
      "centroid": -0.07546582072973251,
      "furthest": -0.1944056749343872
    },
    "1": {
      "closest": 0.010293161496520042,
      "centroid": 0.06320590525865555,
      "furthest": 0.11962578445672989
    }
  },
  "3": {
    "0": {
      "closest": -0.002575419843196869,
      "centroid": -0.09266868233680725,
      "furthest": -0.23383976519107819
    },
    "1": {
      "closest": 0.0010696547105908394,
      "centroid": 0.07738839089870453,
      "furthest": 0.15135625004768372
    }
  },
  "4": {
    "0": {
      "closest": -0.03601142019033432,
      "centroid": -0.19350047409534454,
      "furthest": -0.4692336916923523
    },
    "1": {
      "closest": 0.04751055687665939,
      "centroid": 0.16680920124053955,
      "furthest": 0.3304956555366516
    }
  },
  "5": {
    "0": {
      "closest": -0.010409407317638397,
      "centroid": -0.17572717368602753,
      "furthest": -0.4520379900932312
    },
    "1": {
      "closest": -0.0009014829993247986,
      "centroid": 0.14789317548274994,
      "furthest": 0.28228914737701416
    }
  },
  "6": {
    "0": {
      "closest": -0.019732505083084106,
      "centroid": -0.229230135679245,
      "furthest": -0.5850503444671631
    },
    "1": {
      "closest": 0.0010561533272266388,
      "centroid": 0.18892791867256165,
      "furthest": 0.3628455102443695
    }
  },
  "7": {
    "0": {
      "closest": 0.00220445916056633,
      "centroid": -0.17495866119861603,
      "furthest": -0.4534488916397095
    },
    "1": {
      "closest": -0.003880959004163742,
      "centroid": 0.14290814101696014,
      "furthest": 0.2778225541114807
    }
  },
  "8": {
    "0": {
      "closest": -0.011926773935556412,
      "centroid": -0.27912646532058716,
      "furthest": -0.6482157707214355
    },
    "1": {
      "closest": 0.015169400721788406,
      "centroid": 0.22744612395763397,
      "furthest": 0.4287562370300293
    }
  },
  "9": {
    "0": {
      "closest": -0.010580144822597504,
      "centroid": -0.3016183376312256,
      "furthest": -0.6785280108451843
    },
    "1": {
      "closest": 0.009726498275995255,
      "centroid": 0.2453540861606598,
      "furthest": 0.47977519035339355
    }
  },
  "10": {
    "0": {
      "closest": -0.003107462078332901,
      "centroid": -0.21787171065807343,
      "furthest": -0.599047064781189
    },
    "1": {
      "closest": 0.0014411136507987976,
      "centroid": 0.1798187643289566,
      "furthest": 0.3892132341861725
    }
  },
  "11": {
    "0": {
      "closest": -0.008715860545635223,
      "centroid": -0.33448493480682373,
      "furthest": -0.7726508378982544
    },
    "1": {
      "closest": 0.014145668596029282,
      "centroid": 0.27807697653770447,
      "furthest": 0.5607119798660278
    }
  },
  "12": {
    "0": {
      "closest": -0.0019344575703144073,
      "centroid": -0.24864012002944946,
      "furthest": -0.6734991073608398
    },
    "1": {
      "closest": 0.0009645633399486542,
      "centroid": 0.20832544565200806,
      "furthest": 0.4794120192527771
    }
  },
  "13": {
    "0": {
      "closest": 0.009844005107879639,
      "centroid": -0.3848316967487335,
      "furthest": -0.9139402508735657
    },
    "1": {
      "closest": 0.007164843380451202,
      "centroid": 0.3243085443973541,
      "furthest": 0.6614844799041748
    }
  },
  "14": {
    "0": {
      "closest": 0.00019409507513046265,
      "centroid": -0.26091721653938293,
      "furthest": -0.6531798243522644
    },
    "1": {
      "closest": 0.0011866241693496704,
      "centroid": 0.22682064771652222,
      "furthest": 0.5299161076545715
    }
  },
  "15": {
    "0": {
      "closest": -0.01153092086315155,
      "centroid": -0.44758760929107666,
      "furthest": -1.0532050132751465
    },
    "1": {
      "closest": 0.013152085244655609,
      "centroid": 0.3886980414390564,
      "furthest": 0.7796955704689026
    }
  },
  "16": {
    "0": {
      "closest": -0.028717614710330963,
      "centroid": -0.49348771572113037,
      "furthest": -1.2496145963668823
    },
    "1": {
      "closest": 0.020026780664920807,
      "centroid": 0.42698386311531067,
      "furthest": 0.8446860313415527
    }
  },
  "17": {
    "0": {
      "closest": 0.011888213455677032,
      "centroid": -0.5681325793266296,
      "furthest": -1.378892183303833
    },
    "1": {
      "closest": 0.03167019784450531,
      "centroid": 0.5050321221351624,
      "furthest": 1.0087201595306396
    }
  },
  "18": {
    "0": {
      "closest": 0.003031998872756958,
      "centroid": -0.6223705410957336,
      "furthest": -1.557273268699646
    },
    "1": {
      "closest": 0.03634941577911377,
      "centroid": 0.5554682016372681,
      "furthest": 1.0862370729446411
    }
  },
  "19": {
    "0": {
      "closest": -0.010524153709411621,
      "centroid": -0.48394080996513367,
      "furthest": -1.3330975770950317
    },
    "1": {
      "closest": -0.0007924139499664307,
      "centroid": 0.43692535161972046,
      "furthest": 0.9473863840103149
    }
  },
  "20": {
    "0": {
      "closest": -0.0036269724369049072,
      "centroid": -0.5234395861625671,
      "furthest": -1.4424306154251099
    },
    "1": {
      "closest": -0.005078494548797607,
      "centroid": 0.47370442748069763,
      "furthest": 1.0480616092681885
    }
  },
  "21": {
    "0": {
      "closest": -0.008974194526672363,
      "centroid": -0.5928443074226379,
      "furthest": -1.6074546575546265
    },
    "1": {
      "closest": -0.003857344388961792,
      "centroid": 0.5447914004325867,
      "furthest": 1.3189716339111328
    }
  },
  "22": {
    "0": {
      "closest": -0.05132798105478287,
      "centroid": -0.923819363117218,
      "furthest": -2.2213997840881348
    },
    "1": {
      "closest": 0.0834951251745224,
      "centroid": 0.8446096181869507,
      "furthest": 1.7589290142059326
    }
  },
  "23": {
    "0": {
      "closest": -0.07215474545955658,
      "centroid": -0.978446364402771,
      "furthest": -2.3177216053009033
    },
    "1": {
      "closest": 0.09880439937114716,
      "centroid": 0.9155341982841492,
      "furthest": 1.9322400093078613
    }
  },
  "24": {
    "0": {
      "closest": -0.09861333668231964,
      "centroid": -1.0688809156417847,
      "furthest": -2.5333869457244873
    },
    "1": {
      "closest": 0.10723663121461868,
      "centroid": 0.9954161047935486,
      "furthest": 2.1063718795776367
    }
  },
  "25": {
    "0": {
      "closest": -0.0011996552348136902,
      "centroid": -0.6061006784439087,
      "furthest": -1.77202308177948
    },
    "1": {
      "closest": 0.0007930397987365723,
      "centroid": 0.5866778492927551,
      "furthest": 1.76039457321167
    }
  },
  "26": {
    "0": {
      "closest": 0.0035004466772079468,
      "centroid": -0.8600665926933289,
      "furthest": -2.2496519088745117
    },
    "1": {
      "closest": 0.001482740044593811,
      "centroid": 0.8008044958114624,
      "furthest": 1.956632137298584
    }
  },
  "27": {
    "0": {
      "closest": -0.003229081630706787,
      "centroid": -0.9516800045967102,
      "furthest": -2.5207033157348633
    },
    "1": {
      "closest": -0.012207329273223877,
      "centroid": 0.8840728998184204,
      "furthest": 2.117300271987915
    }
  },
  "28": {
    "0": {
      "closest": -0.0005829036235809326,
      "centroid": -1.0584511756896973,