{
  "0": {
    "acc": 0.99875,
    "precision": 1.0,
    "recall": 0.9975,
    "f1": 0.9987484355444305,
    "auc": 0.99999375,
    "mse": 0.004980592946943876
  },
  "1": {
    "acc": 1.0,
    "precision": 1.0,
    "recall": 1.0,
    "f1": 1.0,
    "auc": 1.0,
    "mse": 0.0022772847511380793
  },
  "2": {
    "acc": 1.0,
    "precision": 1.0,
    "recall": 1.0,
    "f1": 1.0,
    "auc": 1.0,
    "mse": 0.0009748202444747125
  },
  "3": {
    "acc": 0.99125,
    "precision": 0.9924812030075187,
    "recall": 0.99,
    "f1": 0.9912390488110138,
    "auc": 0.9995375,
    "mse": 0.010714861312531014
  },
  "4": {
    "acc": 1.0,
    "precision": 1.0,
    "recall": 1.0,
    "f1": 1.0,
    "auc": 1.0,
    "mse": 0.00018961855237889814
  },
  "5": {
    "acc": 0.995,
    "precision": 0.9974874371859297,
    "recall": 0.9925,
    "f1": 0.9949874686716792,
    "auc": 0.9999250000000001,
    "mse": 0.006004993133243096
  },
  "6": {
    "acc": 0.9975,
    "precision": 0.9975,
    "recall": 0.9975,
    "f1": 0.9975,
    "auc": 0.9999562500000001,
    "mse": 0.004582728318439887
  },
  "7": {
    "acc": 0.96875,
    "precision": 0.9629629629629629,
    "recall": 0.975,
    "f1": 0.968944099378882,
    "auc": 0.9958,
    "mse": 0.028305381902127915
  },
  "8": {
    "acc": 0.99875,
    "precision": 0.9975062344139651,
    "recall": 1.0,
    "f1": 0.9987515605493134,
    "auc": 0.9999750000000001,
    "mse": 0.0032947748313684076
  },
  "9": {
    "acc": 0.99875,
    "precision": 0.9975062344139651,
    "recall": 1.0,
    "f1": 0.9987515605493134,
    "auc": 0.99998125,
    "mse": 0.00306455246730597
  },
  "10": {
    "acc": 0.97375,
    "precision": 0.9702233250620348,
    "recall": 0.9775,
    "f1": 0.9738480697384807,
    "auc": 0.9973937500000001,
    "mse": 0.023660906480299167
  },
  "11": {
    "acc": 0.99875,
    "precision": 0.9975062344139651,
    "recall": 1.0,
    "f1": 0.9987515605493134,
    "auc": 0.9999875,
    "mse": 0.002684627676471298
  },
  "12": {
    "acc": 0.9775,
    "precision": 0.9798994974874372,
    "recall": 0.975,
    "f1": 0.9774436090225563,
    "auc": 0.998425,
    "mse": 0.020305366089046557
  },
  "13": {
    "acc": 0.9975,
    "precision": 0.9950248756218906,
    "recall": 1.0,
    "f1": 0.9975062344139651,
    "auc": 0.999975,
    "mse": 0.0028720189689322873
  },
  "14": {
    "acc": 0.9775,
    "precision": 0.9775,
    "recall": 0.9775,
    "f1": 0.9775,
    "auc": 0.99874375,
    "mse": 0.01812529881201987
  },
  "15": {
    "acc": 0.99875,
    "precision": 0.9975062344139651,
    "recall": 1.0,
    "f1": 0.9987515605493134,
    "auc": 0.99999375,
    "mse": 0.002425884155447812
  },
  "16": {
    "acc": 0.99875,
    "precision": 0.9975062344139651,
    "recall": 1.0,
    "f1": 0.9987515605493134,
    "auc": 0.99999375,
    "mse": 0.002133933194856756
  },
  "17": {
    "acc": 0.99875,
    "precision": 0.9975062344139651,
    "recall": 1.0,
    "f1": 0.9987515605493134,
    "auc": 1.0,
    "mse": 0.0018590245168230149
  },
  "18": {
    "acc": 0.99875,
    "precision": 0.9975062344139651,
    "recall": 1.0,
    "f1": 0.9987515605493134,
    "auc": 1.0,
    "mse": 0.001666919048168858
  },
  "19": {
    "acc": 0.98625,
    "precision": 0.9874686716791979,
    "recall": 0.985,
    "f1": 0.986232790988736,
    "auc": 0.9989625000000001,
    "mse": 0.015381477604852659
  },
  "20": {
    "acc": 0.985,
    "precision": 0.9923857868020305,
    "recall": 0.9775,
    "f1": 0.9848866498740554,
    "auc": 0.9989812499999999,
    "mse": 0.015401522944295429
  },
  "21": {
    "acc": 0.9825,
    "precision": 0.9873737373737373,
    "recall": 0.9775,
    "f1": 0.9824120603015075,
    "auc": 0.99895,
    "mse": 0.015339847582128634
  },
  "22": {
    "acc": 1.0,
    "precision": 1.0,
    "recall": 1.0,
    "f1": 1.0,
    "auc": 1.0,
    "mse": 0.0011300245915955851
  },
  "23": {
    "acc": 1.0,
    "precision": 1.0,
    "recall": 1.0,
    "f1": 1.0,
    "auc": 1.0,
    "mse": 0.0010163893804334195
  },
  "24": {
    "acc": 1.0,
    "precision": 1.0,
    "recall": 1.0,
    "f1": 1.0,
    "auc": 1.0,
    "mse": 0.000984906233974815
  },
  "25": {
    "acc": 0.94625,
    "precision": 0.9407407407407408,
    "recall": 0.9525,
    "f1": 0.9465838509316771,
    "auc": 0.9903062499999999,
    "mse": 0.04688921945422703
  },
  "26": {
    "acc": 0.98625,
    "precision": 0.9850374064837906,
    "recall": 0.9875,
    "f1": 0.9862671660424469,
    "auc": 0.999475,
    "mse": 0.011981033519267555
  },
  "27": {
    "acc": 0.9875,
    "precision": 0.9875,
    "recall": 0.9875,
    "f1": 0.9875,
    "auc": 0.9996625,
    "mse": 0.011260738913480384
  },
  "28": {
    "acc": 0.9925,
    "precision": 0.9925,
    "recall": 0.9925,
    "f1": 0.9925,
    "auc": 0.99975,
    "mse": 0.010242070470328345
  },
  "29": {
    "acc": 0.9925,
    "precision": 0.9925,
    "recall": 0.9925,
    "f1": 0.9925,
    "auc": 0.9998,
    "mse": 0.009412907583670612
  },
  "30": {
    "acc": 0.99375,
    "precision": 0.9900744416873449,
    "recall": 0.9975,
    "f1": 0.9937733499377335,
    "auc": 0.9998875,
    "mse": 0.007897765825133705
  },
  "31": {
    "acc": 0.98,
    "precision": 0.9776119402985075,
    "recall": 0.9825,
    "f1": 0.9800498753117207,
    "auc": 0.9980375,
    "mse": 0.02099140077863738
  },
  "aggregation": {
    "acc": 99.75,
    "precision": 0.9975,
    "recall": 0.9975,
    "f1": 0.9975,
    "auc": 0.9999625000000001,
    "mse": 0.006155566620536632
  }
}