{
  "0": {
    "0": {
      "closest": -0.004669166249710313,
      "centroid": -0.043946332459963315,
      "furthest": -0.11625863800030825
    },
    "1": {
      "closest": 0.0009817651214852592,
      "centroid": 0.03996058357854343,
      "furthest": 0.08561153002224872
    }
  },
  "1": {
    "0": {
      "closest": 0.002622450652083535,
      "centroid": -0.07991249631348382,
      "furthest": -0.19801949842140415
    },
    "1": {
      "closest": 0.0015823410342411734,
      "centroid": 0.07903528992337948,
      "furthest": 0.168763482214925
    }
  },
  "2": {
    "0": {
      "closest": -0.0009654189312744282,
      "centroid": -0.14929028041216608,
      "furthest": -0.3554878091423363
    },
    "1": {
      "closest": 0.0011808268168138833,
      "centroid": 0.14385324883918485,
      "furthest": 0.2811844352432312
    }
  },
  "3": {
    "0": {
      "closest": -0.017667360153245958,
      "centroid": -0.20523800344735804,
      "furthest": -0.455180315818487
    },
    "1": {
      "closest": 0.01801422028692149,
      "centroid": 0.2036868034876637,
      "furthest": 0.4162571816254404
    }
  },
  "4": {
    "0": {
      "closest": -0.006375863833689585,
      "centroid": -0.3344680884297726,
      "furthest": -0.7491634337889465
    },
    "1": {
      "closest": 0.008163985314019476,
      "centroid": 0.3398060500950002,
      "furthest": 0.6411620856274719
    }
  },
  "5": {
    "0": {
      "closest": 0.0026963059797023153,
      "centroid": -0.3631527469519989,
      "furthest": -0.7702233760657049
    },
    "1": {
      "closest": 0.001103616748470343,
      "centroid": 0.37088460698163417,
      "furthest": 0.6929890789819019
    }
  },
  "6": {
    "0": {
      "closest": -0.06720257673002088,
      "centroid": -0.40326379269785073,
      "furthest": -0.8715090567952725
    },
    "1": {
      "closest": -0.00224874169762773,
      "centroid": 0.4413611193492171,
      "furthest": 0.8550136254992068
    }
  },
  "7": {
    "0": {
      "closest": -0.07358427020942791,
      "centroid": -0.5001492477983434,
      "furthest": -0.9640963585468619
    },
    "1": {
      "closest": -0.048477709774191316,
      "centroid": 0.5430637831085448,
      "furthest": 0.997714375028942
    }
  },
  "8": {
    "0": {
      "closest": -0.07156589190046071,
      "centroid": -0.5367758210551016,
      "furthest": -0.9938273524922593
    },
    "1": {
      "closest": -0.022980425731879084,
      "centroid": 0.5936006690200984,
      "furthest": 1.1175552529908854
    }
  },
  "9": {
    "0": {
      "closest": -0.06598414641103352,
      "centroid": -0.5723376600286271,
      "furthest": -1.0587051295805145
    },
    "1": {
      "closest": -0.04379261657117532,
      "centroid": 0.6726141670779907,
      "furthest": 1.2869769234917932
    }
  },
  "10": {
    "0": {
      "closest": -0.014043542928030282,
      "centroid": -0.5952094684086375,
      "furthest": -1.0921799929193179
    },
    "1": {
      "closest": -0.05115218679813943,
      "centroid": 0.7415133944994488,
      "furthest": 1.4078171064103713
    }
  },
  "11": {
    "0": {
      "closest": -0.04902290652790378,
      "centroid": -0.6026442265067389,
      "furthest": -1.1156738461712914
    },
    "1": {
      "closest": 0.03669434166398726,
      "centroid": 0.7094546678173712,
      "furthest": 1.3486369950233232
    }
  },
  "12": {
    "0": {
      "closest": 0.0004566645934019763,
      "centroid": -0.692635211385369,
      "furthest": -1.2397451073705517
    },
    "1": {
      "closest": 0.06851429807658807,
      "centroid": 0.8669321827984965,
      "furthest": 1.6429364750450186
    }
  },
  "13": {
    "0": {
      "closest": 0.0038455152370260783,
      "centroid": -0.8473808620952755,
      "furthest": -1.4114496062742263
    },
    "1": {
      "closest": -0.021810109231556414,
      "centroid": 0.9308136655607862,
      "furthest": 1.8807674708032251
    }
  },
  "14": {
    "0": {
      "closest": 0.0032799070872685174,
      "centroid": -0.8319435044137873,
      "furthest": -1.3958348045067828
    },
    "1": {
      "closest": 0.006129986216003636,
      "centroid": 0.9183231765379594,
      "furthest": 1.9400233615221683
    }
  },
  "15": {
    "0": {
      "closest": 0.009888748386752447,
      "centroid": -0.9022548418720365,
      "furthest": -1.6539403201742406
    },
    "1": {
      "closest": -0.0074146138394737045,
      "centroid": 1.0250597432560724,
      "furthest": 2.313540024884877
    }
  },
  "16": {
    "0": {
      "closest": 0.009124374316574976,
      "centroid": -0.9383652550293795,
      "furthest": -1.7450991969226963
    },
    "1": {
      "closest": -0.03412463735556501,
      "centroid": 1.0435255395823442,
      "furthest": 2.339406950378786
    }
  },
  "17": {
    "0": {
      "closest": -0.027796323150482846,
      "centroid": -1.0065679843013535,
      "furthest": -1.8680614817403716
    },
    "1": {
      "closest": -0.02836865048586526,
      "centroid": 1.115948457179929,
      "furthest": 2.3980061390916805
    }
  },
  "18": {
    "0": {
      "closest": 0.004482439900203592,
      "centroid": -1.0536388152699425,
      "furthest": -2.013629913313385
    },
    "1": {
      "closest": -0.0102352338651061,
      "centroid": 1.1852810108492793,
      "furthest": 2.5529038657384158
    }
  },
  "19": {
    "0": {
      "closest": -0.009328247106884856,
      "centroid": -1.1053812608680273,
      "furthest": -2.13502538077205
    },
    "1": {
      "closest": -0.009640119795597615,
      "centroid": 1.2341123887189291,
      "furthest": 2.560087036734807
    }
  },
  "20": {
    "0": {
      "closest": 0.01390014450855643,
      "centroid": -1.151626652681764,
      "furthest": -2.2597702350555493
    },
    "1": {
      "closest": -0.01634689429528651,
      "centroid": 1.2766494179557426,
      "furthest": 2.6586563604414595
    }
  },
  "21": {
    "0": {
      "closest": -0.07989454617718633,
      "centroid": -1.242995569674214,
      "furthest": -2.557709382280024
    },
    "1": {
      "closest": 0.009633646086948965,
      "centroid": 1.3832149901440822,
      "furthest": 2.8802806513440085
    }
  },
  "22": {
    "0": {
      "closest": -0.11550946934556718,
      "centroid": -1.2973847415171793,
      "furthest": -2.739245684382239
    },
    "1": {
      "closest": 0.021540033137606846,
      "centroid": 1.4423193094802846,
      "furthest": 2.9839269990100536
    }
  },
  "23": {
    "0": {
      "closest": -0.12650867429860527,
      "centroid": -1.3603423167831434,
      "furthest": -2.8951471288231567
    },
    "1": {
      "closest": 0.0425971454471636,
      "centroid": 1.5123214658761355,
      "furthest": 3.1014763049793492
    }
  },
  "24": {
    "0": {
      "closest": -0.11586536121471926,
      "centroid": -1.403399141066777,
      "furthest": -2.9919383120972864
    },
    "1": {
      "closest": 0.09820215248066365,
      "centroid": 1.5661953042692343,
      "furthest": 3.2729869738207014
    }
  },
  "25": {
    "0": {
      "closest": -0.12321622122113934,
      "centroid": -1.4711801844221446,
      "furthest": -3.1342501981629693
    },
    "1": {
      "closest": 0.12213539357879602,
      "centroid": 1.6814551402277989,
      "furthest": 3.599845391138291
    }
  },
  "26": {
    "0": {
      "closest": -0.19622600425457665,
      "centroid": -1.541632990525695,
      "furthest": -3.266013632087299
    },
    "1": {
      "closest": -0.05430844802606411,
      "centroid": 1.7517780308372792,
      "furthest": 3.7214362569443
    }
  },
  "27": {
    "0": {
      "closest": -0.07788560181374386,
      "centroid": -1.623435513653863,
      "furthest": -3.4831420695771445
    },
    "1": {
      "closest": -0.041726921786383195,
      "centroid": 1.9008774418499184,
      "furthest": 4.101001319394019
    }
  },
  "28": {
    "0": {
      "closest": 0.023178015596780607,
      "centroid": -2.2796382600601053,
      "furthest": -4.85968929985859
    },