{
  "0": {
    "acc": 1.0,
    "precision": 1.0,
    "recall": 1.0,
    "f1": 1.0,
    "auc": 1.0,
    "mse": 0.001515048714255717
  },
  "1": {
    "acc": 0.99125,
    "precision": 0.9924812030075187,
    "recall": 0.99,
    "f1": 0.9912390488110138,
    "auc": 0.99960625,
    "mse": 0.009907714681706217
  },
  "2": {
    "acc": 0.96875,
    "precision": 0.9699248120300752,
    "recall": 0.9675,
    "f1": 0.9687108886107635,
    "auc": 0.99565625,
    "mse": 0.04401259342426053
  },
  "3": {
    "acc": 0.9975,
    "precision": 1.0,
    "recall": 0.995,
    "f1": 0.9974937343358395,
    "auc": 0.9999875,
    "mse": 0.004556052374611913
  },
  "4": {
    "acc": 0.98,
    "precision": 0.9848484848484849,
    "recall": 0.975,
    "f1": 0.9798994974874372,
    "auc": 0.9984062499999999,
    "mse": 0.01918977356665039
  },
  "5": {
    "acc": 0.99375,
    "precision": 0.9974811083123426,
    "recall": 0.99,
    "f1": 0.9937264742785445,
    "auc": 0.999775,
    "mse": 0.011321779559668083
  },
  "6": {
    "acc": 0.9975,
    "precision": 1.0,
    "recall": 0.995,
    "f1": 0.9974937343358395,
    "auc": 1.0,
    "mse": 0.0026590672863102006
  },
  "7": {
    "acc": 0.99625,
    "precision": 1.0,
    "recall": 0.9925,
    "f1": 0.9962358845671268,
    "auc": 0.99999375,
    "mse": 0.005685923125208747
  },
  "8": {
    "acc": 0.99625,
    "precision": 1.0,
    "recall": 0.9925,
    "f1": 0.9962358845671268,
    "auc": 0.99999375,
    "mse": 0.004877166690416023
  },
  "9": {
    "acc": 0.99625,
    "precision": 1.0,
    "recall": 0.9925,
    "f1": 0.9962358845671268,
    "auc": 0.9999750000000001,
    "mse": 0.004865946654535915
  },
  "10": {
    "acc": 0.99625,
    "precision": 1.0,
    "recall": 0.9925,
    "f1": 0.9962358845671268,
    "auc": 0.9999375,
    "mse": 0.004987126599925873
  },
  "11": {
    "acc": 0.9975,
    "precision": 1.0,
    "recall": 0.995,
    "f1": 0.9974937343358395,
    "auc": 0.9999875,
    "mse": 0.004183879787739822
  },
  "12": {
    "acc": 0.99375,
    "precision": 0.9949874686716792,
    "recall": 0.9925,
    "f1": 0.9937421777221527,
    "auc": 0.9998687500000001,
    "mse": 0.005859928106743695
  },
  "13": {
    "acc": 0.98375,
    "precision": 0.9898734177215189,
    "recall": 0.9775,
    "f1": 0.9836477987421384,
    "auc": 0.9986,
    "mse": 0.01748814141702879
  },
  "14": {
    "acc": 0.98875,
    "precision": 0.9949367088607595,
    "recall": 0.9825,
    "f1": 0.9886792452830189,
    "auc": 0.998975,
    "mse": 0.01688458717714566
  },
  "15": {
    "acc": 0.985,
    "precision": 0.9923857868020305,
    "recall": 0.9775,
    "f1": 0.9848866498740554,
    "auc": 0.998625,
    "mse": 0.016365800936484827
  },
  "16": {
    "acc": 0.9875,
    "precision": 0.9949238578680203,
    "recall": 0.98,
    "f1": 0.9874055415617129,
    "auc": 0.99895625,
    "mse": 0.015115951590616518
  },
  "17": {
    "acc": 0.98875,
    "precision": 0.9949367088607595,
    "recall": 0.9825,
    "f1": 0.9886792452830189,
    "auc": 0.9994375,
    "mse": 0.013486877462286256
  },
  "18": {
    "acc": 0.98875,
    "precision": 0.9949367088607595,
    "recall": 0.9825,
    "f1": 0.9886792452830189,
    "auc": 0.9995437500000001,
    "mse": 0.012496427228945886
  },
  "19": {
    "acc": 0.99,
    "precision": 0.9949494949494949,
    "recall": 0.985,
    "f1": 0.9899497487437185,
    "auc": 0.99965625,
    "mse": 0.011824045266724106
  },
  "20": {
    "acc": 0.9925,
    "precision": 0.9974747474747475,
    "recall": 0.9875,
    "f1": 0.992462311557789,
    "auc": 0.9997625,
    "mse": 0.01069802773975403
  },
  "21": {
    "acc": 0.99625,
    "precision": 1.0,
    "recall": 0.9925,
    "f1": 0.9962358845671268,
    "auc": 0.99983125,
    "mse": 0.009489507564473613
  },
  "22": {
    "acc": 0.99625,
    "precision": 1.0,
    "recall": 0.9925,
    "f1": 0.9962358845671268,
    "auc": 0.99985,
    "mse": 0.008773863261269667
  },
  "23": {
    "acc": 0.99625,
    "precision": 1.0,
    "recall": 0.9925,
    "f1": 0.9962358845671268,
    "auc": 0.9998875,
    "mse": 0.007919543893120438
  },
  "24": {
    "acc": 0.99625,
    "precision": 1.0,
    "recall": 0.9925,
    "f1": 0.9962358845671268,
    "auc": 0.999925,
    "mse": 0.007427247576301944
  },
  "25": {
    "acc": 0.99625,
    "precision": 1.0,
    "recall": 0.9925,
    "f1": 0.9962358845671268,
    "auc": 0.9999562500000001,
    "mse": 0.006730576460078845
  },
  "26": {
    "acc": 0.99625,
    "precision": 1.0,
    "recall": 0.9925,
    "f1": 0.9962358845671268,
    "auc": 0.9999875,
    "mse": 0.005787789918626216
  },
  "27": {
    "acc": 0.99625,
    "precision": 1.0,
    "recall": 0.9925,
    "f1": 0.9962358845671268,
    "auc": 0.99999375,
    "mse": 0.005919243222021316
  },
  "28": {
    "acc": 0.98125,
    "precision": 0.9848866498740554,
    "recall": 0.9775,
    "f1": 0.9811794228356336,
    "auc": 0.9972,
    "mse": 0.026188163436408986
  },
  "29": {
    "acc": 0.9825,
    "precision": 0.9873737373737373,
    "recall": 0.9775,
    "f1": 0.9824120603015075,
    "auc": 0.9976499999999999,
    "mse": 0.023575844605197648
  },
  "30": {
    "acc": 0.98375,
    "precision": 0.9898734177215189,
    "recall": 0.9775,
    "f1": 0.9836477987421384,
    "auc": 0.9981375,
    "mse": 0.020497957914030737
  },
  "31": {
    "acc": 0.98625,
    "precision": 0.9949109414758269,
    "recall": 0.9775,
    "f1": 0.9861286254728878,
    "auc": 0.9987125,
    "mse": 0.01710247277286729
  },
  "aggregation": {
    "acc": 99.625,
    "precision": 1.0,
    "recall": 0.9925,
    "f1": 0.9962358845671268,
    "auc": 0.9998625,
    "mse": 0.009538630298882375
  }
}