{
  "0": {
    "0": {
      "closest": -0.5910973447776613,
      "centroid": -0.5994999347831156,
      "furthest": -0.6104420684036869
    },
    "1": {
      "closest": 0.6331661675745109,
      "centroid": 0.6446904492498342,
      "furthest": 0.6552249326900104
    }
  },
  "1": {
    "0": {
      "closest": -0.7266543607136229,
      "centroid": -0.7396395766577496,
      "furthest": -0.7506999601846935
    },
    "1": {
      "closest": 0.7551028553998673,
      "centroid": 0.7653462133700192,
      "furthest": 0.7743942332342715
    }
  },
  "2": {
    "0": {
      "closest": -1.038514774745428,
      "centroid": -1.062460719301557,
      "furthest": -1.0842472589614172
    },
    "1": {
      "closest": 0.939896417391279,
      "centroid": 0.9535054532962554,
      "furthest": 0.9687157126155037
    }
  },
  "3": {
    "0": {
      "closest": -1.182666768502738,
      "centroid": -1.226611041367222,
      "furthest": -1.2535453379077675
    },
    "1": {
      "closest": 1.1793074830743246,
      "centroid": 1.1991212111761826,
      "furthest": 1.2226698342203337
    }
  },
  "4": {
    "0": {
      "closest": -1.3099272846973724,
      "centroid": -1.3711922384623945,
      "furthest": -1.4110755138665203
    },
    "1": {
      "closest": 1.4882461382318612,
      "centroid": 1.533749338412887,
      "furthest": 1.5810270678557958
    }
  },
  "5": {
    "0": {
      "closest": -1.4709070930625106,
      "centroid": -1.5374370110251379,
      "furthest": -1.5787484249148445
    },
    "1": {
      "closest": 1.5512563529708587,
      "centroid": 1.6217259625248497,
      "furthest": 1.6824907949952401
    }
  },
  "6": {
    "0": {
      "closest": -1.5164395459638507,
      "centroid": -1.612159993094385,
      "furthest": -1.6846830546703253
    },
    "1": {
      "closest": 1.5030961748792673,
      "centroid": 1.5760086680078382,
      "furthest": 1.6461994925788592
    }
  },
  "7": {
    "0": {
      "closest": -1.6950627210834956,
      "centroid": -1.7961617250159179,
      "furthest": -1.8657538134976812
    },
    "1": {
      "closest": 1.6508261050791666,
      "centroid": 1.73184151411991,
      "furthest": 1.8032077522028898
    }
  },
  "8": {
    "0": {
      "closest": -1.6848531721282298,
      "centroid": -1.823584742397615,
      "furthest": -1.907975452542746
    },
    "1": {
      "closest": 1.649250782501336,
      "centroid": 1.7516945200432616,
      "furthest": 1.8196099530202012
    }
  },
  "9": {
    "0": {
      "closest": -1.827950135474136,
      "centroid": -2.1118998517948064,
      "furthest": -2.226166115457768
    },
    "1": {
      "closest": 1.8589083143322023,
      "centroid": 2.0199186153715947,
      "furthest": 2.107940860893445
    }
  },
  "10": {
    "0": {
      "closest": -2.016180160028818,
      "centroid": -2.326554712609187,
      "furthest": -2.474310851665403
    },
    "1": {
      "closest": 2.0476805980105808,
      "centroid": 2.2314140748290345,
      "furthest": 2.3023840882847724
    }
  },
  "11": {
    "0": {
      "closest": -2.0761363719091586,
      "centroid": -2.4306266240425263,
      "furthest": -2.6038966289714285
    },
    "1": {
      "closest": 2.080276286125587,
      "centroid": 2.295437517212107,
      "furthest": 2.426753296466277
    }
  },
  "12": {
    "0": {
      "closest": -1.854833191343421,
      "centroid": -2.4833962123636995,
      "furthest": -2.7150457792657834
    },
    "1": {
      "closest": 2.086545275814412,
      "centroid": 2.3360075300098493,
      "furthest": 2.583057293555901
    }
  },
  "13": {
    "0": {
      "closest": -1.8057799787558038,
      "centroid": -2.496089639071661,
      "furthest": -2.7881400942036656
    },
    "1": {
      "closest": 2.031576119089785,
      "centroid": 2.4001453854277237,
      "furthest": 2.7257437166265492
    }
  },
  "14": {
    "0": {
      "closest": -1.8493308166425595,
      "centroid": -2.6457123574156287,
      "furthest": -2.90510893842068
    },
    "1": {
      "closest": 1.9823628228466634,
      "centroid": 2.628278262370647,
      "furthest": 3.3357452209516287
    }
  },
  "15": {
    "0": {
      "closest": -2.0036255927313853,
      "centroid": -2.7366133501417984,
      "furthest": -3.019167169471447
    },
    "1": {
      "closest": 1.8768490461373164,
      "centroid": 2.693693042364954,
      "furthest": 3.5838563644425747
    }
  },
  "16": {
    "0": {
      "closest": -2.3700056747484606,
      "centroid": -3.0029429733124324,
      "furthest": -3.3001167771633617
    },
    "1": {
      "closest": 2.042644489698277,
      "centroid": 2.9811770664133532,
      "furthest": 3.9425441606354443
    }
  },
  "17": {
    "0": {
      "closest": -2.5496509126944966,
      "centroid": -3.1326161792561016,
      "furthest": -3.449676277589529
    },
    "1": {
      "closest": 2.3337350244223094,
      "centroid": 3.208099345323171,
      "furthest": 4.295891645154972
    }
  },
  "18": {
    "0": {
      "closest": -2.5790914856319644,
      "centroid": -3.2320300785718556,
      "furthest": -3.5081883546697132
    },
    "1": {
      "closest": 2.3735105414162545,
      "centroid": 3.327233530317633,
      "furthest": 4.53114085076115
    }
  },
  "19": {
    "0": {
      "closest": -2.8486728148655605,
      "centroid": -3.4841684037442446,
      "furthest": -3.8543054595172253
    },
    "1": {
      "closest": 2.608730950335447,
      "centroid": 3.5758055680329868,
      "furthest": 4.945762932605872
    }
  },
  "20": {
    "0": {
      "closest": -3.0802081456100154,
      "centroid": -3.7209636488796307,
      "furthest": -4.151266406492308
    },
    "1": {
      "closest": 2.7425104983107653,
      "centroid": 3.8497703005604693,
      "furthest": 5.37264742700517
    }
  },
  "21": {
    "0": {
      "closest": -3.394527535022056,
      "centroid": -4.089554241644302,
      "furthest": -4.488087890852721
    },
    "1": {
      "closest": 2.930670453276929,
      "centroid": 4.192663941195183,
      "furthest": 5.866561989652112
    }
  },
  "22": {
    "0": {
      "closest": -3.7030932860374803,
      "centroid": -4.364387692401277,
      "furthest": -4.7960694850157966
    },
    "1": {
      "closest": 3.169515733326139,
      "centroid": 4.475191743460977,
      "furthest": 6.242278796664876
    }
  },
  "23": {
    "0": {
      "closest": -4.0184987569605735,
      "centroid": -4.679174716490009,
      "furthest": -5.124382935971047
    },
    "1": {
      "closest": 3.3741575000705946,
      "centroid": 4.772145766121096,
      "furthest": 6.757856912750288
    }
  },
  "24": {
    "0": {
      "closest": -4.246082007810122,
      "centroid": -4.914947473328773,
      "furthest": -5.39519147381009
    },
    "1": {
      "closest": 3.5367484541758127,
      "centroid": 5.016999316930923,
      "furthest": 7.0811799868258465
    }
  },
  "25": {
    "0": {
      "closest": -4.390762051216969,
      "centroid": -5.172799743357827,
      "furthest": -5.83762413715792
    },
    "1": {
      "closest": 3.864282814833885,
      "centroid": 5.315648782197552,
      "furthest": 7.280634397551141
    }
  },
  "26": {
    "0": {
      "closest": -4.728346502203734,
      "centroid": -5.558372478013149,
      "furthest": -6.368486068690155
    },
    "1": {
      "closest": 4.149112525772594,
      "centroid": 5.706093677116192,
      "furthest": 7.783571556669074
    }
  },
  "27": {
    "0": {
      "closest": -4.9153123781209445,
      "centroid": -5.880276273417218,
      "furthest": -6.728614554585508
    },
    "1": {
      "closest": 4.37811232384803,
      "centroid": 6.0518911469574,
      "furthest": 8.302332196078314
    }
  },
  "28": {
    "0": {
      "closest": -5.326895610879518,
      "centroid": -6.4196855161974735,
      "furthest": -7.554005404330674
    },
    "1": {
      "closest": 4.81342466522498,
      "centroid": 6.591167184667504,
      "furthest": 8.975876811787195
    }
  },
  "29": {
    "0": {
      "closest": -5.540110372046322,