{
  "0": {
    "0": {
      "closest": 0.00011859503832368015,
      "centroid": -0.04737291853004919,
      "furthest": -0.2171120002354675
    },
    "1": {
      "closest": 0.0002475532766855436,
      "centroid": 0.03772235220006141,
      "furthest": -0.09571689520246757
    }
  },
  "1": {
    "0": {
      "closest": -6.261257001498842e-05,
      "centroid": -0.06941961323089502,
      "furthest": -0.2633862625411706
    },
    "1": {
      "closest": -0.00032047472597828905,
      "centroid": 0.06392023058306755,
      "furthest": 0.15819400493148333
    }
  },
  "2": {
    "0": {
      "closest": 0.0007067244668474445,
      "centroid": -0.05971493610443286,
      "furthest": -0.15613281983839955
    },
    "1": {
      "closest": 0.0010100917418255223,
      "centroid": 0.06484748301391584,
      "furthest": 0.1571020081575073
    }
  },
  "3": {
    "0": {
      "closest": -0.00045901802377949427,
      "centroid": -0.09677965268185726,
      "furthest": -0.2344038141497941
    },
    "1": {
      "closest": 0.0017611532359240525,
      "centroid": 0.11040842792817225,
      "furthest": 0.24647963515928445
    }
  },
  "4": {
    "0": {
      "closest": 0.003912983025974516,
      "centroid": -0.12804144213802612,
      "furthest": -0.3131905441901006
    },
    "1": {
      "closest": 0.00024246916068892607,
      "centroid": 0.1420856845397612,
      "furthest": 0.3058365746574385
    }
  },
  "5": {
    "0": {
      "closest": -0.018167471190439814,
      "centroid": -0.16846149518523462,
      "furthest": -0.40189970311388135
    },
    "1": {
      "closest": 0.012138070286247755,
      "centroid": 0.18126364086145608,
      "furthest": 0.38352382011134584
    }
  },
  "6": {
    "0": {
      "closest": -0.004475641774162459,
      "centroid": -0.2112984878601606,
      "furthest": -0.5163641902419119
    },
    "1": {
      "closest": -0.0030060767429537227,
      "centroid": 0.2333991498494694,
      "furthest": 0.4997555006605849
    }
  },
  "7": {
    "0": {
      "closest": -0.020771676095639895,
      "centroid": -0.2610479499422723,
      "furthest": -0.5565495330629691
    },
    "1": {
      "closest": 0.0007752320349908581,
      "centroid": 0.29158905406981284,
      "furthest": 0.6210153212389988
    }
  },
  "8": {
    "0": {
      "closest": -0.018983748991428427,
      "centroid": -0.2973757065328546,
      "furthest": -0.6313956449053353
    },
    "1": {
      "closest": 0.0018308893439543256,
      "centroid": 0.3442974789223124,
      "furthest": 0.713084484676781
    }
  },
  "9": {
    "0": {
      "closest": -0.061372817051756595,
      "centroid": -0.30828391282806833,
      "furthest": -0.6442787281090208
    },
    "1": {
      "closest": 0.01356717580968178,
      "centroid": 0.33524643254056286,
      "furthest": 0.6935180707474895
    }
  },
  "10": {
    "0": {
      "closest": -0.026155449680022553,
      "centroid": -0.33500949137559966,
      "furthest": -0.7506037001372607
    },
    "1": {
      "closest": 0.013229873689872315,
      "centroid": 0.37458183645348553,
      "furthest": 0.7268328411936535
    }
  },
  "11": {
    "0": {
      "closest": -0.052965566370030394,
      "centroid": -0.32903743076426634,
      "furthest": -0.7188920820368392
    },
    "1": {
      "closest": 0.026170020048132278,
      "centroid": 0.33911429370912205,
      "furthest": 0.6703137109438012
    }
  },
  "12": {
    "0": {
      "closest": -0.0425455825746274,
      "centroid": -0.3968763445890056,
      "furthest": -0.8828628809782408
    },
    "1": {
      "closest": 0.036442692442566094,
      "centroid": 0.41081321980719254,
      "furthest": 0.8209733816914904
    }
  },
  "13": {
    "0": {
      "closest": -0.01806221246562681,
      "centroid": -0.47818349825590956,
      "furthest": -0.9696868865858456
    },
    "1": {
      "closest": 0.002865393588445314,
      "centroid": 0.5070119866207053,
      "furthest": 1.0276446701513444
    }
  },
  "14": {
    "0": {
      "closest": 0.0028426986087346506,
      "centroid": -0.46988327117195683,
      "furthest": -0.9315835198495332
    },
    "1": {
      "closest": 0.009619533912811562,
      "centroid": 0.5051412157429317,
      "furthest": 0.9783961165458045
    }
  },
  "15": {
    "0": {
      "closest": -0.038872377820024645,
      "centroid": -0.5069182371971424,
      "furthest": -1.0068988396576184
    },
    "1": {
      "closest": 0.024331349016018272,
      "centroid": 0.5676078860236433,
      "furthest": 1.121311263604112
    }
  },
  "16": {
    "0": {
      "closest": -0.017292956706361662,
      "centroid": -0.5396322061443989,
      "furthest": -1.17635801547512
    },
    "1": {
      "closest": 0.028899658794153738,
      "centroid": 0.5843728255490204,
      "furthest": 1.163342683590807
    }
  },
  "17": {
    "0": {
      "closest": -0.06265505076269594,
      "centroid": -0.5716970689287288,
      "furthest": -1.2387888823756334
    },
    "1": {
      "closest": 0.02724870542575926,
      "centroid": 0.6395866688738803,
      "furthest": 1.2970404580534405
    }
  },
  "18": {
    "0": {
      "closest": -0.04883667286604605,
      "centroid": -0.6051699076105416,
      "furthest": -1.341186225493322
    },
    "1": {
      "closest": 0.032255206037964716,
      "centroid": 0.670711012362151,
      "furthest": 1.3392604527234133
    }
  },
  "19": {
    "0": {
      "closest": -0.09006127390343907,
      "centroid": -0.6052865886913753,
      "furthest": -1.370261332116297
    },
    "1": {
      "closest": 0.059205422854711864,
      "centroid": 0.6594845426462811,
      "furthest": 1.3567062160997798
    }
  },
  "20": {
    "0": {
      "closest": -0.06469195821366527,
      "centroid": -0.6855375691675308,
      "furthest": -1.5071043402051902
    },
    "1": {
      "closest": 0.013886714802125805,
      "centroid": 0.7831321660269481,
      "furthest": 1.5811148478554518
    }
  },
  "21": {
    "0": {
      "closest": -0.10367450116591101,
      "centroid": -0.7178824871005883,
      "furthest": -1.502723238005917
    },
    "1": {
      "closest": 0.04282350723377462,
      "centroid": 0.7954507741039797,
      "furthest": 1.62259590481142
    }
  },
  "22": {
    "0": {
      "closest": -0.05493556976181116,
      "centroid": -0.7713866190106076,
      "furthest": -1.6718821817613945
    },
    "1": {
      "closest": 0.03772137298914956,
      "centroid": 0.8978151284735816,
      "furthest": 1.7967056622533548
    }
  },
  "23": {
    "0": {
      "closest": -0.12457645958652377,
      "centroid": -0.8085355153674689,
      "furthest": -1.7330683272511715
    },
    "1": {
      "closest": 0.061869009194793115,
      "centroid": 0.966310467943581,
      "furthest": 1.9763489433026913
    }
  },
  "24": {
    "0": {
      "closest": -0.20197379243486632,
      "centroid": -0.8342189249734073,
      "furthest": -1.6968591518554983
    },
    "1": {
      "closest": 0.1764110959229721,
      "centroid": 0.9413953344450448,
      "furthest": 1.9005445221412405
    }
  },
  "25": {
    "0": {
      "closest": -0.17819454738276574,
      "centroid": -0.9144801282164979,
      "furthest": -1.924432480550477
    },
    "1": {
      "closest": 0.1216163382710673,
      "centroid": 1.038691542723739,
      "furthest": 2.143015507882646
    }
  },
  "26": {
    "0": {
      "closest": -0.2369655395947855,
      "centroid": -0.958631729267007,
      "furthest": -1.9384789976978904
    },
    "1": {
      "closest": 0.23555975975137863,
      "centroid": 1.09328295913779,
      "furthest": 2.193053113573791
    }
  },
  "27": {
    "0": {
      "closest": -0.28180149745883354,
      "centroid": -1.0205741658370207,
      "furthest": -2.0856958961838235
    },
    "1": {
      "closest": 0.22404643667920057,
      "centroid": 1.150008906655952,
      "furthest": 2.33636613970494
    }
  },
  "28": {
    "0": {
      "closest": -0.2952694996906214,
      "centroid": -1.1118183832988078,
      "furthest": -2.1500095727528556
    },