{
  "0": {
    "0": {
      "closest": -0.0004913900047540665,
      "centroid": -0.06565219908952713,
      "furthest": -0.19066351652145386
    },
    "1": {
      "closest": -0.00010628649033606052,
      "centroid": 0.06565219163894653,
      "furthest": 0.2362149953842163
    }
  },
  "1": {
    "0": {
      "closest": 0.0016631935723125935,
      "centroid": -0.12205272167921066,
      "furthest": -0.3332028388977051
    },
    "1": {
      "closest": -0.0014731928240507841,
      "centroid": 0.12205272167921066,
      "furthest": 0.30850955843925476
    }
  },
  "2": {
    "0": {
      "closest": 0.0025449665263295174,
      "centroid": -0.18784163892269135,
      "furthest": -0.4977763295173645
    },
    "1": {
      "closest": 0.00036826590076088905,
      "centroid": 0.18784163892269135,
      "furthest": 0.44102007150650024
    }
  },
  "3": {
    "0": {
      "closest": 0.0005634371191263199,
      "centroid": -0.32166972756385803,
      "furthest": -0.7969858050346375
    },
    "1": {
      "closest": -0.0002608560025691986,
      "centroid": 0.32166972756385803,
      "furthest": 0.7452934980392456
    }
  },
  "4": {
    "0": {
      "closest": 0.0002704821527004242,
      "centroid": -0.43931451439857483,
      "furthest": -1.0765613317489624
    },
    "1": {
      "closest": -0.0028087403625249863,
      "centroid": 0.43931451439857483,
      "furthest": 0.9582017660140991
    }
  },
  "5": {
    "0": {
      "closest": -0.005064809694886208,
      "centroid": -0.522838294506073,
      "furthest": -1.2529631853103638
    },
    "1": {
      "closest": 0.0011183451861143112,
      "centroid": 0.522838294506073,
      "furthest": 1.1156628131866455
    }
  },
  "6": {
    "0": {
      "closest": 0.004081159830093384,
      "centroid": -0.6578619480133057,
      "furthest": -1.3853131532669067
    },
    "1": {
      "closest": 0.0005884580314159393,
      "centroid": 0.6578618884086609,
      "furthest": 1.4566116333007812
    }
  },
  "7": {
    "0": {
      "closest": 0.009335288777947426,
      "centroid": -0.7711272239685059,
      "furthest": -1.6131763458251953
    },
    "1": {
      "closest": -0.0011873720213770866,
      "centroid": 0.7711272239685059,
      "furthest": 1.5813226699829102
    }
  },
  "8": {
    "0": {
      "closest": 0.005600801669061184,
      "centroid": -0.8095383048057556,
      "furthest": -1.6828734874725342
    },
    "1": {
      "closest": -0.0063857827335596085,
      "centroid": 0.8095383048057556,
      "furthest": 1.6748607158660889
    }
  },
  "9": {
    "0": {
      "closest": 0.00019066594541072845,
      "centroid": -0.8932222723960876,
      "furthest": -1.7403017282485962
    },
    "1": {
      "closest": -0.002448868006467819,
      "centroid": 0.8932222723960876,
      "furthest": 1.8968853950500488
    }
  },
  "10": {
    "0": {
      "closest": -0.003001134842634201,
      "centroid": -0.920867383480072,
      "furthest": -1.81498384475708
    },
    "1": {
      "closest": 0.0011519957333803177,
      "centroid": 0.920867383480072,
      "furthest": 1.9225401878356934
    }
  },
  "11": {
    "0": {
      "closest": 0.00416206568479538,
      "centroid": -0.9509097933769226,
      "furthest": -2.0111172199249268
    },
    "1": {
      "closest": -0.0013913214206695557,
      "centroid": 0.9509097933769226,
      "furthest": 1.947144627571106
    }
  },
  "12": {
    "0": {
      "closest": 0.015890084207057953,
      "centroid": -1.1072871685028076,
      "furthest": -2.2828853130340576
    },
    "1": {
      "closest": 0.007477425038814545,
      "centroid": 1.1072871685028076,
      "furthest": 2.204465389251709
    }
  },
  "13": {
    "0": {
      "closest": 0.014462828636169434,
      "centroid": -1.191827654838562,
      "furthest": -2.4568772315979004
    },
    "1": {
      "closest": 0.01320379227399826,
      "centroid": 1.191827654838562,
      "furthest": 2.441401243209839
    }
  },
  "14": {
    "0": {
      "closest": 0.008294010534882545,
      "centroid": -1.2140517234802246,
      "furthest": -2.4524402618408203
    },
    "1": {
      "closest": 0.00019296258687973022,
      "centroid": 1.2140517234802246,
      "furthest": 2.5762996673583984
    }
  },
  "15": {
    "0": {
      "closest": -0.014876049011945724,
      "centroid": -1.4236042499542236,
      "furthest": -2.836519241333008
    },
    "1": {
      "closest": -0.005629014223814011,
      "centroid": 1.4236042499542236,
      "furthest": 2.9386205673217773
    }
  },
  "16": {
    "0": {
      "closest": -0.01547018438577652,
      "centroid": -1.512831687927246,
      "furthest": -3.054849147796631
    },
    "1": {
      "closest": 0.005888035520911217,
      "centroid": 1.5128318071365356,
      "furthest": 3.246933698654175
    }
  },
  "17": {
    "0": {
      "closest": 0.007206939160823822,
      "centroid": -1.7285107374191284,
      "furthest": -3.6807034015655518
    },
    "1": {
      "closest": 0.0012991484254598618,
      "centroid": 1.7285107374191284,
      "furthest": 3.5914459228515625
    }
  },
  "18": {
    "0": {
      "closest": -0.03655066713690758,
      "centroid": -1.8504664897918701,
      "furthest": -3.891667604446411
    },
    "1": {
      "closest": -0.007549017667770386,
      "centroid": 1.850466251373291,
      "furthest": 3.947462558746338
    }
  },
  "19": {
    "0": {
      "closest": -0.005993984639644623,
      "centroid": -1.9521424770355225,
      "furthest": -4.08992338180542
    },
    "1": {
      "closest": 0.017755679786205292,
      "centroid": 1.952142596244812,
      "furthest": 4.092879295349121
    }
  },
  "20": {
    "0": {
      "closest": 0.003270953893661499,
      "centroid": -2.080313205718994,
      "furthest": -4.382070541381836
    },
    "1": {
      "closest": -0.005625389516353607,
      "centroid": 2.0803134441375732,
      "furthest": 4.499391555786133
    }
  },
  "21": {
    "0": {
      "closest": -0.014278698712587357,
      "centroid": -2.343323230743408,
      "furthest": -5.054252624511719
    },
    "1": {
      "closest": 0.015211254358291626,
      "centroid": 2.343323230743408,
      "furthest": 5.274466514587402
    }
  },
  "22": {
    "0": {
      "closest": 0.03653127700090408,
      "centroid": -2.4991774559020996,
      "furthest": -5.369499683380127
    },
    "1": {
      "closest": -0.011842263862490654,
      "centroid": 2.4991774559020996,
      "furthest": 5.774447441101074
    }
  },
  "23": {
    "0": {
      "closest": -0.06873782724142075,
      "centroid": -2.6864452362060547,
      "furthest": -5.868350982666016
    },
    "1": {
      "closest": -0.0037765204906463623,
      "centroid": 2.686445474624634,
      "furthest": 6.169783592224121
    }
  },
  "24": {
    "0": {
      "closest": -0.07504269480705261,
      "centroid": -2.8233587741851807,
      "furthest": -6.202555179595947
    },
    "1": {
      "closest": -0.004397690296173096,
      "centroid": 2.8233587741851807,
      "furthest": 6.630252361297607
    }
  },
  "25": {
    "0": {
      "closest": 0.04295628145337105,
      "centroid": -3.062548875808716,
      "furthest": -6.530633926391602
    },
    "1": {
      "closest": -0.006574541330337524,
      "centroid": 3.062548875808716,
      "furthest": 7.453161239624023
    }
  },
  "26": {
    "0": {
      "closest": 0.08387356996536255,
      "centroid": -3.219402313232422,
      "furthest": -6.9059672355651855
    },
    "1": {
      "closest": 0.0014093965291976929,
      "centroid": 3.219402313232422,
      "furthest": 7.802075386047363
    }
  },
  "27": {
    "0": {
      "closest": 0.07597258687019348,
      "centroid": -3.3610215187072754,
      "furthest": -7.1117682456970215
    },
    "1": {
      "closest": 0.0029042884707450867,
      "centroid": 3.3610215187072754,
      "furthest": 8.324447631835938
    }
  },
  "28": {
    "0": {
      "closest": 0.008721232414245605,
      "centroid": -3.6254379749298096,
      "furthest": -7.778896331787109
    },