{
  "0": {
    "0": {
      "closest": -0.04738684371113777,
      "centroid": -0.049881964921951294,
      "furthest": -0.05226965621113777
    },
    "1": {
      "closest": 0.04733971878886223,
      "centroid": 0.04993432015180588,
      "furthest": 0.05319909378886223
    }
  },
  "1": {
    "0": {
      "closest": -0.059141501784324646,
      "centroid": -0.06305020302534103,
      "furthest": -0.06646572053432465
    },
    "1": {
      "closest": 0.058778420090675354,
      "centroid": 0.06304110586643219,
      "furthest": 0.06781162321567535
    }
  },
  "2": {
    "0": {
      "closest": -0.08202167600393295,
      "centroid": -0.09182758629322052,
      "furthest": -0.09862323850393295
    },
    "1": {
      "closest": 0.08594707399606705,
      "centroid": 0.09179668128490448,
      "furthest": 0.10010723024606705
    }
  },
  "3": {
    "0": {
      "closest": -0.09300844371318817,
      "centroid": -0.10004701465368271,
      "furthest": -0.10765688121318817
    },
    "1": {
      "closest": 0.09009702503681183,
      "centroid": 0.09998716413974762,
      "furthest": 0.10621030628681183
    }
  },
  "4": {
    "0": {
      "closest": -0.15878285467624664,
      "centroid": -0.1758343130350113,
      "furthest": -0.1953154355287552
    },
    "1": {
      "closest": 0.16059938073158264,
      "centroid": 0.1758163422346115,
      "furthest": 0.19241973757743835
    }
  },
  "5": {
    "0": {
      "closest": -0.13502240180969238,
      "centroid": -0.1589614748954773,
      "furthest": -0.18023478984832764
    },
    "1": {
      "closest": 0.14530403912067413,
      "centroid": 0.15898889303207397,
      "furthest": 0.1781109720468521
    }
  },
  "6": {
    "0": {
      "closest": -0.14216762781143188,
      "centroid": -0.1541854292154312,
      "furthest": -0.16951137781143188
    },
    "1": {
      "closest": 0.14054721593856812,
      "centroid": 0.1542239934206009,
      "furthest": 0.16691440343856812
    }
  },
  "7": {
    "0": {
      "closest": -0.15703344345092773,
      "centroid": -0.17085057497024536,
      "furthest": -0.18730688095092773
    },
    "1": {
      "closest": 0.15253686904907227,
      "centroid": 0.17089135944843292,
      "furthest": 0.18573999404907227
    }
  },
  "8": {
    "0": {
      "closest": -0.16850395500659943,
      "centroid": -0.1827935427427292,
      "furthest": -0.19487114250659943
    },
    "1": {
      "closest": 0.16938666999340057,
      "centroid": 0.18282657861709595,
      "furthest": 0.19868354499340057
    }
  },
  "9": {
    "0": {
      "closest": -0.18410828709602356,
      "centroid": -0.19851745665073395,
      "furthest": -0.21438172459602356
    },
    "1": {
      "closest": 0.17819640040397644,
      "centroid": 0.19853821396827698,
      "furthest": 0.21725890040397644
    }
  },
  "10": {
    "0": {
      "closest": -0.2141113430261612,
      "centroid": -0.2347530573606491,
      "furthest": -0.2554086744785309
    },
    "1": {
      "closest": 0.21385298669338226,
      "centroid": 0.23457124829292297,
      "furthest": 0.2516857981681824
    }
  },
  "11": {
    "0": {
      "closest": -0.24056056141853333,
      "centroid": -0.3397027552127838,
      "furthest": -0.4095083177089691
    },
    "1": {
      "closest": 0.28943145275115967,
      "centroid": 0.3360552489757538,
      "furthest": 0.4012252688407898
    }
  },
  "12": {
    "0": {
      "closest": -0.025361180305480957,
      "centroid": -0.3490433394908905,
      "furthest": -0.5186516046524048
    },
    "1": {
      "closest": 0.19731813669204712,
      "centroid": 0.3261308968067169,
      "furthest": 0.4931771159172058
    }
  },
  "13": {
    "0": {
      "closest": -0.06618916988372803,
      "centroid": -0.3167687654495239,
      "furthest": -0.5057027339935303
    },
    "1": {
      "closest": 0.12719517946243286,
      "centroid": 0.29778897762298584,
      "furthest": 0.4590199589729309
    }
  },
  "14": {
    "0": {
      "closest": -0.3033595383167267,
      "centroid": -0.6007882952690125,
      "furthest": -0.7919571399688721
    },
    "1": {
      "closest": 0.2686605155467987,
      "centroid": 0.61516934633255,
      "furthest": 0.8786121606826782
    }
  },
  "15": {
    "0": {
      "closest": -0.3972691297531128,
      "centroid": -0.725303053855896,
      "furthest": -0.9336245059967041
    },
    "1": {
      "closest": 0.24816066026687622,
      "centroid": 0.7943801879882812,
      "furthest": 1.2182612419128418
    }
  },
  "16": {
    "0": {
      "closest": -0.552322268486023,
      "centroid": -0.886534571647644,
      "furthest": -1.1533188819885254
    },
    "1": {
      "closest": 0.2942858934402466,
      "centroid": 1.0211231708526611,
      "furthest": 1.5103213787078857
    }
  },
  "17": {
    "0": {
      "closest": -0.5992816686630249,
      "centroid": -0.9019740223884583,
      "furthest": -1.060120701789856
    },
    "1": {
      "closest": 0.3008343577384949,
      "centroid": 1.054376482963562,
      "furthest": 1.4295214414596558
    }
  },
  "18": {
    "0": {
      "closest": -0.33860504627227783,
      "centroid": -0.5401504039764404,
      "furthest": -0.6622120141983032
    },
    "1": {
      "closest": 0.08378076553344727,
      "centroid": 0.616987407207489,
      "furthest": 0.9041444063186646
    }
  },
  "19": {
    "0": {
      "closest": -0.8064420819282532,
      "centroid": -1.0778563022613525,
      "furthest": -1.2070651054382324
    },
    "1": {
      "closest": 0.4307768940925598,
      "centroid": 1.1852037906646729,
      "furthest": 1.4338417053222656
    }
  },
  "20": {
    "0": {
      "closest": -0.9280678033828735,
      "centroid": -1.240072250366211,
      "furthest": -1.3775509595870972
    },
    "1": {
      "closest": 0.49152517318725586,
      "centroid": 1.3950090408325195,
      "furthest": 1.7564245462417603
    }
  },
  "21": {
    "0": {
      "closest": -1.031220555305481,
      "centroid": -1.676684856414795,
      "furthest": -1.9435545206069946
    },
    "1": {
      "closest": 0.5553417205810547,
      "centroid": 1.915584921836853,
      "furthest": 2.4804623126983643
    }
  },
  "22": {
    "0": {
      "closest": -1.1456891298294067,
      "centroid": -1.5899505615234375,
      "furthest": -1.7765206098556519
    },
    "1": {
      "closest": 0.5829968452453613,
      "centroid": 1.7843279838562012,
      "furthest": 2.2998290061950684
    }
  },
  "23": {
    "0": {
      "closest": -0.731877863407135,
      "centroid": -1.0722614526748657,
      "furthest": -1.2844905853271484
    },
    "1": {
      "closest": 0.08593899011611938,
      "centroid": 1.2355505228042603,
      "furthest": 1.7962870597839355
    }
  },
  "24": {
    "0": {
      "closest": -0.6956380605697632,
      "centroid": -1.0500062704086304,
      "furthest": -1.2633792161941528
    },
    "1": {
      "closest": 0.04837536811828613,
      "centroid": 1.2122124433517456,
      "furthest": 1.7089735269546509
    }
  },
  "25": {
    "0": {
      "closest": -0.7171249389648438,
      "centroid": -0.9569828510284424,
      "furthest": -1.1368557214736938
    },
    "1": {
      "closest": 0.19731757044792175,
      "centroid": 1.0972315073013306,
      "furthest": 1.5246235132217407
    }
  },
  "26": {
    "0": {
      "closest": -0.5219665169715881,
      "centroid": -0.7749161720275879,
      "furthest": -0.9850502610206604
    },
    "1": {
      "closest": 0.10463303327560425,
      "centroid": 0.7501490116119385,
      "furthest": 1.1200978755950928
    }
  },
  "27": {
    "0": {
      "closest": -0.5073597431182861,
      "centroid": -0.7751358151435852,
      "furthest": -0.9791021347045898
    },
    "1": {
      "closest": 0.1954769790172577,
      "centroid": 0.7569542527198792,
      "furthest": 1.1777029037475586
    }
  },
  "28": {
    "0": {
      "closest": -0.45466554164886475,
      "centroid": -0.7677373290061951,
      "furthest": -0.9637691974639893
    },
    "1": {
      "closest": 0.21930170059204102,