{
  "0": {
    "0": {
      "closest": -0.0019746259786188602,
      "centroid": -0.021924033761024475,
      "furthest": -0.0526980459690094
    },
    "1": {
      "closest": 0.0020614243112504482,
      "centroid": 0.022630007937550545,
      "furthest": 0.06978599727153778
    }
  },
  "1": {
    "0": {
      "closest": -0.004068305715918541,
      "centroid": -0.02825344167649746,
      "furthest": -0.06614582240581512
    },
    "1": {
      "closest": 0.0021322648972272873,
      "centroid": 0.029957182705402374,
      "furthest": 0.08323211967945099
    }
  },
  "2": {
    "0": {
      "closest": -0.014107927680015564,
      "centroid": -0.050160810351371765,
      "furthest": -0.11283165216445923
    },
    "1": {
      "closest": 0.010759690776467323,
      "centroid": 0.05314474180340767,
      "furthest": 0.1600496619939804
    }
  },
  "3": {
    "0": {
      "closest": -0.01827828586101532,
      "centroid": -0.07580696791410446,
      "furthest": -0.17523625493049622
    },
    "1": {
      "closest": 0.01387891173362732,
      "centroid": 0.08099909126758575,
      "furthest": 0.22295519709587097
    }
  },
  "4": {
    "0": {
      "closest": -0.025336625054478645,
      "centroid": -0.10699725896120071,
      "furthest": -0.2654057443141937
    },
    "1": {
      "closest": 0.02000970020890236,
      "centroid": 0.11484945565462112,
      "furthest": 0.28242170810699463
    }
  },
  "5": {
    "0": {
      "closest": -0.03708348423242569,
      "centroid": -0.1379050761461258,
      "furthest": -0.3398503065109253
    },
    "1": {
      "closest": 0.026236126199364662,
      "centroid": 0.14270812273025513,
      "furthest": 0.3497633934020996
    }
  },
  "6": {
    "0": {
      "closest": -0.04146779328584671,
      "centroid": -0.16591881215572357,
      "furthest": -0.43620336055755615
    },
    "1": {
      "closest": 0.030188048258423805,
      "centroid": 0.1723172813653946,
      "furthest": 0.3915816843509674
    }
  },
  "7": {
    "0": {
      "closest": -0.050740934908390045,
      "centroid": -0.20034538209438324,
      "furthest": -0.4773520231246948
    },
    "1": {
      "closest": 0.044699471443891525,
      "centroid": 0.20624351501464844,
      "furthest": 0.4637356698513031
    }
  },
  "8": {
    "0": {
      "closest": -0.05287577956914902,
      "centroid": -0.222651407122612,
      "furthest": -0.4881768822669983
    },
    "1": {
      "closest": 0.04688076674938202,
      "centroid": 0.2231389433145523,
      "furthest": 0.4932748079299927
    }
  },
  "9": {
    "0": {
      "closest": -0.046249110251665115,
      "centroid": -0.2398272305727005,
      "furthest": -0.49938786029815674
    },
    "1": {
      "closest": 0.043430984020233154,
      "centroid": 0.23714381456375122,
      "furthest": 0.5064243674278259
    }
  },
  "10": {
    "0": {
      "closest": -0.04073978215456009,
      "centroid": -0.2503622770309448,
      "furthest": -0.5411401987075806
    },
    "1": {
      "closest": 0.04395251348614693,
      "centroid": 0.24408093094825745,
      "furthest": 0.5050544738769531
    }
  },
  "11": {
    "0": {
      "closest": -0.05046595260500908,
      "centroid": -0.25429314374923706,
      "furthest": -0.5373151302337646
    },
    "1": {
      "closest": 0.05406799912452698,
      "centroid": 0.24692600965499878,
      "furthest": 0.538780927658081
    }
  },
  "12": {
    "0": {
      "closest": -0.05368676036596298,
      "centroid": -0.2828613817691803,
      "furthest": -0.5907882452011108
    },
    "1": {
      "closest": 0.0590292289853096,
      "centroid": 0.27164316177368164,
      "furthest": 0.5708606243133545
    }
  },
  "13": {
    "0": {
      "closest": -0.056179776787757874,
      "centroid": -0.2915864884853363,
      "furthest": -0.6353009343147278
    },
    "1": {
      "closest": 0.05932972580194473,
      "centroid": 0.2792256772518158,
      "furthest": 0.6006332635879517
    }
  },
  "14": {
    "0": {
      "closest": -0.06201596558094025,
      "centroid": -0.292860209941864,
      "furthest": -0.6108294725418091
    },
    "1": {
      "closest": 0.058335594832897186,
      "centroid": 0.2852611541748047,
      "furthest": 0.6061882972717285
    }
  },
  "15": {
    "0": {
      "closest": -0.03492387384176254,
      "centroid": -0.27394652366638184,
      "furthest": -0.627301812171936
    },
    "1": {
      "closest": 0.008471371605992317,
      "centroid": 0.26755544543266296,
      "furthest": 0.6404370665550232
    }
  },
  "16": {
    "0": {
      "closest": -0.018072469159960747,
      "centroid": -0.2948441803455353,
      "furthest": -0.6543722152709961
    },
    "1": {
      "closest": 0.02169102616608143,
      "centroid": 0.28529974818229675,
      "furthest": 0.6868256330490112
    }
  },
  "17": {
    "0": {
      "closest": -0.03291589021682739,
      "centroid": -0.32947760820388794,
      "furthest": -0.7336658239364624
    },
    "1": {
      "closest": 0.02550225704908371,
      "centroid": 0.31695353984832764,
      "furthest": 0.8405322432518005
    }
  },
  "18": {
    "0": {
      "closest": -0.024625014513731003,
      "centroid": -0.37203988432884216,
      "furthest": -0.843763530254364
    },
    "1": {
      "closest": 0.03290071710944176,
      "centroid": 0.35673385858535767,
      "furthest": 0.908219575881958
    }
  },
  "19": {
    "0": {
      "closest": -0.04144082963466644,
      "centroid": -0.3949646055698395,
      "furthest": -0.856181263923645
    },
    "1": {
      "closest": 0.05306270718574524,
      "centroid": 0.3830227553844452,
      "furthest": 1.0149705410003662
    }
  },
  "20": {
    "0": {
      "closest": -0.0687699019908905,
      "centroid": -0.4366599917411804,
      "furthest": -0.9830287098884583
    },
    "1": {
      "closest": 0.0675048828125,
      "centroid": 0.42453497648239136,
      "furthest": 1.0947260856628418
    }
  },
  "21": {
    "0": {
      "closest": -0.11358277499675751,
      "centroid": -0.5544798374176025,
      "furthest": -1.2781660556793213
    },
    "1": {
      "closest": 0.1424129456281662,
      "centroid": 0.5426702499389648,
      "furthest": 1.3349744081497192
    }
  },
  "22": {
    "0": {
      "closest": -0.11652518063783646,
      "centroid": -0.5918419361114502,
      "furthest": -1.4066067934036255
    },
    "1": {
      "closest": 0.14868494868278503,
      "centroid": 0.5859674215316772,
      "furthest": 1.4236727952957153
    }
  },
  "23": {
    "0": {
      "closest": -0.1250878870487213,
      "centroid": -0.6386960744857788,
      "furthest": -1.4877400398254395
    },
    "1": {
      "closest": 0.15928983688354492,
      "centroid": 0.6303645372390747,
      "furthest": 1.4936065673828125
    }
  },
  "24": {
    "0": {
      "closest": -0.12307590991258621,
      "centroid": -0.681913435459137,
      "furthest": -1.5433980226516724
    },
    "1": {
      "closest": 0.1688133329153061,
      "centroid": 0.6684827208518982,
      "furthest": 1.5809065103530884
    }
  },
  "25": {
    "0": {
      "closest": -0.13316859304904938,
      "centroid": -0.7359306812286377,
      "furthest": -1.7103722095489502
    },
    "1": {
      "closest": 0.18256904184818268,
      "centroid": 0.7217512726783752,
      "furthest": 1.6789473295211792
    }
  },
  "26": {
    "0": {
      "closest": -0.08385126292705536,
      "centroid": -0.7526142001152039,
      "furthest": -1.698551893234253
    },
    "1": {
      "closest": 0.15192686021327972,
      "centroid": 0.7427937388420105,
      "furthest": 1.7936320304870605
    }
  },
  "27": {
    "0": {
      "closest": -0.1355382204055786,
      "centroid": -0.8412125110626221,
      "furthest": -1.875585913658142
    },
    "1": {
      "closest": 0.1927318125963211,
      "centroid": 0.8260603547096252,
      "furthest": 1.88368821144104
    }
  },
  "28": {
    "0": {
      "closest": -0.11501920968294144,
      "centroid": -0.8876330852508545,
      "furthest": -2.0438637733459473
    },