{
  "0": {
    "0": {
      "closest": -0.052490234375,
      "centroid": -0.05507751554250717,
      "furthest": -0.05810546875
    },
    "1": {
      "closest": 0.041259765625,
      "centroid": 0.04390624910593033,
      "furthest": 0.0478515625
    }
  },
  "1": {
    "0": {
      "closest": -0.061767578125,
      "centroid": -0.06661804020404816,
      "furthest": -0.0712890625
    },
    "1": {
      "closest": 0.053955078125,
      "centroid": 0.05775146558880806,
      "furthest": 0.06396484375
    }
  },
  "2": {
    "0": {
      "closest": -0.10400780290365219,
      "centroid": -0.11088147759437561,
      "furthest": -0.120140440762043
    },
    "1": {
      "closest": 0.07177723199129105,
      "centroid": 0.07921413332223892,
      "furthest": 0.08912289887666702
    }
  },
  "3": {
    "0": {
      "closest": -0.11677134037017822,
      "centroid": -0.12396053224802017,
      "furthest": -0.13363657891750336
    },
    "1": {
      "closest": 0.12730319797992706,
      "centroid": 0.13435828685760498,
      "furthest": 0.14045004546642303
    }
  },
  "4": {
    "0": {
      "closest": -0.11797592788934708,
      "centroid": -0.13215301930904388,
      "furthest": -0.14636580646038055
    },
    "1": {
      "closest": 0.12288384884595871,
      "centroid": 0.13791245222091675,
      "furthest": 0.15711864829063416
    }
  },
  "5": {
    "0": {
      "closest": -0.1451004296541214,
      "centroid": -0.1606932282447815,
      "furthest": -0.18488766252994537
    },
    "1": {
      "closest": 0.14618420600891113,
      "centroid": 0.1639656126499176,
      "furthest": 0.18477396667003632
    }
  },
  "6": {
    "0": {
      "closest": -0.17654988169670105,
      "centroid": -0.18732760846614838,
      "furthest": -0.20893488824367523
    },
    "1": {
      "closest": 0.1887640357017517,
      "centroid": 0.2025640904903412,
      "furthest": 0.2131364345550537
    }
  },
  "7": {
    "0": {
      "closest": -0.1504000872373581,
      "centroid": -0.1634557694196701,
      "furthest": -0.17877933382987976
    },
    "1": {
      "closest": 0.1646430790424347,
      "centroid": 0.18029268085956573,
      "furthest": 0.1933593899011612
    }
  },
  "8": {
    "0": {
      "closest": -0.16646327078342438,
      "centroid": -0.17853772640228271,
      "furthest": -0.19763952493667603
    },
    "1": {
      "closest": 0.17565973103046417,
      "centroid": 0.18810492753982544,
      "furthest": 0.20105032622814178
    }
  },
  "9": {
    "0": {
      "closest": -0.18136411905288696,
      "centroid": -0.20251873135566711,
      "furthest": -0.22202807664871216
    },
    "1": {
      "closest": 0.1708356887102127,
      "centroid": 0.19009631872177124,
      "furthest": 0.208934023976326
    }
  },
  "10": {
    "0": {
      "closest": -0.19009515643119812,
      "centroid": -0.2161361277103424,
      "furthest": -0.2433624118566513
    },
    "1": {
      "closest": 0.17547623813152313,
      "centroid": 0.1993185430765152,
      "furthest": 0.22127540409564972
    }
  },
  "11": {
    "0": {
      "closest": -0.23410318791866302,
      "centroid": -0.2573937177658081,
      "furthest": -0.284262478351593
    },
    "1": {
      "closest": 0.23594075441360474,
      "centroid": 0.2541794180870056,
      "furthest": 0.2726024389266968
    }
  },
  "12": {
    "0": {
      "closest": -0.2500092387199402,
      "centroid": -0.28283679485321045,
      "furthest": -0.32460275292396545
    },
    "1": {
      "closest": 0.2609137296676636,
      "centroid": 0.2839885354042053,
      "furthest": 0.314274400472641
    }
  },
  "13": {
    "0": {
      "closest": -0.18410168588161469,
      "centroid": -0.2181110382080078,
      "furthest": -0.2613338232040405
    },
    "1": {
      "closest": 0.15815138816833496,
      "centroid": 0.19624824821949005,
      "furthest": 0.22286510467529297
    }
  },
  "14": {
    "0": {
      "closest": -0.18634946644306183,
      "centroid": -0.2326957732439041,
      "furthest": -0.28128984570503235
    },
    "1": {
      "closest": 0.19526901841163635,
      "centroid": 0.23247726261615753,
      "furthest": 0.29604294896125793
    }
  },
  "15": {
    "0": {
      "closest": -0.1875723898410797,
      "centroid": -0.2978444993495941,
      "furthest": -0.374403178691864
    },
    "1": {
      "closest": 0.2380301058292389,
      "centroid": 0.29283061623573303,
      "furthest": 0.4382951855659485
    }
  },
  "16": {
    "0": {
      "closest": -0.2845477759838104,
      "centroid": -0.3588261008262634,
      "furthest": -0.4133402705192566
    },
    "1": {
      "closest": 0.3205815851688385,
      "centroid": 0.3677010238170624,
      "furthest": 0.438220351934433
    }
  },
  "17": {
    "0": {
      "closest": -0.4515504837036133,
      "centroid": -0.5071555376052856,
      "furthest": -0.5770426392555237
    },
    "1": {
      "closest": 0.017374202609062195,
      "centroid": 0.11053460091352463,
      "furthest": 0.22202061116695404
    }
  },
  "18": {
    "0": {
      "closest": -0.3400905132293701,
      "centroid": -0.4137650430202484,
      "furthest": -0.4808194637298584
    },
    "1": {
      "closest": 0.15565890073776245,
      "centroid": 0.25026175379753113,
      "furthest": 0.3846436142921448
    }
  },
  "19": {
    "0": {
      "closest": -0.2448432594537735,
      "centroid": -0.33371293544769287,
      "furthest": -0.4127970039844513
    },
    "1": {
      "closest": 0.1707456260919571,
      "centroid": 0.25394099950790405,
      "furthest": 0.4353908598423004
    }
  },
  "20": {
    "0": {
      "closest": -0.2525234818458557,
      "centroid": -0.34253159165382385,
      "furthest": -0.4343103766441345
    },
    "1": {
      "closest": 0.19340769946575165,
      "centroid": 0.292531281709671,
      "furthest": 0.4773288369178772
    }
  },
  "21": {
    "0": {
      "closest": -0.2679857015609741,
      "centroid": -0.4013681709766388,
      "furthest": -0.48795104026794434
    },
    "1": {
      "closest": 0.1625024676322937,
      "centroid": 0.30007344484329224,
      "furthest": 0.4588131308555603
    }
  },
  "22": {
    "0": {
      "closest": -0.4222721755504608,
      "centroid": -0.5152381658554077,
      "furthest": -0.6389187574386597
    },
    "1": {
      "closest": 0.26623332500457764,
      "centroid": 0.38764381408691406,
      "furthest": 0.5318450331687927
    }
  },
  "23": {
    "0": {
      "closest": -0.4189468026161194,
      "centroid": -0.5069627165794373,
      "furthest": -0.6536396741867065
    },
    "1": {
      "closest": 0.366716593503952,
      "centroid": 0.4544512629508972,
      "furthest": 0.5563886761665344
    }
  },
  "24": {
    "0": {
      "closest": -0.4657452702522278,
      "centroid": -0.5458918809890747,
      "furthest": -0.6623114347457886
    },
    "1": {
      "closest": 0.32088130712509155,
      "centroid": 0.4123457372188568,
      "furthest": 0.5253300070762634
    }
  },
  "25": {
    "0": {
      "closest": -0.423431932926178,
      "centroid": -0.5120721459388733,
      "furthest": -0.6231632232666016
    },
    "1": {
      "closest": 0.3854413628578186,
      "centroid": 0.48291832208633423,
      "furthest": 0.6227264404296875
    }
  },
  "26": {
    "0": {
      "closest": -0.4329528212547302,
      "centroid": -0.5223050117492676,
      "furthest": -0.6431002020835876
    },
    "1": {
      "closest": 0.4079441428184509,
      "centroid": 0.5040406584739685,
      "furthest": 0.6544477939605713
    }
  },
  "27": {
    "0": {
      "closest": -0.4118771553039551,
      "centroid": -0.5060009956359863,
      "furthest": -0.6177455186843872
    },
    "1": {
      "closest": 0.39163389801979065,
      "centroid": 0.5026370882987976,
      "furthest": 0.6273283958435059
    }
  },
  "28": {
    "0": {
      "closest": -0.31562700867652893,
      "centroid": -0.4475253224372864,
      "furthest": -0.5927495956420898
    },
    "1": {
      "closest": 0.35879644751548767,