{
  "0": {
    "0": {
      "closest": -0.00016598085412434377,
      "centroid": -0.04448933534310979,
      "furthest": -0.22153536100769838
    },
    "1": {
      "closest": 0.00011349450537949043,
      "centroid": 0.040747190817686275,
      "furthest": 0.0980893263621861
    }
  },
  "1": {
    "0": {
      "closest": -1.1371614253866992e-05,
      "centroid": -0.037230868110598864,
      "furthest": -0.10936226517634848
    },
    "1": {
      "closest": -0.0003550026695315258,
      "centroid": 0.04369083155245421,
      "furthest": 0.12085494322091125
    }
  },
  "2": {
    "0": {
      "closest": -1.4142814030310147e-06,
      "centroid": -0.05896744664970033,
      "furthest": -0.15661706280311277
    },
    "1": {
      "closest": -0.001131242510565813,
      "centroid": 0.06468551088474449,
      "furthest": 0.15625943208839083
    }
  },
  "3": {
    "0": {
      "closest": -0.006770120798994129,
      "centroid": -0.09287761747921916,
      "furthest": -0.21841759107520678
    },
    "1": {
      "closest": -0.00041315189261506916,
      "centroid": 0.10005662335129031,
      "furthest": 0.2207066203533008
    }
  },
  "4": {
    "0": {
      "closest": 0.0002262735255771798,
      "centroid": -0.25702873102421003,
      "furthest": -0.7010107076685191
    },
    "1": {
      "closest": 0.003952317169959715,
      "centroid": 0.2592213821685911,
      "furthest": 0.5688399433009919
    }
  },
  "5": {
    "0": {
      "closest": -0.008589648680984812,
      "centroid": -0.16481547397522678,
      "furthest": -0.3882349713366563
    },
    "1": {
      "closest": -0.001642682869026385,
      "centroid": 0.195331692929826,
      "furthest": 0.4076177812280093
    }
  },
  "6": {
    "0": {
      "closest": -0.024972295147110215,
      "centroid": -0.20568258863569155,
      "furthest": -0.5003401615487207
    },
    "1": {
      "closest": 0.025397934993740302,
      "centroid": 0.22493183440127396,
      "furthest": 0.47437504298801414
    }
  },
  "7": {
    "0": {
      "closest": -0.03365888747390616,
      "centroid": -0.2514032798459215,
      "furthest": -0.5627058257020014
    },
    "1": {
      "closest": 0.023044015669566986,
      "centroid": 0.28556549767273254,
      "furthest": 0.6180506282293152
    }
  },
  "8": {
    "0": {
      "closest": -0.027421447966948984,
      "centroid": -0.28878599872233723,
      "furthest": -0.6236907022521283
    },
    "1": {
      "closest": -0.000996377988565218,
      "centroid": 0.32619001048896296,
      "furthest": 0.6760363376158889
    }
  },
  "9": {
    "0": {
      "closest": -0.061363375295081346,
      "centroid": -0.3081488585733955,
      "furthest": -0.6433302331751296
    },
    "1": {
      "closest": 0.014586045159790768,
      "centroid": 0.3346070185023858,
      "furthest": 0.6906816008682927
    }
  },
  "10": {
    "0": {
      "closest": -0.019566976715129147,
      "centroid": -0.3379169662868341,
      "furthest": -0.7554255459574266
    },
    "1": {
      "closest": 0.006357935150728541,
      "centroid": 0.378747696235712,
      "furthest": 0.7378635790613323
    }
  },
  "11": {
    "0": {
      "closest": -0.05637971104556129,
      "centroid": -0.3303861120293075,
      "furthest": -0.7137992301984143
    },
    "1": {
      "closest": 0.029513029066627852,
      "centroid": 0.339766543362871,
      "furthest": 0.6678817703980039
    }
  },
  "12": {
    "0": {
      "closest": -0.06397715939202665,
      "centroid": -0.404583206865575,
      "furthest": -0.8786952540494886
    },
    "1": {
      "closest": 0.052924007325794234,
      "centroid": 0.3979918099649897,
      "furthest": 0.7883138200158823
    }
  },
  "13": {
    "0": {
      "closest": -0.006776815512713294,
      "centroid": -0.4774064531150497,
      "furthest": -0.9645535066809615
    },
    "1": {
      "closest": 0.0023793882526913987,
      "centroid": 0.51409722621173,
      "furthest": 1.0399541772699985
    }
  },
  "14": {
    "0": {
      "closest": -0.00021304422462694803,
      "centroid": -0.46889192664545204,
      "furthest": -0.9315066932898256
    },
    "1": {
      "closest": 0.00797228740760331,
      "centroid": 0.5026925802978072,
      "furthest": 0.9656901707656022
    }
  },
  "15": {
    "0": {
      "closest": -0.03867521247940562,
      "centroid": -0.5070968586214772,
      "furthest": -1.0076737886994018
    },
    "1": {
      "closest": 0.02268003690998254,
      "centroid": 0.5690732387311609,
      "furthest": 1.125393846353612
    }
  },
  "16": {
    "0": {
      "closest": -0.018778089799101016,
      "centroid": -0.5400768800594221,
      "furthest": -1.1789988451143203
    },
    "1": {
      "closest": 0.028742498110013465,
      "centroid": 0.5844390523951724,
      "furthest": 1.1652563652672896
    }
  },
  "17": {
    "0": {
      "closest": -0.0605070473574784,
      "centroid": -0.5719526014119063,
      "furthest": -1.240219662284516
    },
    "1": {
      "closest": 0.02690971227312665,
      "centroid": 0.6405448532606681,
      "furthest": 1.299663495284674
    }
  },
  "18": {
    "0": {
      "closest": -0.0445649901313848,
      "centroid": -0.604717805332794,
      "furthest": -1.3413711262330377
    },
    "1": {
      "closest": 0.03016692124900268,
      "centroid": 0.6738020568893384,
      "furthest": 1.346622299860057
    }
  },
  "19": {
    "0": {
      "closest": -0.0891919444813102,
      "centroid": -0.6058964006958701,
      "furthest": -1.371703943802528
    },
    "1": {
      "closest": 0.0566160691962679,
      "centroid": 0.6599026495898832,
      "furthest": 1.3580140591341037
    }
  },
  "20": {
    "0": {
      "closest": -0.06328089372990292,
      "centroid": -0.6858699228641865,
      "furthest": -1.50809961347689
    },
    "1": {
      "closest": 0.013089190457705591,
      "centroid": 0.7835724941511054,
      "furthest": 1.5823741595140584
    }
  },
  "21": {
    "0": {
      "closest": -0.05381003349006728,
      "centroid": -0.7307182315613465,
      "furthest": -1.5442342954936212
    },
    "1": {
      "closest": 0.027915882469612914,
      "centroid": 0.8161414871243897,
      "furthest": 1.6419036202154345
    }
  },
  "22": {
    "0": {
      "closest": -0.054674006364647504,
      "centroid": -0.7714171677048562,
      "furthest": -1.6716798202050103
    },
    "1": {
      "closest": 0.037599248535944596,
      "centroid": 0.8977302849247712,
      "furthest": 1.7967826842339054
    }
  },
  "23": {
    "0": {
      "closest": -0.12440259428559994,
      "centroid": -0.8081640519858597,
      "furthest": -1.73250885213869
    },
    "1": {
      "closest": 0.06213383679044468,
      "centroid": 0.9671999855209539,
      "furthest": 1.9772911868853305
    }
  },
  "24": {
    "0": {
      "closest": -0.16872394451770392,
      "centroid": -0.847973838150069,
      "furthest": -1.8425725392707715
    },
    "1": {
      "closest": 0.15288760903287354,
      "centroid": 0.9614277574090403,
      "furthest": 2.0168205804065233
    }
  },
  "25": {
    "0": {
      "closest": -0.1778344619678665,
      "centroid": -0.9148114774201708,
      "furthest": -1.9253394325780515
    },
    "1": {
      "closest": 0.12028067368861971,
      "centroid": 1.0383697239850023,
      "furthest": 2.142384412864561
    }
  },
  "26": {
    "0": {
      "closest": -0.2102448421014905,
      "centroid": -0.9607561687891746,
      "furthest": -1.9512623925125494
    },
    "1": {
      "closest": 0.2170488188045272,
      "centroid": 1.0979205145016433,
      "furthest": 2.1912684527274595
    }
  },
  "27": {
    "0": {
      "closest": -0.2715785975993474,
      "centroid": -1.0324344959854008,
      "furthest": -2.1210315382193445
    },
    "1": {
      "closest": 0.23198661703709353,
      "centroid": 1.1717873268881298,
      "furthest": 2.417871985005215
    }
  },
  "28": {
    "0": {
      "closest": -0.24480466910891924,
      "centroid": -1.1699862970029609,
      "furthest": -2.3487624777570244
    },