{
  "0": {
    "acc": 0.86,
    "precision": 0.8461538461538461,
    "recall": 0.88,
    "f1": 0.8627450980392157,
    "auc": 0.9338937500000001,
    "mse": 0.24820279553777025
  },
  "1": {
    "acc": 0.97875,
    "precision": 0.982367758186398,
    "recall": 0.975,
    "f1": 0.9786700125470514,
    "auc": 0.9967625,
    "mse": 0.01857495187489657
  },
  "2": {
    "acc": 0.9925,
    "precision": 0.9974747474747475,
    "recall": 0.9875,
    "f1": 0.992462311557789,
    "auc": 0.9996687500000001,
    "mse": 0.010584344463153851
  },
  "3": {
    "acc": 0.995,
    "precision": 1.0,
    "recall": 0.99,
    "f1": 0.9949748743718593,
    "auc": 0.9999875,
    "mse": 0.005831828225654652
  },
  "4": {
    "acc": 0.93,
    "precision": 0.9479166666666666,
    "recall": 0.91,
    "f1": 0.9285714285714286,
    "auc": 0.9677625,
    "mse": 0.09505837574071738
  },
  "5": {
    "acc": 0.99375,
    "precision": 1.0,
    "recall": 0.9875,
    "f1": 0.9937106918238994,
    "auc": 0.99998125,
    "mse": 0.004493217787085449
  },
  "6": {
    "acc": 1.0,
    "precision": 1.0,
    "recall": 1.0,
    "f1": 1.0,
    "auc": 1.0,
    "mse": 0.0010367044171105497
  },
  "7": {
    "acc": 1.0,
    "precision": 1.0,
    "recall": 1.0,
    "f1": 1.0,
    "auc": 1.0,
    "mse": 0.0008980210558138677
  },
  "8": {
    "acc": 0.99875,
    "precision": 1.0,
    "recall": 0.9975,
    "f1": 0.9987484355444305,
    "auc": 1.0,
    "mse": 0.0015889590270789517
  },
  "9": {
    "acc": 1.0,
    "precision": 1.0,
    "recall": 1.0,
    "f1": 1.0,
    "auc": 1.0,
    "mse": 0.002186269700974955
  },
  "10": {
    "acc": 1.0,
    "precision": 1.0,
    "recall": 1.0,
    "f1": 1.0,
    "auc": 1.0,
    "mse": 0.003306193839304264
  },
  "11": {
    "acc": 1.0,
    "precision": 1.0,
    "recall": 1.0,
    "f1": 1.0,
    "auc": 1.0,
    "mse": 0.0016972320717407662
  },
  "12": {
    "acc": 1.0,
    "precision": 1.0,
    "recall": 1.0,
    "f1": 1.0,
    "auc": 1.0,
    "mse": 0.0012194171638852727
  },
  "13": {
    "acc": 0.99125,
    "precision": 0.9924812030075187,
    "recall": 0.99,
    "f1": 0.9912390488110138,
    "auc": 0.999775,
    "mse": 0.010811635492849777
  },
  "14": {
    "acc": 0.99625,
    "precision": 0.9974937343358395,
    "recall": 0.995,
    "f1": 0.9962453066332916,
    "auc": 0.9999125,
    "mse": 0.009098280433741772
  },
  "15": {
    "acc": 0.9975,
    "precision": 1.0,
    "recall": 0.995,
    "f1": 0.9974937343358395,
    "auc": 0.99991875,
    "mse": 0.008643000283051934
  },
  "16": {
    "acc": 0.9975,
    "precision": 1.0,
    "recall": 0.995,
    "f1": 0.9974937343358395,
    "auc": 0.9998812499999999,
    "mse": 0.008912177971361377
  },
  "17": {
    "acc": 0.9975,
    "precision": 1.0,
    "recall": 0.995,
    "f1": 0.9974937343358395,
    "auc": 0.9999687500000001,
    "mse": 0.007494915170641473
  },
  "18": {
    "acc": 0.9975,
    "precision": 1.0,
    "recall": 0.995,
    "f1": 0.9974937343358395,
    "auc": 0.99994375,
    "mse": 0.00722905772510511
  },
  "19": {
    "acc": 1.0,
    "precision": 1.0,
    "recall": 1.0,
    "f1": 1.0,
    "auc": 1.0,
    "mse": 0.0008324096212755298
  },
  "20": {
    "acc": 0.99875,
    "precision": 1.0,
    "recall": 0.9975,
    "f1": 0.9987484355444305,
    "auc": 0.99995625,
    "mse": 0.005987674288180435
  },
  "21": {
    "acc": 1.0,
    "precision": 1.0,
    "recall": 1.0,
    "f1": 1.0,
    "auc": 1.0,
    "mse": 0.0038161708936661127
  },
  "22": {
    "acc": 1.0,
    "precision": 1.0,
    "recall": 1.0,
    "f1": 1.0,
    "auc": 1.0,
    "mse": 0.0038003574881860912
  },
  "23": {
    "acc": 1.0,
    "precision": 1.0,
    "recall": 1.0,
    "f1": 1.0,
    "auc": 1.0,
    "mse": 0.00294845888694893
  },
  "24": {
    "acc": 1.0,
    "precision": 1.0,
    "recall": 1.0,
    "f1": 1.0,
    "auc": 1.0,
    "mse": 0.00027865075692077093
  },
  "25": {
    "acc": 1.0,
    "precision": 1.0,
    "recall": 1.0,
    "f1": 1.0,
    "auc": 1.0,
    "mse": 0.0018830110418252988
  },
  "26": {
    "acc": 1.0,
    "precision": 1.0,
    "recall": 1.0,
    "f1": 1.0,
    "auc": 1.0,
    "mse": 0.0012701723357606423
  },
  "27": {
    "acc": 1.0,
    "precision": 1.0,
    "recall": 1.0,
    "f1": 1.0,
    "auc": 1.0,
    "mse": 0.0011023455601966519
  },
  "28": {
    "acc": 1.0,
    "precision": 1.0,
    "recall": 1.0,
    "f1": 1.0,
    "auc": 1.0,
    "mse": 0.0010792244721965142
  },
  "29": {
    "acc": 1.0,
    "precision": 1.0,
    "recall": 1.0,
    "f1": 1.0,
    "auc": 1.0,
    "mse": 0.0012566874883680609
  },
  "30": {
    "acc": 1.0,
    "precision": 1.0,
    "recall": 1.0,
    "f1": 1.0,
    "auc": 1.0,
    "mse": 5.988039585673287e-05
  },
  "31": {
    "acc": 1.0,
    "precision": 1.0,
    "recall": 1.0,
    "f1": 1.0,
    "auc": 1.0,
    "mse": 0.00046537125126871424
  },
  "aggregation": {
    "acc": 100.0,
    "precision": 1.0,
    "recall": 1.0,
    "f1": 1.0,
    "auc": 1.0,
    "mse": 0.004268561277375009
  }
}