{
  "0": {
    "0": {
      "closest": -0.5898551446444819,
      "centroid": -0.6010688889469344,
      "furthest": -0.609492780942781
    },
    "1": {
      "closest": 0.6306950323070807,
      "centroid": 0.6414505153034865,
      "furthest": 0.6497854190673564
    }
  },
  "1": {
    "0": {
      "closest": -0.730190745697794,
      "centroid": -0.7429366346028087,
      "furthest": -0.7551152134259116
    },
    "1": {
      "closest": 0.748371122769885,
      "centroid": 0.7592225826314413,
      "furthest": 0.7673724819212682
    }
  },
  "2": {
    "0": {
      "closest": -1.0382032775447585,
      "centroid": -1.0637935640137735,
      "furthest": -1.0812038206677836
    },
    "1": {
      "closest": 0.941305522336476,
      "centroid": 0.9519724908168302,
      "furthest": 0.9643923948854117
    }
  },
  "3": {
    "0": {
      "closest": -1.1943376399772414,
      "centroid": -1.2278536560290827,
      "furthest": -1.2555324418863525
    },
    "1": {
      "closest": 1.1803924744359005,
      "centroid": 1.205155454222932,
      "furthest": 1.2266251859502124
    }
  },
  "4": {
    "0": {
      "closest": -1.3157458240437363,
      "centroid": -1.3643381018804248,
      "furthest": -1.3988226603172966
    },
    "1": {
      "closest": 1.4992705156776465,
      "centroid": 1.5455406778138099,
      "furthest": 1.5929744700986586
    }
  },
  "5": {
    "0": {
      "closest": -1.4536047276136959,
      "centroid": -1.5315335335888647,
      "furthest": -1.5772347248370144
    },
    "1": {
      "closest": 1.5909261711734102,
      "centroid": 1.6372686187449708,
      "furthest": 1.6905294531014665
    }
  },
  "6": {
    "0": {
      "closest": -1.5079842085839412,
      "centroid": -1.6131678607992745,
      "furthest": -1.6781024200180146
    },
    "1": {
      "closest": 1.535372720450735,
      "centroid": 1.5930104570954682,
      "furthest": 1.6577348149575606
    }
  },
  "7": {
    "0": {
      "closest": -1.7014509303011853,
      "centroid": -1.7961038295327645,
      "furthest": -1.8662620316534102
    },
    "1": {
      "closest": 1.675255343394197,
      "centroid": 1.750489387826418,
      "furthest": 1.8072274454699448
    }
  },
  "8": {
    "0": {
      "closest": -1.7281317837279353,
      "centroid": -1.8085875200823758,
      "furthest": -1.873133481972935
    },
    "1": {
      "closest": 1.6813520033042404,
      "centroid": 1.7569386942365381,
      "furthest": 1.8156163276494413
    }
  },
  "9": {
    "0": {
      "closest": -1.9177326615027357,
      "centroid": -2.069790689124146,
      "furthest": -2.1956154350890955
    },
    "1": {
      "closest": 1.9091612299579035,
      "centroid": 1.982937820475923,
      "furthest": 2.049635066753563
    }
  },
  "10": {
    "0": {
      "closest": -2.0586728772580223,
      "centroid": -2.2685473022123195,
      "furthest": -2.3985952390743246
    },
    "1": {
      "closest": 2.1125268103723895,
      "centroid": 2.192857617034625,
      "furthest": 2.26257200051104
    }
  },
  "11": {
    "0": {
      "closest": -2.1134926240326055,
      "centroid": -2.3391387683963267,
      "furthest": -2.4870459745532116
    },
    "1": {
      "closest": 2.1311022313677563,
      "centroid": 2.2372173766589354,
      "furthest": 2.329067305720623
    }
  },
  "12": {
    "0": {
      "closest": -1.9305127063426333,
      "centroid": -2.3379316104973356,
      "furthest": -2.5727423325295815
    },
    "1": {
      "closest": 2.0992365410852623,
      "centroid": 2.253974789152451,
      "furthest": 2.3848210720445655
    }
  },
  "13": {
    "0": {
      "closest": -1.9095891263198534,
      "centroid": -2.3681034091434503,
      "furthest": -2.6912349679849563
    },
    "1": {
      "closest": 2.1190108977291433,
      "centroid": 2.306960464628696,
      "furthest": 2.444258225726747
    }
  },
  "14": {
    "0": {
      "closest": -1.8727409058631492,
      "centroid": -2.379921667335625,
      "furthest": -2.7227719131212353
    },
    "1": {
      "closest": 2.039894621803506,
      "centroid": 2.350231850238926,
      "furthest": 2.7348482381778787
    }
  },
  "15": {
    "0": {
      "closest": -1.8949532277189378,
      "centroid": -2.380405136027362,
      "furthest": -2.719913065695744
    },
    "1": {
      "closest": 1.941472683098354,
      "centroid": 2.316165768958777,
      "furthest": 2.8232325996531404
    }
  },
  "16": {
    "0": {
      "closest": -2.1751197901930936,
      "centroid": -2.5939003234399207,
      "furthest": -2.9444914859637343
    },
    "1": {
      "closest": 2.093309532917989,
      "centroid": 2.5503470912933666,
      "furthest": 3.1706090181701656
    }
  },
  "17": {
    "0": {
      "closest": -2.309879236978224,
      "centroid": -2.704059908451792,
      "furthest": -3.026918264464503
    },
    "1": {
      "closest": 2.213090789568019,
      "centroid": 2.7109246417265784,
      "furthest": 3.4266811073817776
    }
  },
  "18": {
    "0": {
      "closest": -2.393318166922323,
      "centroid": -2.8021066651104185,
      "furthest": -3.221576534576414
    },
    "1": {
      "closest": 2.3128337729288804,
      "centroid": 2.8288734356873544,
      "furthest": 3.6212781918280386
    }
  },
  "19": {
    "0": {
      "closest": -2.6847980023487574,
      "centroid": -3.0652113894131423,
      "furthest": -3.5684836678096605
    },
    "1": {
      "closest": 2.55317904190022,
      "centroid": 3.0665790536837005,
      "furthest": 3.8844227671038483
    }
  },
  "20": {
    "0": {
      "closest": -2.857815988281352,
      "centroid": -3.274843770539604,
      "furthest": -3.791271607330669
    },
    "1": {
      "closest": 2.6962253766656508,
      "centroid": 3.2988648939927714,
      "furthest": 4.290010045845816
    }
  },
  "21": {
    "0": {
      "closest": -3.1536801625643376,
      "centroid": -3.601200139542185,
      "furthest": -4.147808210889052
    },
    "1": {
      "closest": 2.8902740949782033,
      "centroid": 3.609813116855077,
      "furthest": 4.788255659494645
    }
  },
  "22": {
    "0": {
      "closest": -3.442948459595388,
      "centroid": -3.869722145802992,
      "furthest": -4.407318049337459
    },
    "1": {
      "closest": 3.0804659394795944,
      "centroid": 3.8712353208602988,
      "furthest": 5.113868041907205
    }
  },
  "23": {
    "0": {
      "closest": -3.682923678969476,
      "centroid": -4.149185977992144,
      "furthest": -4.69778596782717
    },
    "1": {
      "closest": 3.333571481070181,
      "centroid": 4.139904756771384,
      "furthest": 5.439986001526337
    }
  },
  "24": {
    "0": {
      "closest": -3.898802601210597,
      "centroid": -4.361165729870549,
      "furthest": -4.967269549862996
    },
    "1": {
      "closest": 3.478964394260248,
      "centroid": 4.358091333408878,
      "furthest": 5.720907043437079
    }
  },
  "25": {
    "0": {
      "closest": -4.1097477880462465,
      "centroid": -4.636174991803008,
      "furthest": -5.41905442772261
    },
    "1": {
      "closest": 3.83362155688049,
      "centroid": 4.6771644727913095,
      "furthest": 5.934825055738349
    }
  },
  "26": {
    "0": {
      "closest": -4.404433951642929,
      "centroid": -4.971675961717032,
      "furthest": -5.806497280358144
    },
    "1": {
      "closest": 4.1188207109904535,
      "centroid": 5.013509113096369,
      "furthest": 6.341841655682784
    }
  },
  "27": {
    "0": {
      "closest": -4.673339487879441,
      "centroid": -5.270424676340076,
      "furthest": -6.224883761137974
    },
    "1": {
      "closest": 4.393859023242996,
      "centroid": 5.309856333379157,
      "furthest": 6.611490096736555
    }
  },
  "28": {
    "0": {
      "closest": -5.068990072819154,
      "centroid": -5.793936658723594,
      "furthest": -7.0448915674615415
    },
    "1": {
      "closest": 4.849397867635869,
      "centroid": 5.828577701845263,
      "furthest": 7.130935851066642
    }
  },
  "29": {
    "0": {
      "closest": -5.452999456000668,