{
  "0": {
    "0": {
      "closest": -0.5904071052378022,
      "centroid": -0.6004397047121336,
      "furthest": -0.6103565606986252
    },
    "1": {
      "closest": 0.6332076975605851,
      "centroid": 0.6430951733424004,
      "furthest": 0.6550826644783518
    }
  },
  "1": {
    "0": {
      "closest": -0.726735401874615,
      "centroid": -0.7401327405165503,
      "furthest": -0.7516536520274961
    },
    "1": {
      "closest": 0.7532572806253031,
      "centroid": 0.7630132085549419,
      "furthest": 0.7735085298600235
    }
  },
  "2": {
    "0": {
      "closest": -1.0455333713103148,
      "centroid": -1.0652946788211002,
      "furthest": -1.0903363534811097
    },
    "1": {
      "closest": 0.9371090942840281,
      "centroid": 0.9501698480466583,
      "furthest": 0.9661365372870407
    }
  },
  "3": {
    "0": {
      "closest": -1.1809475774159033,
      "centroid": -1.2168902482496324,
      "furthest": -1.2435510577289084
    },
    "1": {
      "closest": 1.1917221039856427,
      "centroid": 1.213956616785836,
      "furthest": 1.2360183768330952
    }
  },
  "4": {
    "0": {
      "closest": -1.324390251892883,
      "centroid": -1.3695226762509651,
      "furthest": -1.41309110117954
    },
    "1": {
      "closest": 1.486925749507042,
      "centroid": 1.5369108770750548,
      "furthest": 1.5715197790153985
    }
  },
  "5": {
    "0": {
      "closest": -1.4715743718768963,
      "centroid": -1.5297659394984193,
      "furthest": -1.5695326876656657
    },
    "1": {
      "closest": 1.582083028547915,
      "centroid": 1.6394746148635064,
      "furthest": 1.6881158186669636
    }
  },
  "6": {
    "0": {
      "closest": -1.5163637895540476,
      "centroid": -1.609893234385661,
      "furthest": -1.6729929234101761
    },
    "1": {
      "closest": 1.5276119566943414,
      "centroid": 1.585515209498842,
      "furthest": 1.6505642448908127
    }
  },
  "7": {
    "0": {
      "closest": -1.6876693699846628,
      "centroid": -1.7876675035461402,
      "furthest": -1.865706940053664
    },
    "1": {
      "closest": 1.6567660715476304,
      "centroid": 1.7438760920881053,
      "furthest": 1.8055528871405806
    }
  },
  "8": {
    "0": {
      "closest": -1.6928193704258754,
      "centroid": -1.8058588136201719,
      "furthest": -1.878645657380571
    },
    "1": {
      "closest": 1.6619604809934305,
      "centroid": 1.7548381729163804,
      "furthest": 1.8333816562566292
    }
  },
  "9": {
    "0": {
      "closest": -1.8912463232055767,
      "centroid": -2.084790341150673,
      "furthest": -2.2103565404475827
    },
    "1": {
      "closest": 1.8614259386370944,
      "centroid": 2.0013371631744348,
      "furthest": 2.0908417932982637
    }
  },
  "10": {
    "0": {
      "closest": -2.0619755979928573,
      "centroid": -2.2817932998546393,
      "furthest": -2.418739375297924
    },
    "1": {
      "closest": 2.0520328791726805,
      "centroid": 2.197788690362818,
      "furthest": 2.2958216203847037
    }
  },
  "11": {
    "0": {
      "closest": -2.0710797044007982,
      "centroid": -2.3920613549562435,
      "furthest": -2.596795653682264
    },
    "1": {
      "closest": 2.075905455632239,
      "centroid": 2.256455347302844,
      "furthest": 2.420788038711025
    }
  },
  "12": {
    "0": {
      "closest": -1.8415761788157918,
      "centroid": -2.4182885439586013,
      "furthest": -2.7544304485743645
    },
    "1": {
      "closest": 2.005780094236351,
      "centroid": 2.296669535959189,
      "furthest": 2.54377939481142
    }
  },
  "13": {
    "0": {
      "closest": -1.7787503362923929,
      "centroid": -2.435414604775212,
      "furthest": -2.832982657730114
    },
    "1": {
      "closest": 1.9461419078352267,
      "centroid": 2.34995027561061,
      "furthest": 2.7006964814831544
    }
  },
  "14": {
    "0": {
      "closest": -1.8023208822943269,
      "centroid": -2.5523528119726686,
      "furthest": -2.965893101130468
    },
    "1": {
      "closest": 1.6022144151100117,
      "centroid": 2.522474950871217,
      "furthest": 3.444606103696666
    }
  },
  "15": {
    "0": {
      "closest": -1.9120782249771724,
      "centroid": -2.598468882301724,
      "furthest": -2.971295432659646
    },
    "1": {
      "closest": 1.4196341195026825,
      "centroid": 2.547908993583699,
      "furthest": 3.5903939805521135
    }
  },
  "16": {
    "0": {
      "closest": -2.229031241543046,
      "centroid": -2.8718993833079467,
      "furthest": -3.2369672373362137
    },
    "1": {
      "closest": 1.552844569088918,
      "centroid": 2.8391233346934843,
      "furthest": 3.873374260641779
    }
  },
  "17": {
    "0": {
      "closest": -2.27554969419249,
      "centroid": -2.9753801324112623,
      "furthest": -3.259732740297285
    },
    "1": {
      "closest": 1.6996635526144082,
      "centroid": 3.041114260301912,
      "furthest": 4.179233625586647
    }
  },
  "18": {
    "0": {
      "closest": -2.378426395762505,
      "centroid": -3.0878535633273634,
      "furthest": -3.4651339908259624
    },
    "1": {
      "closest": 1.858823419035294,
      "centroid": 3.1828104973900246,
      "furthest": 4.467202002166318
    }
  },
  "19": {
    "0": {
      "closest": -2.6811583235108776,
      "centroid": -3.355713649108978,
      "furthest": -3.7590749608602074
    },
    "1": {
      "closest": 2.0545134091031754,
      "centroid": 3.4502056139371557,
      "furthest": 4.912823252504276
    }
  },
  "20": {
    "0": {
      "closest": -2.98883010080095,
      "centroid": -3.621032129757778,
      "furthest": -4.014508358656719
    },
    "1": {
      "closest": 2.1945429822042692,
      "centroid": 3.774050809825521,
      "furthest": 5.566397827701685
    }
  },
  "21": {
    "0": {
      "closest": -3.3259501587117115,
      "centroid": -4.020125167547376,
      "furthest": -4.450505001938488
    },
    "1": {
      "closest": 2.348503517152519,
      "centroid": 4.177547704270921,
      "furthest": 6.158387264951445
    }
  },
  "22": {
    "0": {
      "closest": -3.671056631255766,
      "centroid": -4.292725647989143,
      "furthest": -4.726871974225382
    },
    "1": {
      "closest": 2.524854871261577,
      "centroid": 4.4695315022377775,
      "furthest": 6.543775818611882
    }
  },
  "23": {
    "0": {
      "closest": -4.01584689004143,
      "centroid": -4.609737637892432,
      "furthest": -5.019843766496649
    },
    "1": {
      "closest": 2.7012545935247068,
      "centroid": 4.770245287404748,
      "furthest": 7.015816544531584
    }
  },
  "24": {
    "0": {
      "closest": -4.227769844914692,
      "centroid": -4.845574188404223,
      "furthest": -5.327144643331703
    },
    "1": {
      "closest": 2.831515566492354,
      "centroid": 5.036464271932822,
      "furthest": 7.345634072455843
    }
  },
  "25": {
    "0": {
      "closest": -4.374232970362903,
      "centroid": -5.095203319485278,
      "furthest": -5.663457446945012
    },
    "1": {
      "closest": 3.182472520283918,
      "centroid": 5.31303867011492,
      "furthest": 7.460891253475742
    }
  },
  "26": {
    "0": {
      "closest": -4.700200774691323,
      "centroid": -5.461817077299677,
      "furthest": -5.999151023624206
    },
    "1": {
      "closest": 3.4214443500587226,
      "centroid": 5.695701203580767,
      "furthest": 7.915686233938374
    }
  },
  "27": {
    "0": {
      "closest": -4.8861880872101935,
      "centroid": -5.78766461442729,
      "furthest": -6.453757375424278
    },
    "1": {
      "closest": 3.6347466925524023,
      "centroid": 6.056667838067415,
      "furthest": 8.433004052412848
    }
  },
  "28": {
    "0": {
      "closest": -5.2357890991441876,
      "centroid": -6.314673069735756,
      "furthest": -7.167186801399853
    },
    "1": {
      "closest": 4.098251887341576,
      "centroid": 6.59497596551248,
      "furthest": 9.03359086596442
    }
  },
  "29": {
    "0": {
      "closest": -5.481178694287368,