{
  "0": {
    "0": {
      "closest": -0.05322265625,
      "centroid": -0.05569641292095184,
      "furthest": -0.05859375
    },
    "1": {
      "closest": 0.0400390625,
      "centroid": 0.04403625428676605,
      "furthest": 0.046875
    }
  },
  "1": {
    "0": {
      "closest": -0.06396484375,
      "centroid": -0.06824829429388046,
      "furthest": -0.07275390625
    },
    "1": {
      "closest": 0.053466796875,
      "centroid": 0.058262940496206284,
      "furthest": 0.06298828125
    }
  },
  "2": {
    "0": {
      "closest": -0.10194937884807587,
      "centroid": -0.1114276871085167,
      "furthest": -0.1191038116812706
    },
    "1": {
      "closest": 0.07105223834514618,
      "centroid": 0.07794055342674255,
      "furthest": 0.08897025883197784
    }
  },
  "3": {
    "0": {
      "closest": -0.11376604437828064,
      "centroid": -0.12276019155979156,
      "furthest": -0.13195833563804626
    },
    "1": {
      "closest": 0.12589922547340393,
      "centroid": 0.13385017216205597,
      "furthest": 0.1408308446407318
    }
  },
  "4": {
    "0": {
      "closest": -0.20120185613632202,
      "centroid": -0.21903713047504425,
      "furthest": -0.23803719878196716
    },
    "1": {
      "closest": 0.21399033069610596,
      "centroid": 0.2249992936849594,
      "furthest": 0.24084067344665527
    }
  },
  "5": {
    "0": {
      "closest": -0.21746942400932312,
      "centroid": -0.23672130703926086,
      "furthest": -0.2584918141365051
    },
    "1": {
      "closest": 0.2269856333732605,
      "centroid": 0.24099570512771606,
      "furthest": 0.2585141062736511
    }
  },
  "6": {
    "0": {
      "closest": -0.1395965963602066,
      "centroid": -0.15066732466220856,
      "furthest": -0.16275715827941895
    },
    "1": {
      "closest": 0.14273211359977722,
      "centroid": 0.16216270625591278,
      "furthest": 0.1721067726612091
    }
  },
  "7": {
    "0": {
      "closest": -0.1507713496685028,
      "centroid": -0.1643020212650299,
      "furthest": -0.17850136756896973
    },
    "1": {
      "closest": 0.15785877406597137,
      "centroid": 0.17939016222953796,
      "furthest": 0.19431406259536743
    }
  },
  "8": {
    "0": {
      "closest": -0.16552171111106873,
      "centroid": -0.179743692278862,
      "furthest": -0.19354809820652008
    },
    "1": {
      "closest": 0.17127804458141327,
      "centroid": 0.1855504810810089,
      "furthest": 0.19845643639564514
    }
  },
  "9": {
    "0": {
      "closest": -0.183893620967865,
      "centroid": -0.20419272780418396,
      "furthest": -0.22650401294231415
    },
    "1": {
      "closest": 0.16605331003665924,
      "centroid": 0.18852749466896057,
      "furthest": 0.205906480550766
    }
  },
  "10": {
    "0": {
      "closest": -0.2216203510761261,
      "centroid": -0.24441757798194885,
      "furthest": -0.2710554301738739
    },
    "1": {
      "closest": 0.1959180384874344,
      "centroid": 0.2215060293674469,
      "furthest": 0.23928023874759674
    }
  },
  "11": {
    "0": {
      "closest": -0.24392208456993103,
      "centroid": -0.29021015763282776,
      "furthest": -0.32308799028396606
    },
    "1": {
      "closest": 0.25566112995147705,
      "centroid": 0.28430816531181335,
      "furthest": 0.3249741196632385
    }
  },
  "12": {
    "0": {
      "closest": -0.23546427488327026,
      "centroid": -0.3030396103858948,
      "furthest": -0.34244903922080994
    },
    "1": {
      "closest": 0.2581532299518585,
      "centroid": 0.2917001247406006,
      "furthest": 0.3213260769844055
    }
  },
  "13": {
    "0": {
      "closest": -0.18612270057201385,
      "centroid": -0.239883691072464,
      "furthest": -0.3062317967414856
    },
    "1": {
      "closest": 0.18618787825107574,
      "centroid": 0.22413824498653412,
      "furthest": 0.2619776427745819
    }
  },
  "14": {
    "0": {
      "closest": -0.13823425769805908,
      "centroid": -0.22554044425487518,
      "furthest": -0.33241286873817444
    },
    "1": {
      "closest": 0.1320781111717224,
      "centroid": 0.22689057886600494,
      "furthest": 0.3730216920375824
    }
  },
  "15": {
    "0": {
      "closest": -0.20783013105392456,
      "centroid": -0.3436986804008484,
      "furthest": -0.42774879932403564
    },
    "1": {
      "closest": 0.2367537021636963,
      "centroid": 0.3367971181869507,
      "furthest": 0.512261688709259
    }
  },
  "16": {
    "0": {
      "closest": -0.2871692478656769,
      "centroid": -0.4354318380355835,
      "furthest": -0.5473654866218567
    },
    "1": {
      "closest": 0.28317832946777344,
      "centroid": 0.4387458860874176,
      "furthest": 0.612869918346405
    }
  },
  "17": {
    "0": {
      "closest": -0.3040396273136139,
      "centroid": -0.44800853729248047,
      "furthest": -0.5214276313781738
    },
    "1": {
      "closest": 0.29065054655075073,
      "centroid": 0.4491001069545746,
      "furthest": 0.6335535049438477
    }
  },
  "18": {
    "0": {
      "closest": -0.33312979340553284,
      "centroid": -0.4564231038093567,
      "furthest": -0.518217146396637
    },
    "1": {
      "closest": 0.09125454723834991,
      "centroid": 0.22706161439418793,
      "furthest": 0.4316801428794861
    }
  },
  "19": {
    "0": {
      "closest": -0.15980692207813263,
      "centroid": -0.3172636330127716,
      "furthest": -0.40432700514793396
    },
    "1": {
      "closest": 0.1415071189403534,
      "centroid": 0.2974471151828766,
      "furthest": 0.49720150232315063
    }
  },
  "20": {
    "0": {
      "closest": -0.19695299863815308,
      "centroid": -0.33431580662727356,
      "furthest": -0.44523710012435913
    },
    "1": {
      "closest": 0.14624284207820892,
      "centroid": 0.31107810139656067,
      "furthest": 0.5475553870201111
    }
  },
  "21": {
    "0": {
      "closest": -0.23343050479888916,
      "centroid": -0.46235862374305725,
      "furthest": -0.5881960988044739
    },
    "1": {
      "closest": 0.12110787630081177,
      "centroid": 0.3242748975753784,
      "furthest": 0.5984663367271423
    }
  },
  "22": {
    "0": {
      "closest": -0.2684062719345093,
      "centroid": -0.44117313623428345,
      "furthest": -0.5958149433135986
    },
    "1": {
      "closest": 0.09688574075698853,
      "centroid": 0.34369146823883057,
      "furthest": 0.5657165050506592
    }
  },
  "23": {
    "0": {
      "closest": -0.3595113456249237,
      "centroid": -0.5738577246665955,
      "furthest": -0.7112904191017151
    },
    "1": {
      "closest": 0.2891630530357361,
      "centroid": 0.49824973940849304,
      "furthest": 0.7734234929084778
    }
  },
  "24": {
    "0": {
      "closest": -0.28503987193107605,
      "centroid": -0.4199792444705963,
      "furthest": -0.5402929186820984
    },
    "1": {
      "closest": 0.07396304607391357,
      "centroid": 0.37009766697883606,
      "furthest": 0.6493648290634155
    }
  },
  "25": {
    "0": {
      "closest": -0.27209150791168213,
      "centroid": -0.4576614499092102,
      "furthest": -0.727409303188324
    },
    "1": {
      "closest": 0.09002518653869629,
      "centroid": 0.4586493968963623,
      "furthest": 0.8586938381195068
    }
  },
  "26": {
    "0": {
      "closest": -0.3133925199508667,
      "centroid": -0.4953014850616455,
      "furthest": -0.7533249258995056
    },
    "1": {
      "closest": 0.12122642993927002,
      "centroid": 0.49612152576446533,
      "furthest": 0.9371342658996582
    }
  },
  "27": {
    "0": {
      "closest": -0.29262328147888184,
      "centroid": -0.5060568451881409,
      "furthest": -0.811440110206604
    },
    "1": {
      "closest": 0.09961998462677002,
      "centroid": 0.5075766444206238,
      "furthest": 0.871497631072998
    }
  },
  "28": {
    "0": {
      "closest": -0.2845720648765564,
      "centroid": -0.4763528108596802,
      "furthest": -0.6712971925735474
    },
    "1": {
      "closest": 0.30883458256721497,