{
  "0": {
    "0": {
      "closest": -0.5966765637189634,
      "centroid": -0.6050340995199738,
      "furthest": -0.616354908296475
    },
    "1": {
      "closest": 0.6296433306736788,
      "centroid": 0.6403205614796338,
      "furthest": 0.6509978504409397
    }
  },
  "1": {
    "0": {
      "closest": -0.7335840857500359,
      "centroid": -0.747267721180792,
      "furthest": -0.7596270165270878
    },
    "1": {
      "closest": 0.7496183835488729,
      "centroid": 0.7601823739507413,
      "furthest": 0.7694093031485288
    }
  },
  "2": {
    "0": {
      "closest": -1.0481093756805495,
      "centroid": -1.0697318737629695,
      "furthest": -1.0909403191702034
    },
    "1": {
      "closest": 0.9375505276473702,
      "centroid": 0.9499324067226596,
      "furthest": 0.962960254208852
    }
  },
  "3": {
    "0": {
      "closest": -1.197171958494126,
      "centroid": -1.2301440350236177,
      "furthest": -1.2524030909038975
    },
    "1": {
      "closest": 1.1891858353223825,
      "centroid": 1.2064916002824924,
      "furthest": 1.2296178950762064
    }
  },
  "4": {
    "0": {
      "closest": -1.3381740648631544,
      "centroid": -1.3740401743823485,
      "furthest": -1.4156459661755574
    },
    "1": {
      "closest": 1.5020382476750807,
      "centroid": 1.5406048669032384,
      "furthest": 1.6088783560780144
    }
  },
  "5": {
    "0": {
      "closest": -1.4865990863541243,
      "centroid": -1.5459797512520874,
      "furthest": -1.5841173337513763
    },
    "1": {
      "closest": 1.549530653150181,
      "centroid": 1.614517291882395,
      "furthest": 1.6557505563977002
    }
  },
  "6": {
    "0": {
      "closest": -1.5250500142561911,
      "centroid": -1.6123026815717776,
      "furthest": -1.6673998878983176
    },
    "1": {
      "closest": 1.4955880152946452,
      "centroid": 1.5675080841599043,
      "furthest": 1.6273877687734113
    }
  },
  "7": {
    "0": {
      "closest": -1.6936415862287315,
      "centroid": -1.7850974299478475,
      "furthest": -1.8529081457823584
    },
    "1": {
      "closest": 1.6034319582670729,
      "centroid": 1.738174684748381,
      "furthest": 1.8143880815883913
    }
  },
  "8": {
    "0": {
      "closest": -1.7048154973576537,
      "centroid": -1.8086481768440235,
      "furthest": -1.8734599768773939
    },
    "1": {
      "closest": 1.5989982020969242,
      "centroid": 1.7491783969905306,
      "furthest": 1.8323318032492741
    }
  },
  "9": {
    "0": {
      "closest": -1.8867736003271793,
      "centroid": -2.0966552310660838,
      "furthest": -2.198991604494288
    },
    "1": {
      "closest": 1.8233946347192944,
      "centroid": 1.993362354718883,
      "furthest": 2.0947246992260804
    }
  },
  "10": {
    "0": {
      "closest": -2.034952577524458,
      "centroid": -2.298800936767056,
      "furthest": -2.4684108824470545
    },
    "1": {
      "closest": 2.0505762107308376,
      "centroid": 2.1919790900385094,
      "furthest": 2.308815198164316
    }
  },
  "11": {
    "0": {
      "closest": -2.020243741017716,
      "centroid": -2.4156644762980157,
      "furthest": -2.619206282850219
    },
    "1": {
      "closest": 2.1375885732130793,
      "centroid": 2.268165861157216,
      "furthest": 2.4201800160087306
    }
  },
  "12": {
    "0": {
      "closest": -1.7546022672327735,
      "centroid": -2.4651207857363477,
      "furthest": -2.805588447158187
    },
    "1": {
      "closest": 2.089288561994812,
      "centroid": 2.321034379326886,
      "furthest": 2.5776920359588997
    }
  },
  "13": {
    "0": {
      "closest": -1.5241538897622666,
      "centroid": -2.494133801038413,
      "furthest": -2.9294009389577824
    },
    "1": {
      "closest": 2.0913521830641937,
      "centroid": 2.399042540112997,
      "furthest": 2.657873231599466
    }
  },
  "14": {
    "0": {
      "closest": -1.493587095765879,
      "centroid": -2.57599826023644,
      "furthest": -3.0165781396311036
    },
    "1": {
      "closest": 1.822739034347095,
      "centroid": 2.5489059498719397,
      "furthest": 3.289337914787272
    }
  },
  "15": {
    "0": {
      "closest": -1.6583878545682609,
      "centroid": -2.6174621211252997,
      "furthest": -3.02390301326186
    },
    "1": {
      "closest": 1.7025757769656216,
      "centroid": 2.5710719605390886,
      "furthest": 3.3945918104274675
    }
  },
  "16": {
    "0": {
      "closest": -2.053248801904598,
      "centroid": -2.897891809998733,
      "furthest": -3.322152048513508
    },
    "1": {
      "closest": 1.8634726965932014,
      "centroid": 2.862719409218588,
      "furthest": 3.757744746756039
    }
  },
  "17": {
    "0": {
      "closest": -2.227088705755079,
      "centroid": -3.019181567290239,
      "furthest": -3.4354972544347078
    },
    "1": {
      "closest": 1.9858554399288928,
      "centroid": 3.080700718985246,
      "furthest": 4.080740711335437
    }
  },
  "18": {
    "0": {
      "closest": -2.2854127765034375,
      "centroid": -3.131946592324377,
      "furthest": -3.6025028344568986
    },
    "1": {
      "closest": 2.126916908215901,
      "centroid": 3.2283074428632643,
      "furthest": 4.372761767606196
    }
  },
  "19": {
    "0": {
      "closest": -2.655129007174841,
      "centroid": -3.4035125959273387,
      "furthest": -3.9405162778894383
    },
    "1": {
      "closest": 2.349497465174454,
      "centroid": 3.4826502561840185,
      "furthest": 4.770779153327147
    }
  },
  "20": {
    "0": {
      "closest": -2.901079663343916,
      "centroid": -3.6655402960362857,
      "furthest": -4.206782904807056
    },
    "1": {
      "closest": 2.5121002138735022,
      "centroid": 3.7935262421327662,
      "furthest": 5.34708687112773
    }
  },
  "21": {
    "0": {
      "closest": -3.1565961871628407,
      "centroid": -4.048123584683921,
      "furthest": -4.561945136442545
    },
    "1": {
      "closest": 2.736568824103764,
      "centroid": 4.17014763603972,
      "furthest": 5.970371122390722
    }
  },
  "22": {
    "0": {
      "closest": -3.485926412427385,
      "centroid": -4.316523428967753,
      "furthest": -4.887852084614229
    },
    "1": {
      "closest": 2.930806460285974,
      "centroid": 4.455995256562929,
      "furthest": 6.378139215153284
    }
  },
  "23": {
    "0": {
      "closest": -3.838821713088767,
      "centroid": -4.6216058823773984,
      "furthest": -5.215659868738264
    },
    "1": {
      "closest": 3.0688248656406723,
      "centroid": 4.757254417947074,
      "furthest": 6.867257875003453
    }
  },
  "24": {
    "0": {
      "closest": -4.0298571574134066,
      "centroid": -4.874453748101627,
      "furthest": -5.563424248908776
    },
    "1": {
      "closest": 3.2355060843308743,
      "centroid": 5.011651720792117,
      "furthest": 7.150457759389709
    }
  },
  "25": {
    "0": {
      "closest": -4.165886297422791,
      "centroid": -5.151999668631768,
      "furthest": -5.979163971357802
    },
    "1": {
      "closest": 3.583112950652161,
      "centroid": 5.319840882142432,
      "furthest": 7.294449576292339
    }
  },
  "26": {
    "0": {
      "closest": -4.463926459308236,
      "centroid": -5.532567528582658,
      "furthest": -6.39902083899597
    },
    "1": {
      "closest": 3.8509426906416024,
      "centroid": 5.708453843739214,
      "furthest": 7.774784848993741
    }
  },
  "27": {
    "0": {
      "closest": -4.677232693969992,
      "centroid": -5.885730571875422,
      "furthest": -6.843293805711599
    },
    "1": {
      "closest": 4.077735314741519,
      "centroid": 6.075093061702037,
      "furthest": 8.297944423880939
    }
  },
  "28": {
    "0": {
      "closest": -5.011088601453335,
      "centroid": -6.458103879923283,
      "furthest": -7.777460735762026
    },
    "1": {
      "closest": 4.48841590232011,
      "centroid": 6.651558235109443,
      "furthest": 9.047510726578397
    }
  },
  "29": {
    "0": {
      "closest": -5.398345229398998,