{
  "0": {
    "0": {
      "closest": 0.0005318485200405121,
      "centroid": -0.015486964955925941,
      "furthest": -0.039481744170188904
    },
    "1": {
      "closest": -7.269252091646194e-05,
      "centroid": 0.0154554583132267,
      "furthest": 0.043754786252975464
    }
  },
  "1": {
    "0": {
      "closest": -0.001990264281630516,
      "centroid": -0.02522580698132515,
      "furthest": -0.05608111619949341
    },
    "1": {
      "closest": -0.0007290602661669254,
      "centroid": 0.02551679126918316,
      "furthest": 0.07523496448993683
    }
  },
  "2": {
    "0": {
      "closest": -0.005958801135420799,
      "centroid": -0.045741330832242966,
      "furthest": -0.11129246652126312
    },
    "1": {
      "closest": 0.00245490949600935,
      "centroid": 0.045956965535879135,
      "furthest": 0.12084099650382996
    }
  },
  "3": {
    "0": {
      "closest": -0.01805420219898224,
      "centroid": -0.08773183822631836,
      "furthest": -0.2070378065109253
    },
    "1": {
      "closest": 0.015337727963924408,
      "centroid": 0.08786394447088242,
      "furthest": 0.23477715253829956
    }
  },
  "4": {
    "0": {
      "closest": -0.01800546422600746,
      "centroid": -0.1168675422668457,
      "furthest": -0.28088080883026123
    },
    "1": {
      "closest": 0.01678692176938057,
      "centroid": 0.11978676170110703,
      "furthest": 0.334823340177536
    }
  },
  "5": {
    "0": {
      "closest": -0.02379244938492775,
      "centroid": -0.1577342003583908,
      "furthest": -0.3843587040901184
    },
    "1": {
      "closest": 0.0247977152466774,
      "centroid": 0.1565064936876297,
      "furthest": 0.4013403356075287
    }
  },
  "6": {
    "0": {
      "closest": -0.03467647731304169,
      "centroid": -0.20237243175506592,
      "furthest": -0.4710507392883301
    },
    "1": {
      "closest": 0.029562795534729958,
      "centroid": 0.19946938753128052,
      "furthest": 0.4599454998970032
    }
  },
  "7": {
    "0": {
      "closest": -0.042369380593299866,
      "centroid": -0.23743492364883423,
      "furthest": -0.5399847030639648
    },
    "1": {
      "closest": 0.036066941916942596,
      "centroid": 0.23050007224082947,
      "furthest": 0.5695769786834717
    }
  },
  "8": {
    "0": {
      "closest": -0.05000496655702591,
      "centroid": -0.2756905257701874,
      "furthest": -0.6339284777641296
    },
    "1": {
      "closest": 0.04486698657274246,
      "centroid": 0.26049232482910156,
      "furthest": 0.5925136804580688
    }
  },
  "9": {
    "0": {
      "closest": 0.0019230879843235016,
      "centroid": -0.2041483074426651,
      "furthest": -0.48483455181121826
    },
    "1": {
      "closest": -0.001226089894771576,
      "centroid": 0.1923913210630417,
      "furthest": 0.43017667531967163
    }
  },
  "10": {
    "0": {
      "closest": -0.0017953142523765564,
      "centroid": -0.22767028212547302,
      "furthest": -0.5222192406654358
    },
    "1": {
      "closest": 0.013457469642162323,
      "centroid": 0.20605933666229248,
      "furthest": 0.46012812852859497
    }
  },
  "11": {
    "0": {
      "closest": -0.04775352403521538,
      "centroid": -0.30792513489723206,
      "furthest": -0.6920207738876343
    },
    "1": {
      "closest": 0.045993562787771225,
      "centroid": 0.2752803862094879,
      "furthest": 0.646209716796875
    }
  },
  "12": {
    "0": {
      "closest": -0.002916663885116577,
      "centroid": -0.25270694494247437,
      "furthest": -0.5544207096099854
    },
    "1": {
      "closest": 0.0020747333765029907,
      "centroid": 0.2305322289466858,
      "furthest": 0.544022262096405
    }
  },
  "13": {
    "0": {
      "closest": 0.002575218677520752,
      "centroid": -0.2684938311576843,
      "furthest": -0.5521548390388489
    },
    "1": {
      "closest": -0.002166077494621277,
      "centroid": 0.2424757331609726,
      "furthest": 0.5815761685371399
    }
  },
  "14": {
    "0": {
      "closest": -0.001336999237537384,
      "centroid": -0.26621583104133606,
      "furthest": -0.5459424257278442
    },
    "1": {
      "closest": -0.0010053813457489014,
      "centroid": 0.24411998689174652,
      "furthest": 0.5539088845252991
    }
  },
  "15": {
    "0": {
      "closest": 0.0053566377609968185,
      "centroid": -0.2954759895801544,
      "furthest": -0.6211408376693726
    },
    "1": {
      "closest": 0.0031312722712755203,
      "centroid": 0.2754794955253601,
      "furthest": 0.6734031438827515
    }
  },
  "16": {
    "0": {
      "closest": -0.001737210899591446,
      "centroid": -0.32197943329811096,
      "furthest": -0.7017184495925903
    },
    "1": {
      "closest": -0.00080855842679739,
      "centroid": 0.3026410937309265,
      "furthest": 0.7529361248016357
    }
  },
  "17": {
    "0": {
      "closest": 0.009556654840707779,
      "centroid": -0.3882964253425598,
      "furthest": -0.8116874694824219
    },
    "1": {
      "closest": -0.0013409517705440521,
      "centroid": 0.3637835681438446,
      "furthest": 0.8615326285362244
    }
  },
  "18": {
    "0": {
      "closest": 0.011378929018974304,
      "centroid": -0.4166664183139801,
      "furthest": -0.9039925336837769
    },
    "1": {
      "closest": 0.010975230485200882,
      "centroid": 0.39267802238464355,
      "furthest": 0.8706481456756592
    }
  },
  "19": {
    "0": {
      "closest": 0.002799682319164276,
      "centroid": -0.4503968060016632,
      "furthest": -0.9691577553749084
    },
    "1": {
      "closest": 0.014296717941761017,
      "centroid": 0.4220375418663025,
      "furthest": 0.9735307693481445
    }
  },
  "20": {
    "0": {
      "closest": 0.0033500641584396362,
      "centroid": -0.486566960811615,
      "furthest": -1.0375475883483887
    },
    "1": {
      "closest": 0.014007437974214554,
      "centroid": 0.4545886218547821,
      "furthest": 1.0357061624526978
    }
  },
  "21": {
    "0": {
      "closest": -0.07122974097728729,
      "centroid": -0.6135351061820984,
      "furthest": -1.2798373699188232
    },
    "1": {
      "closest": 0.08805230259895325,
      "centroid": 0.5687593221664429,
      "furthest": 1.2480134963989258
    }
  },
  "22": {
    "0": {
      "closest": -0.06080375611782074,
      "centroid": -0.6569864153862,
      "furthest": -1.374282717704773
    },
    "1": {
      "closest": 0.08859056234359741,
      "centroid": 0.612398624420166,
      "furthest": 1.3353271484375
    }
  },
  "23": {
    "0": {
      "closest": -0.07692829519510269,
      "centroid": -0.709563672542572,
      "furthest": -1.4743258953094482
    },
    "1": {
      "closest": 0.09408839046955109,
      "centroid": 0.6611151099205017,
      "furthest": 1.4763672351837158
    }
  },
  "24": {
    "0": {
      "closest": -0.08466801047325134,
      "centroid": -0.7448501586914062,
      "furthest": -1.5580203533172607
    },
    "1": {
      "closest": 0.10138764977455139,
      "centroid": 0.6916279792785645,
      "furthest": 1.5081355571746826
    }
  },
  "25": {
    "0": {
      "closest": -0.03723140060901642,
      "centroid": -0.7465577125549316,
      "furthest": -1.5396696329116821
    },
    "1": {
      "closest": 0.06422024965286255,
      "centroid": 0.6883401274681091,
      "furthest": 1.4658422470092773
    }
  },
  "26": {
    "0": {
      "closest": -0.09454122185707092,
      "centroid": -0.859306812286377,
      "furthest": -1.8301215171813965
    },
    "1": {
      "closest": 0.1085270568728447,
      "centroid": 0.7912436127662659,
      "furthest": 1.6623485088348389
    }
  },
  "27": {
    "0": {
      "closest": -0.09701262414455414,
      "centroid": -0.9213984608650208,
      "furthest": -2.0232155323028564
    },
    "1": {
      "closest": 0.10732513666152954,
      "centroid": 0.841210126876831,
      "furthest": 1.8400853872299194
    }
  },
  "28": {
    "0": {
      "closest": -0.1216343343257904,
      "centroid": -0.9920101761817932,