{
  "0": {
    "acc": 0.99375,
    "precision": 0.9949874686716792,
    "recall": 0.9925,
    "f1": 0.9937421777221527,
    "auc": 0.99991875,
    "mse": 0.008476529900541858
  },
  "1": {
    "acc": 0.99875,
    "precision": 1.0,
    "recall": 0.9975,
    "f1": 0.9987484355444305,
    "auc": 1.0,
    "mse": 0.004070021202230203
  },
  "2": {
    "acc": 1.0,
    "precision": 1.0,
    "recall": 1.0,
    "f1": 1.0,
    "auc": 1.0,
    "mse": 0.0021776851464274712
  },
  "3": {
    "acc": 1.0,
    "precision": 1.0,
    "recall": 1.0,
    "f1": 1.0,
    "auc": 1.0,
    "mse": 0.0005055537244046588
  },
  "4": {
    "acc": 1.0,
    "precision": 1.0,
    "recall": 1.0,
    "f1": 1.0,
    "auc": 1.0,
    "mse": 0.0010113975545530775
  },
  "5": {
    "acc": 1.0,
    "precision": 1.0,
    "recall": 1.0,
    "f1": 1.0,
    "auc": 1.0,
    "mse": 0.0007062006106107256
  },
  "6": {
    "acc": 1.0,
    "precision": 1.0,
    "recall": 1.0,
    "f1": 1.0,
    "auc": 1.0,
    "mse": 0.0007124256909418203
  },
  "7": {
    "acc": 1.0,
    "precision": 1.0,
    "recall": 1.0,
    "f1": 1.0,
    "auc": 1.0,
    "mse": 0.0005616546497232746
  },
  "8": {
    "acc": 1.0,
    "precision": 1.0,
    "recall": 1.0,
    "f1": 1.0,
    "auc": 1.0,
    "mse": 0.00029291684660274055
  },
  "9": {
    "acc": 0.995,
    "precision": 0.9974874371859297,
    "recall": 0.9925,
    "f1": 0.9949874686716792,
    "auc": 0.99996875,
    "mse": 0.005386306801149043
  },
  "10": {
    "acc": 0.99625,
    "precision": 1.0,
    "recall": 0.9925,
    "f1": 0.9962358845671268,
    "auc": 0.99994375,
    "mse": 0.005605491976015523
  },
  "11": {
    "acc": 1.0,
    "precision": 1.0,
    "recall": 1.0,
    "f1": 1.0,
    "auc": 1.0,
    "mse": 0.000503757670852069
  },
  "12": {
    "acc": 0.99875,
    "precision": 1.0,
    "recall": 0.9975,
    "f1": 0.9987484355444305,
    "auc": 0.99999375,
    "mse": 0.004417614245037234
  },
  "13": {
    "acc": 0.995,
    "precision": 0.9974874371859297,
    "recall": 0.9925,
    "f1": 0.9949874686716792,
    "auc": 0.99998125,
    "mse": 0.004439493812920417
  },
  "14": {
    "acc": 0.9975,
    "precision": 1.0,
    "recall": 0.995,
    "f1": 0.9974937343358395,
    "auc": 0.99999375,
    "mse": 0.004085688463608923
  },
  "15": {
    "acc": 0.99875,
    "precision": 0.9975062344139651,
    "recall": 1.0,
    "f1": 0.9987515605493134,
    "auc": 0.9999875,
    "mse": 0.003794551335485211
  },
  "16": {
    "acc": 0.99875,
    "precision": 1.0,
    "recall": 0.9975,
    "f1": 0.9987484355444305,
    "auc": 1.0,
    "mse": 0.0036121072681531614
  },
  "17": {
    "acc": 0.9975,
    "precision": 0.9975,
    "recall": 0.9975,
    "f1": 0.9975,
    "auc": 0.99999375,
    "mse": 0.003481505080240919
  },
  "18": {
    "acc": 0.99875,
    "precision": 0.9975062344139651,
    "recall": 1.0,
    "f1": 0.9987515605493134,
    "auc": 0.99999375,
    "mse": 0.003260661907816158
  },
  "19": {
    "acc": 0.99875,
    "precision": 0.9975062344139651,
    "recall": 1.0,
    "f1": 0.9987515605493134,
    "auc": 1.0,
    "mse": 0.0029013624971249673
  },
  "20": {
    "acc": 0.99875,
    "precision": 0.9975062344139651,
    "recall": 1.0,
    "f1": 0.9987515605493134,
    "auc": 1.0,
    "mse": 0.0026393536966325517
  },
  "21": {
    "acc": 1.0,
    "precision": 1.0,
    "recall": 1.0,
    "f1": 1.0,
    "auc": 1.0,
    "mse": 0.0007786261209824824
  },
  "22": {
    "acc": 1.0,
    "precision": 1.0,
    "recall": 1.0,
    "f1": 1.0,
    "auc": 1.0,
    "mse": 0.0009500811855347813
  },
  "23": {
    "acc": 1.0,
    "precision": 1.0,
    "recall": 1.0,
    "f1": 1.0,
    "auc": 1.0,
    "mse": 0.0009763583025225062
  },
  "24": {
    "acc": 1.0,
    "precision": 1.0,
    "recall": 1.0,
    "f1": 1.0,
    "auc": 1.0,
    "mse": 0.0009679301347532759
  },
  "25": {
    "acc": 1.0,
    "precision": 1.0,
    "recall": 1.0,
    "f1": 1.0,
    "auc": 1.0,
    "mse": 0.002131488017774806
  },
  "26": {
    "acc": 1.0,
    "precision": 1.0,
    "recall": 1.0,
    "f1": 1.0,
    "auc": 1.0,
    "mse": 0.0011299198140198594
  },
  "27": {
    "acc": 1.0,
    "precision": 1.0,
    "recall": 1.0,
    "f1": 1.0,
    "auc": 1.0,
    "mse": 0.001212264688245032
  },
  "28": {
    "acc": 1.0,
    "precision": 1.0,
    "recall": 1.0,
    "f1": 1.0,
    "auc": 1.0,
    "mse": 0.0010842533494289654
  },
  "29": {
    "acc": 1.0,
    "precision": 1.0,
    "recall": 1.0,
    "f1": 1.0,
    "auc": 1.0,
    "mse": 0.0018311315538177603
  },
  "30": {
    "acc": 1.0,
    "precision": 1.0,
    "recall": 1.0,
    "f1": 1.0,
    "auc": 1.0,
    "mse": 0.0006679876446183555
  },
  "31": {
    "acc": 1.0,
    "precision": 1.0,
    "recall": 1.0,
    "f1": 1.0,
    "auc": 1.0,
    "mse": 0.00038480871655739257
  },
  "aggregation": {
    "acc": 100.0,
    "precision": 1.0,
    "recall": 1.0,
    "f1": 1.0,
    "auc": 1.0,
    "mse": 0.001801435892912684
  }
}