{
  "0": {
    "0": {
      "closest": 0.00015570688992738724,
      "centroid": -0.051715537905693054,
      "furthest": -0.18901270627975464
    },
    "1": {
      "closest": 1.63419172167778e-05,
      "centroid": 0.051715537905693054,
      "furthest": 0.15160967409610748
    }
  },
  "1": {
    "0": {
      "closest": -0.00014842767268419266,
      "centroid": -0.09343206137418747,
      "furthest": -0.3060935139656067
    },
    "1": {
      "closest": -8.15025414340198e-05,
      "centroid": 0.09343206882476807,
      "furthest": 0.23402684926986694
    }
  },
  "2": {
    "0": {
      "closest": -0.0018623489886522293,
      "centroid": -0.15455816686153412,
      "furthest": -0.47258079051971436
    },
    "1": {
      "closest": 0.0019304249435663223,
      "centroid": 0.15455816686153412,
      "furthest": 0.3599509298801422
    }
  },
  "3": {
    "0": {
      "closest": -0.003480697050690651,
      "centroid": -0.27248480916023254,
      "furthest": -0.7854996919631958
    },
    "1": {
      "closest": 0.0016197306104004383,
      "centroid": 0.27248480916023254,
      "furthest": 0.5952517986297607
    }
  },
  "4": {
    "0": {
      "closest": -0.0035550519824028015,
      "centroid": -0.37216717004776,
      "furthest": -1.0506932735443115
    },
    "1": {
      "closest": -0.0049704574048519135,
      "centroid": 0.37216717004776,
      "furthest": 0.7564958930015564
    }
  },
  "5": {
    "0": {
      "closest": -0.002090711146593094,
      "centroid": -0.45387375354766846,
      "furthest": -1.194411039352417
    },
    "1": {
      "closest": 0.005726027302443981,
      "centroid": 0.45387372374534607,
      "furthest": 0.9353328943252563
    }
  },
  "6": {
    "0": {
      "closest": -0.00034120120108127594,
      "centroid": -0.5623846650123596,
      "furthest": -1.4064526557922363
    },
    "1": {
      "closest": 0.005644925870001316,
      "centroid": 0.5623846650123596,
      "furthest": 1.0405371189117432
    }
  },
  "7": {
    "0": {
      "closest": -0.0015148669481277466,
      "centroid": -0.6627192497253418,
      "furthest": -1.603022575378418
    },
    "1": {
      "closest": 0.0037435400299727917,
      "centroid": 0.6627192497253418,
      "furthest": 1.3316773176193237
    }
  },
  "8": {
    "0": {
      "closest": 0.005639713257551193,
      "centroid": -0.7061007618904114,
      "furthest": -1.6946156024932861
    },
    "1": {
      "closest": 0.00211217999458313,
      "centroid": 0.7061008214950562,
      "furthest": 1.4586052894592285
    }
  },
  "9": {
    "0": {
      "closest": -0.0010807644575834274,
      "centroid": -0.7705729007720947,
      "furthest": -1.9495322704315186
    },
    "1": {
      "closest": 0.020337728783488274,
      "centroid": 0.7705729603767395,
      "furthest": 1.5926837921142578
    }
  },
  "10": {
    "0": {
      "closest": -0.018480733036994934,
      "centroid": -0.8189470171928406,
      "furthest": -1.9271116256713867
    },
    "1": {
      "closest": -0.012191269546747208,
      "centroid": 0.8189470171928406,
      "furthest": 1.7665231227874756
    }
  },
  "11": {
    "0": {
      "closest": 0.00915566086769104,
      "centroid": -0.8535270094871521,
      "furthest": -2.013144016265869
    },
    "1": {
      "closest": 0.012797482311725616,
      "centroid": 0.8535270094871521,
      "furthest": 1.7873003482818604
    }
  },
  "12": {
    "0": {
      "closest": -0.006971685215830803,
      "centroid": -0.9663730263710022,
      "furthest": -2.0527801513671875
    },
    "1": {
      "closest": -0.036136917769908905,
      "centroid": 0.966373085975647,
      "furthest": 1.9483771324157715
    }
  },
  "13": {
    "0": {
      "closest": 0.0070332251489162445,
      "centroid": -1.0330870151519775,
      "furthest": -2.225571632385254
    },
    "1": {
      "closest": -0.031181706115603447,
      "centroid": 1.033087134361267,
      "furthest": 2.004223585128784
    }
  },
  "14": {
    "0": {
      "closest": -0.0014718994498252869,
      "centroid": -1.0659527778625488,
      "furthest": -2.4154672622680664
    },
    "1": {
      "closest": -0.014756012707948685,
      "centroid": 1.0659528970718384,
      "furthest": 2.042328357696533
    }
  },
  "15": {
    "0": {
      "closest": 0.02036360837519169,
      "centroid": -1.2007802724838257,
      "furthest": -2.818190336227417
    },
    "1": {
      "closest": -0.003002474084496498,
      "centroid": 1.2007801532745361,
      "furthest": 2.376801013946533
    }
  },
  "16": {
    "0": {
      "closest": -0.002236694097518921,
      "centroid": -1.2718788385391235,
      "furthest": -3.0682291984558105
    },
    "1": {
      "closest": -0.0050853402353823185,
      "centroid": 1.271878957748413,
      "furthest": 2.644461154937744
    }
  },
  "17": {
    "0": {
      "closest": 0.009982315823435783,
      "centroid": -1.4741706848144531,
      "furthest": -3.5499401092529297
    },
    "1": {
      "closest": -0.012953748926520348,
      "centroid": 1.4741706848144531,
      "furthest": 3.189640998840332
    }
  },
  "18": {
    "0": {
      "closest": 0.00044932588934898376,
      "centroid": -1.585605263710022,
      "furthest": -3.980220317840576
    },
    "1": {
      "closest": -0.054146356880664825,
      "centroid": 1.5856053829193115,
      "furthest": 3.322601795196533
    }
  },
  "19": {
    "0": {
      "closest": 0.007751975208520889,
      "centroid": -1.7024943828582764,
      "furthest": -4.305476188659668
    },
    "1": {
      "closest": 0.008283309638500214,
      "centroid": 1.7024942636489868,
      "furthest": 3.624429225921631
    }
  },
  "20": {
    "0": {
      "closest": 0.012671470642089844,
      "centroid": -1.8250627517700195,
      "furthest": -4.654363632202148
    },
    "1": {
      "closest": 0.011922366917133331,
      "centroid": 1.8250627517700195,
      "furthest": 3.8270044326782227
    }
  },
  "21": {
    "0": {
      "closest": 0.012017644941806793,
      "centroid": -2.045408248901367,
      "furthest": -5.399212837219238
    },
    "1": {
      "closest": 0.02055804431438446,
      "centroid": 2.0454084873199463,
      "furthest": 4.2564697265625
    }
  },
  "22": {
    "0": {
      "closest": -0.004450030624866486,
      "centroid": -2.197901964187622,
      "furthest": -6.071680545806885
    },
    "1": {
      "closest": 0.0005584508180618286,
      "centroid": 2.197902202606201,
      "furthest": 4.663188934326172
    }
  },
  "23": {
    "0": {
      "closest": -0.0019042212516069412,
      "centroid": -2.3489060401916504,
      "furthest": -6.62319803237915
    },
    "1": {
      "closest": 0.011970385909080505,
      "centroid": 2.3489060401916504,
      "furthest": 5.0168256759643555
    }
  },
  "24": {
    "0": {
      "closest": 0.010823160409927368,
      "centroid": -2.481403112411499,
      "furthest": -7.170284271240234
    },
    "1": {
      "closest": 0.0014382079243659973,
      "centroid": 2.481403112411499,
      "furthest": 5.265193939208984
    }
  },
  "25": {
    "0": {
      "closest": -0.0010138750076293945,
      "centroid": -2.691526412963867,
      "furthest": -7.727301120758057
    },
    "1": {
      "closest": 0.008932381868362427,
      "centroid": 2.691526412963867,
      "furthest": 5.6834869384765625
    }
  },
  "26": {
    "0": {
      "closest": 0.007599946111440659,
      "centroid": -2.850273609161377,
      "furthest": -8.3760986328125
    },
    "1": {
      "closest": 0.010920017957687378,
      "centroid": 2.850273847579956,
      "furthest": 6.020567893981934
    }
  },
  "27": {
    "0": {
      "closest": -0.020196080207824707,
      "centroid": -2.9954633712768555,
      "furthest": -8.881752014160156
    },
    "1": {
      "closest": -0.006688736379146576,
      "centroid": 2.9954633712768555,
      "furthest": 6.386561393737793
    }
  },
  "28": {
    "0": {
      "closest": -0.008234269917011261,
      "centroid": -3.2359189987182617,
      "furthest": -9.661459922790527
    },