{
  "0": {
    "0": {
      "closest": 0.00035262551050174035,
      "centroid": -0.04493196929037655,
      "furthest": -0.13653767326283414
    },
    "1": {
      "closest": 0.0001342102701153633,
      "centroid": 0.04217258952024819,
      "furthest": 0.09672237111953862
    }
  },
  "1": {
    "0": {
      "closest": 0.00010336691541730503,
      "centroid": -0.061494929393700264,
      "furthest": -0.17587170464594543
    },
    "1": {
      "closest": -0.003378486277578037,
      "centroid": 0.057955588937722624,
      "furthest": 0.13035796985462145
    }
  },
  "2": {
    "0": {
      "closest": -0.001923383740354839,
      "centroid": -0.10568479949843809,
      "furthest": -0.26768318620192755
    },
    "1": {
      "closest": 0.0005659481851364272,
      "centroid": 0.09849604199216301,
      "furthest": 0.21470942925780281
    }
  },
  "3": {
    "0": {
      "closest": -0.021108287991565864,
      "centroid": -0.1778005158127442,
      "furthest": -0.38697153862346534
    },
    "1": {
      "closest": 0.020109407131787056,
      "centroid": 0.17225596428918039,
      "furthest": 0.3436378872906465
    }
  },
  "4": {
    "0": {
      "closest": 0.0008748008575984682,
      "centroid": -0.281927830009374,
      "furthest": -0.6341827307251683
    },
    "1": {
      "closest": 0.02265052332477998,
      "centroid": 0.2755249058572457,
      "furthest": 0.5299899482412181
    }
  },
  "5": {
    "0": {
      "closest": -0.03349296676649211,
      "centroid": -0.36312051041278715,
      "furthest": -0.7739731374572498
    },
    "1": {
      "closest": 0.07653009427282008,
      "centroid": 0.3061207277483559,
      "furthest": 0.5706590499883373
    }
  },
  "6": {
    "0": {
      "closest": -0.06085377921552786,
      "centroid": -0.408347596247616,
      "furthest": -0.7965750884017639
    },
    "1": {
      "closest": 0.10952654407962707,
      "centroid": 0.3826981579753681,
      "furthest": 0.6683478354726424
    }
  },
  "7": {
    "0": {
      "closest": -0.09747296418488284,
      "centroid": -0.5135927194920951,
      "furthest": -0.950895578281924
    },
    "1": {
      "closest": 0.12348601336252892,
      "centroid": 0.44337032810282223,
      "furthest": 0.8067968795754443
    }
  },
  "8": {
    "0": {
      "closest": 0.009265158770362858,
      "centroid": -0.5520192444932494,
      "furthest": -0.976471020456186
    },
    "1": {
      "closest": 0.07676469667721302,
      "centroid": 0.5298210064022237,
      "furthest": 0.9924954901686186
    }
  },
  "9": {
    "0": {
      "closest": -0.04944776712846326,
      "centroid": -0.5749574641002444,
      "furthest": -1.0138725402391948
    },
    "1": {
      "closest": 0.13038333440218858,
      "centroid": 0.5317282265021035,
      "furthest": 0.97797249686604
    }
  },
  "10": {
    "0": {
      "closest": -0.022652335465938245,
      "centroid": -0.6366313763975151,
      "furthest": -1.08530735389731
    },
    "1": {
      "closest": 0.1270649832856174,
      "centroid": 0.6204417807330463,
      "furthest": 1.1662247336365659
    }
  },
  "11": {
    "0": {
      "closest": -0.011706072164826683,
      "centroid": -0.6759321216157319,
      "furthest": -1.1639639410087068
    },
    "1": {
      "closest": 0.10193827353917216,
      "centroid": 0.5988986400838091,
      "furthest": 1.1353814936963378
    }
  },
  "12": {
    "0": {
      "closest": 0.02576205253766327,
      "centroid": -0.7315368554755409,
      "furthest": -1.2851010107792036
    },
    "1": {
      "closest": 0.10332042362646482,
      "centroid": 0.6769009007057974,
      "furthest": 1.2471336704951075
    }
  },
  "13": {
    "0": {
      "closest": 0.01319768516059529,
      "centroid": -0.7083328021047959,
      "furthest": -1.2420728424764318
    },
    "1": {
      "closest": 0.15957269909814725,
      "centroid": 0.6808150993727324,
      "furthest": 1.1806327997676331
    }
  },
  "14": {
    "0": {
      "closest": -0.0006357582917165734,
      "centroid": -0.6674441298777318,
      "furthest": -1.0992428513525554
    },
    "1": {
      "closest": 0.17086306016841504,
      "centroid": 0.649898382851049,
      "furthest": 1.1117966424506103
    }
  },
  "15": {
    "0": {
      "closest": 0.04011129204891407,
      "centroid": -0.792450922756979,
      "furthest": -1.5776601959361536
    },
    "1": {
      "closest": 0.11474182926297277,
      "centroid": 0.729293086727496,
      "furthest": 1.2869970387172887
    }
  },
  "16": {
    "0": {
      "closest": 0.0643588696451821,
      "centroid": -0.8459554200394082,
      "furthest": -1.6836001930271334
    },
    "1": {
      "closest": 0.035140627338531474,
      "centroid": 0.8322610932285681,
      "furthest": 1.4941219051967878
    }
  },
  "17": {
    "0": {
      "closest": 0.02159522864186465,
      "centroid": -0.8134644535111548,
      "furthest": -1.4817426669056972
    },
    "1": {
      "closest": 0.1898457517596702,
      "centroid": 0.8382786927855936,
      "furthest": 1.519690176165973
    }
  },
  "18": {
    "0": {
      "closest": -0.0684317887081988,
      "centroid": -0.8826664145520374,
      "furthest": -1.7861675649044186
    },
    "1": {
      "closest": 0.22423274318742176,
      "centroid": 0.8717634310405927,
      "furthest": 1.5595559123983727
    }
  },
  "19": {
    "0": {
      "closest": -0.08331493043071256,
      "centroid": -1.0651287101450806,
      "furthest": -2.50672836399683
    },
    "1": {
      "closest": 0.14961786784142656,
      "centroid": 1.0028086947128878,
      "furthest": 1.9244086721367772
    }
  },
  "20": {
    "0": {
      "closest": -0.06872699192310522,
      "centroid": -1.128423712334764,
      "furthest": -2.369475964280142
    },
    "1": {
      "closest": 0.054887245331946034,
      "centroid": 1.14664880942631,
      "furthest": 2.186325049179597
    }
  },
  "21": {
    "0": {
      "closest": -0.1543907163030302,
      "centroid": -1.0961975939861714,
      "furthest": -2.461750097111913
    },
    "1": {
      "closest": 0.21007688091663318,
      "centroid": 1.1568664030456584,
      "furthest": 2.367037514286653
    }
  },
  "22": {
    "0": {
      "closest": -0.10708189920596883,
      "centroid": -1.287753987766841,
      "furthest": -2.841313310124559
    },
    "1": {
      "closest": 0.10869306028037123,
      "centroid": 1.318919097080181,
      "furthest": 2.6252745967050592
    }
  },
  "23": {
    "0": {
      "closest": -0.10529229621368827,
      "centroid": -1.3746098024671727,
      "furthest": -3.0467738676226026
    },
    "1": {
      "closest": 0.05015055421181518,
      "centroid": 1.3910735994024328,
      "furthest": 2.8104603888575297
    }
  },
  "24": {
    "0": {
      "closest": 0.09618822467292634,
      "centroid": -1.4279914442326642,
      "furthest": -3.262658335584407
    },
    "1": {
      "closest": 0.07907234444095956,
      "centroid": 1.4493327171974828,
      "furthest": 2.892965812489157
    }
  },
  "25": {
    "0": {
      "closest": -0.37493218719100685,
      "centroid": -1.489586076804663,
      "furthest": -4.06171525450693
    },
    "1": {
      "closest": 0.3095369608760973,
      "centroid": 1.3281284685041685,
      "furthest": 2.8614451711324422
    }
  },
  "26": {
    "0": {
      "closest": -0.1405063286160276,
      "centroid": -1.5542648066701523,
      "furthest": -4.1712601313600635
    },
    "1": {
      "closest": 0.2760957476379224,
      "centroid": 1.6235366554948696,
      "furthest": 3.4058492276794365
    }
  },
  "27": {
    "0": {
      "closest": -0.08912943420516885,
      "centroid": -1.6720669710901779,
      "furthest": -4.351502184445197
    },
    "1": {
      "closest": 0.33215474176249193,
      "centroid": 1.708607940535245,
      "furthest": 3.678800126845773
    }
  },
  "28": {
    "0": {
      "closest": -0.038347174516387555,
      "centroid": -1.8268263162901477,
      "furthest": -4.2702894995753224
    },
    "1": {
      "closest": 0.29111109663824264,