{
  "0": {
    "acc": 0.95,
    "precision": 0.9368932038834952,
    "recall": 0.965,
    "f1": 0.9507389162561576,
    "auc": 0.9894999999999999,
    "mse": 0.05962584259446385
  },
  "1": {
    "acc": 0.9875,
    "precision": 0.9850746268656716,
    "recall": 0.99,
    "f1": 0.9875311720698254,
    "auc": 0.9991000000000001,
    "mse": 0.012003532483061165
  },
  "2": {
    "acc": 0.99875,
    "precision": 0.9975062344139651,
    "recall": 1.0,
    "f1": 0.9987515605493134,
    "auc": 0.9999875,
    "mse": 0.0029878778461960515
  },
  "3": {
    "acc": 1.0,
    "precision": 1.0,
    "recall": 1.0,
    "f1": 1.0,
    "auc": 1.0,
    "mse": 0.0033803930308354945
  },
  "4": {
    "acc": 0.99125,
    "precision": 0.9851851851851852,
    "recall": 0.9975,
    "f1": 0.991304347826087,
    "auc": 0.9998375,
    "mse": 0.014178760250522615
  },
  "5": {
    "acc": 1.0,
    "precision": 1.0,
    "recall": 1.0,
    "f1": 1.0,
    "auc": 1.0,
    "mse": 0.0007529440212907979
  },
  "6": {
    "acc": 1.0,
    "precision": 1.0,
    "recall": 1.0,
    "f1": 1.0,
    "auc": 1.0,
    "mse": 0.0006137734456488923
  },
  "7": {
    "acc": 1.0,
    "precision": 1.0,
    "recall": 1.0,
    "f1": 1.0,
    "auc": 1.0,
    "mse": 0.0001312663229374715
  },
  "8": {
    "acc": 0.99625,
    "precision": 0.9925558312655087,
    "recall": 1.0,
    "f1": 0.9962640099626401,
    "auc": 1.0,
    "mse": 0.00402666621640684
  },
  "9": {
    "acc": 1.0,
    "precision": 1.0,
    "recall": 1.0,
    "f1": 1.0,
    "auc": 1.0,
    "mse": 0.0008042352156678549
  },
  "10": {
    "acc": 0.9975,
    "precision": 0.9950248756218906,
    "recall": 1.0,
    "f1": 0.9975062344139651,
    "auc": 0.9999875,
    "mse": 0.0036782261792565464
  },
  "11": {
    "acc": 0.99875,
    "precision": 0.9975062344139651,
    "recall": 1.0,
    "f1": 0.9987515605493134,
    "auc": 0.9999875,
    "mse": 0.001983876746292761
  },
  "12": {
    "acc": 0.99625,
    "precision": 0.9925558312655087,
    "recall": 1.0,
    "f1": 0.9962640099626401,
    "auc": 0.9996125,
    "mse": 0.003897514157332314
  },
  "13": {
    "acc": 0.99625,
    "precision": 0.9925558312655087,
    "recall": 1.0,
    "f1": 0.9962640099626401,
    "auc": 0.9998875,
    "mse": 0.0035297264869777645
  },
  "14": {
    "acc": 0.99875,
    "precision": 0.9975062344139651,
    "recall": 1.0,
    "f1": 0.9987515605493134,
    "auc": 1.0,
    "mse": 0.0022091636413815435
  },
  "15": {
    "acc": 0.99625,
    "precision": 0.9925558312655087,
    "recall": 1.0,
    "f1": 0.9962640099626401,
    "auc": 0.9998625000000001,
    "mse": 0.003874900368055852
  },
  "16": {
    "acc": 0.995,
    "precision": 0.9900990099009901,
    "recall": 1.0,
    "f1": 0.9950248756218906,
    "auc": 0.99943125,
    "mse": 0.013151661832551035
  },
  "17": {
    "acc": 0.99875,
    "precision": 0.9975062344139651,
    "recall": 1.0,
    "f1": 0.9987515605493134,
    "auc": 1.0,
    "mse": 0.0014155330794132952
  },
  "18": {
    "acc": 1.0,
    "precision": 1.0,
    "recall": 1.0,
    "f1": 1.0,
    "auc": 1.0,
    "mse": 0.0011736392496172567
  },
  "19": {
    "acc": 0.9975,
    "precision": 0.9950248756218906,
    "recall": 1.0,
    "f1": 0.9975062344139651,
    "auc": 1.0,
    "mse": 0.002480229742271138
  },
  "20": {
    "acc": 0.9975,
    "precision": 0.9950248756218906,
    "recall": 1.0,
    "f1": 0.9975062344139651,
    "auc": 0.9998812499999999,
    "mse": 0.008774733178570844
  },
  "21": {
    "acc": 1.0,
    "precision": 1.0,
    "recall": 1.0,
    "f1": 1.0,
    "auc": 1.0,
    "mse": 0.0009137952718931058
  },
  "22": {
    "acc": 0.9975,
    "precision": 0.9950248756218906,
    "recall": 1.0,
    "f1": 0.9975062344139651,
    "auc": 0.99993125,
    "mse": 0.007350654359497813
  },
  "23": {
    "acc": 0.9975,
    "precision": 0.9950248756218906,
    "recall": 1.0,
    "f1": 0.9975062344139651,
    "auc": 0.99995625,
    "mse": 0.006609086315781221
  },
  "24": {
    "acc": 0.9975,
    "precision": 0.9950248756218906,
    "recall": 1.0,
    "f1": 0.9975062344139651,
    "auc": 0.99996875,
    "mse": 0.006060348430576956
  },
  "25": {
    "acc": 1.0,
    "precision": 1.0,
    "recall": 1.0,
    "f1": 1.0,
    "auc": 1.0,
    "mse": 7.836101500576506e-06
  },
  "26": {
    "acc": 1.0,
    "precision": 1.0,
    "recall": 1.0,
    "f1": 1.0,
    "auc": 1.0,
    "mse": 0.0007112139409626737
  },
  "27": {
    "acc": 1.0,
    "precision": 1.0,
    "recall": 1.0,
    "f1": 1.0,
    "auc": 1.0,
    "mse": 0.0006076595215031268
  },
  "28": {
    "acc": 1.0,
    "precision": 1.0,
    "recall": 1.0,
    "f1": 1.0,
    "auc": 1.0,
    "mse": 0.003274460109171837
  },
  "29": {
    "acc": 1.0,
    "precision": 1.0,
    "recall": 1.0,
    "f1": 1.0,
    "auc": 1.0,
    "mse": 2.7858253227559674e-06
  },
  "30": {
    "acc": 1.0,
    "precision": 1.0,
    "recall": 1.0,
    "f1": 1.0,
    "auc": 1.0,
    "mse": 6.240012024699339e-05
  },
  "31": {
    "acc": 1.0,
    "precision": 1.0,
    "recall": 1.0,
    "f1": 1.0,
    "auc": 1.0,
    "mse": 0.001955729440039007
  },
  "aggregation": {
    "acc": 100.0,
    "precision": 1.0,
    "recall": 1.0,
    "f1": 1.0,
    "auc": 1.0,
    "mse": 0.0026653244537454303
  }
}