{
  "0": {
    "0": {
      "closest": -0.004035326652228832,
      "centroid": -0.028705978766083717,
      "furthest": -0.06995409727096558
    },
    "1": {
      "closest": 0.0026248840149492025,
      "centroid": 0.028569206595420837,
      "furthest": 0.06485693156719208
    }
  },
  "1": {
    "0": {
      "closest": -0.019431453198194504,
      "centroid": -0.06286361813545227,
      "furthest": -0.1424361914396286
    },
    "1": {
      "closest": 0.016785219311714172,
      "centroid": 0.0624212920665741,
      "furthest": 0.13063132762908936
    }
  },
  "2": {
    "0": {
      "closest": -0.03133779391646385,
      "centroid": -0.10285158455371857,
      "furthest": -0.22125154733657837
    },
    "1": {
      "closest": 0.02839931845664978,
      "centroid": 0.10071568191051483,
      "furthest": 0.19578538835048676
    }
  },
  "3": {
    "0": {
      "closest": -0.045243680477142334,
      "centroid": -0.14500091969966888,
      "furthest": -0.30500954389572144
    },
    "1": {
      "closest": 0.0332724004983902,
      "centroid": 0.1504562497138977,
      "furthest": 0.3101009726524353
    }
  },
  "4": {
    "0": {
      "closest": -0.07001949101686478,
      "centroid": -0.20948773622512817,
      "furthest": -0.4335271120071411
    },
    "1": {
      "closest": 0.051767412573099136,
      "centroid": 0.22843579947948456,
      "furthest": 0.45466727018356323
    }
  },
  "5": {
    "0": {
      "closest": -0.0894019827246666,
      "centroid": -0.2544621229171753,
      "furthest": -0.5441060662269592
    },
    "1": {
      "closest": 0.06763723492622375,
      "centroid": 0.27885130047798157,
      "furthest": 0.551345944404602
    }
  },
  "6": {
    "0": {
      "closest": -0.10404697060585022,
      "centroid": -0.312530517578125,
      "furthest": -0.6263042688369751
    },
    "1": {
      "closest": 0.08791732788085938,
      "centroid": 0.3481409549713135,
      "furthest": 0.6761375665664673
    }
  },
  "7": {
    "0": {
      "closest": -0.1378769427537918,
      "centroid": -0.37726864218711853,
      "furthest": -0.7383183240890503
    },
    "1": {
      "closest": 0.10955426841974258,
      "centroid": 0.43497708439826965,
      "furthest": 0.8227429389953613
    }
  },
  "8": {
    "0": {
      "closest": -0.148543581366539,
      "centroid": -0.4105560779571533,
      "furthest": -0.7700031399726868
    },
    "1": {
      "closest": 0.12174078077077866,
      "centroid": 0.48641717433929443,
      "furthest": 0.9317933320999146
    }
  },
  "9": {
    "0": {
      "closest": -0.0621359720826149,
      "centroid": -0.2896481454372406,
      "furthest": -0.564534068107605
    },
    "1": {
      "closest": 0.004465509206056595,
      "centroid": 0.3519355356693268,
      "furthest": 0.696701169013977
    }
  },
  "10": {
    "0": {
      "closest": -0.06221301108598709,
      "centroid": -0.3171407878398895,
      "furthest": -0.6061094999313354
    },
    "1": {
      "closest": 0.0026894360780715942,
      "centroid": 0.3869188725948334,
      "furthest": 0.7758162617683411
    }
  },
  "11": {
    "0": {
      "closest": 0.0002183765172958374,
      "centroid": -0.22728082537651062,
      "furthest": -0.5140676498413086
    },
    "1": {
      "closest": 0.0003120824694633484,
      "centroid": 0.24764539301395416,
      "furthest": 0.5083365440368652
    }
  },
  "12": {
    "0": {
      "closest": -0.0005136691033840179,
      "centroid": -0.2276902049779892,
      "furthest": -0.5112820863723755
    },
    "1": {
      "closest": 0.004337921738624573,
      "centroid": 0.25638270378112793,
      "furthest": 0.524488091468811
    }
  },
  "13": {
    "0": {
      "closest": 0.002619996666908264,
      "centroid": -0.23466505110263824,
      "furthest": -0.5299027562141418
    },
    "1": {
      "closest": 0.0038819164037704468,
      "centroid": 0.2642318904399872,
      "furthest": 0.5584152936935425
    }
  },
  "14": {
    "0": {
      "closest": -0.2115408480167389,
      "centroid": -0.5578932166099548,
      "furthest": -1.0065739154815674
    },
    "1": {
      "closest": 0.16696572303771973,
      "centroid": 0.6897839307785034,
      "furthest": 1.444490909576416
    }
  },
  "15": {
    "0": {
      "closest": -0.010162755846977234,
      "centroid": -0.2841286361217499,
      "furthest": -0.6034516096115112
    },
    "1": {
      "closest": 0.001985520124435425,
      "centroid": 0.32678642868995667,
      "furthest": 0.7608420252799988
    }
  },
  "16": {
    "0": {
      "closest": -0.10667832940816879,
      "centroid": -0.4743853807449341,
      "furthest": -0.88397216796875
    },
    "1": {
      "closest": 0.0375799685716629,
      "centroid": 0.5711367726325989,
      "furthest": 1.3313442468643188
    }
  },
  "17": {
    "0": {
      "closest": -0.2558383345603943,
      "centroid": -0.7153621912002563,
      "furthest": -1.3209691047668457
    },
    "1": {
      "closest": 0.21970047056674957,
      "centroid": 0.8916828632354736,
      "furthest": 1.9677608013153076
    }
  },
  "18": {
    "0": {
      "closest": -0.27913010120391846,
      "centroid": -0.7702930569648743,
      "furthest": -1.4271817207336426
    },
    "1": {
      "closest": 0.24353623390197754,
      "centroid": 0.9630303978919983,
      "furthest": 2.116260528564453
    }
  },
  "19": {
    "0": {
      "closest": -0.1536276936531067,
      "centroid": -0.6410722136497498,
      "furthest": -1.3431622982025146
    },
    "1": {
      "closest": 0.09598137438297272,
      "centroid": 0.777561366558075,
      "furthest": 1.6801824569702148
    }
  },
  "20": {
    "0": {
      "closest": -0.3121780753135681,
      "centroid": -0.8698642253875732,
      "furthest": -1.6670124530792236
    },
    "1": {
      "closest": 0.2737896144390106,
      "centroid": 1.0666989088058472,
      "furthest": 2.3114383220672607
    }
  },
  "21": {
    "0": {
      "closest": -0.21974730491638184,
      "centroid": -0.7955905795097351,
      "furthest": -1.6741840839385986
    },
    "1": {
      "closest": 0.1412048041820526,
      "centroid": 0.9537045359611511,
      "furthest": 2.0698204040527344
    }
  },
  "22": {
    "0": {
      "closest": -0.02710747718811035,
      "centroid": -0.5938003063201904,
      "furthest": -1.3887591361999512
    },
    "1": {
      "closest": 0.007748067378997803,
      "centroid": 0.6810428500175476,
      "furthest": 1.4447975158691406
    }
  },
  "23": {
    "0": {
      "closest": -0.026648052036762238,
      "centroid": -0.6349441409111023,
      "furthest": -1.4048006534576416
    },
    "1": {
      "closest": 0.015892550349235535,
      "centroid": 0.7185497879981995,
      "furthest": 1.461106777191162
    }
  },
  "24": {
    "0": {
      "closest": 0.06223785877227783,
      "centroid": -0.6866037249565125,
      "furthest": -1.5602202415466309
    },
    "1": {
      "closest": -0.013804644346237183,
      "centroid": 0.7778612375259399,
      "furthest": 1.6530203819274902
    }
  },
  "25": {
    "0": {
      "closest": 0.011995986104011536,
      "centroid": -0.7324255108833313,
      "furthest": -1.532824158668518
    },
    "1": {
      "closest": -0.0036863982677459717,
      "centroid": 0.8480146527290344,
      "furthest": 1.821131706237793
    }
  },
  "26": {
    "0": {
      "closest": -0.021337658166885376,
      "centroid": -0.7813611030578613,
      "furthest": -1.719326376914978
    },
    "1": {
      "closest": -0.0030421018600463867,
      "centroid": 0.89137864112854,
      "furthest": 1.914405107498169
    }
  },
  "27": {
    "0": {
      "closest": -0.3436634838581085,
      "centroid": -1.2619755268096924,
      "furthest": -2.598033905029297
    },
    "1": {
      "closest": 0.28790953755378723,
      "centroid": 1.5209295749664307,
      "furthest": 3.200460433959961
    }
  },
  "28": {
    "0": {
      "closest": -0.009959816932678223,
      "centroid": -0.9159249663352966,
      "furthest": -2.0506486892700195
    },