{
  "0": {
    "acc": 1.0,
    "precision": 1.0,
    "recall": 1.0,
    "f1": 1.0,
    "auc": 1.0,
    "mse": 0.0021246973342457275
  },
  "1": {
    "acc": 1.0,
    "precision": 1.0,
    "recall": 1.0,
    "f1": 1.0,
    "auc": 1.0,
    "mse": 8.864740326050868e-05
  },
  "2": {
    "acc": 1.0,
    "precision": 1.0,
    "recall": 1.0,
    "f1": 1.0,
    "auc": 1.0,
    "mse": 7.921086719286336e-05
  },
  "3": {
    "acc": 1.0,
    "precision": 1.0,
    "recall": 1.0,
    "f1": 1.0,
    "auc": 1.0,
    "mse": 0.0002210876763570369
  },
  "4": {
    "acc": 1.0,
    "precision": 1.0,
    "recall": 1.0,
    "f1": 1.0,
    "auc": 1.0,
    "mse": 0.00015403072154883694
  },
  "5": {
    "acc": 1.0,
    "precision": 1.0,
    "recall": 1.0,
    "f1": 1.0,
    "auc": 1.0,
    "mse": 0.00010880085770893472
  },
  "6": {
    "acc": 1.0,
    "precision": 1.0,
    "recall": 1.0,
    "f1": 1.0,
    "auc": 1.0,
    "mse": 8.479121621664404e-05
  },
  "7": {
    "acc": 1.0,
    "precision": 1.0,
    "recall": 1.0,
    "f1": 1.0,
    "auc": 1.0,
    "mse": 6.217235143051526e-05
  },
  "8": {
    "acc": 1.0,
    "precision": 1.0,
    "recall": 1.0,
    "f1": 1.0,
    "auc": 1.0,
    "mse": 5.826532195562333e-05
  },
  "9": {
    "acc": 1.0,
    "precision": 1.0,
    "recall": 1.0,
    "f1": 1.0,
    "auc": 1.0,
    "mse": 0.0014065536828382632
  },
  "10": {
    "acc": 1.0,
    "precision": 1.0,
    "recall": 1.0,
    "f1": 1.0,
    "auc": 1.0,
    "mse": 0.0013470266548992072
  },
  "11": {
    "acc": 0.98625,
    "precision": 0.9899244332493703,
    "recall": 0.9825,
    "f1": 0.986198243412798,
    "auc": 0.997775,
    "mse": 0.016476581057395988
  },
  "12": {
    "acc": 0.98875,
    "precision": 0.9974554707379135,
    "recall": 0.98,
    "f1": 0.9886506935687264,
    "auc": 0.9982500000000001,
    "mse": 0.014704954761134852
  },
  "13": {
    "acc": 0.9875,
    "precision": 0.9949238578680203,
    "recall": 0.98,
    "f1": 0.9874055415617129,
    "auc": 0.9986187500000001,
    "mse": 0.013959103137924976
  },
  "14": {
    "acc": 1.0,
    "precision": 1.0,
    "recall": 1.0,
    "f1": 1.0,
    "auc": 1.0,
    "mse": 5.2422810730275835e-05
  },
  "15": {
    "acc": 0.98875,
    "precision": 0.9949367088607595,
    "recall": 0.9825,
    "f1": 0.9886792452830189,
    "auc": 0.9979875,
    "mse": 0.013163306113515598
  },
  "16": {
    "acc": 1.0,
    "precision": 1.0,
    "recall": 1.0,
    "f1": 1.0,
    "auc": 1.0,
    "mse": 0.0008414258561460775
  },
  "17": {
    "acc": 1.0,
    "precision": 1.0,
    "recall": 1.0,
    "f1": 1.0,
    "auc": 1.0,
    "mse": 5.463823668716918e-05
  },
  "18": {
    "acc": 1.0,
    "precision": 1.0,
    "recall": 1.0,
    "f1": 1.0,
    "auc": 1.0,
    "mse": 6.352502674318929e-05
  },
  "19": {
    "acc": 1.0,
    "precision": 1.0,
    "recall": 1.0,
    "f1": 1.0,
    "auc": 1.0,
    "mse": 0.0006659309504069694
  },
  "20": {
    "acc": 1.0,
    "precision": 1.0,
    "recall": 1.0,
    "f1": 1.0,
    "auc": 1.0,
    "mse": 6.045973238826328e-05
  },
  "21": {
    "acc": 1.0,
    "precision": 1.0,
    "recall": 1.0,
    "f1": 1.0,
    "auc": 1.0,
    "mse": 0.0005409432134520533
  },
  "22": {
    "acc": 0.9925,
    "precision": 0.9949748743718593,
    "recall": 0.99,
    "f1": 0.9924812030075187,
    "auc": 0.9990875,
    "mse": 0.010394809037428919
  },
  "23": {
    "acc": 0.99125,
    "precision": 0.9949622166246851,
    "recall": 0.9875,
    "f1": 0.9912170639899623,
    "auc": 0.99929375,
    "mse": 0.009932994514827327
  },
  "24": {
    "acc": 0.99,
    "precision": 0.9949494949494949,
    "recall": 0.985,
    "f1": 0.9899497487437185,
    "auc": 0.999275,
    "mse": 0.009886031247334144
  },
  "25": {
    "acc": 0.99,
    "precision": 0.9949494949494949,
    "recall": 0.985,
    "f1": 0.9899497487437185,
    "auc": 0.9995625,
    "mse": 0.009161165856818148
  },
  "26": {
    "acc": 0.99125,
    "precision": 0.9949622166246851,
    "recall": 0.9875,
    "f1": 0.9912170639899623,
    "auc": 0.9996624999999999,
    "mse": 0.00853540647696968
  },
  "27": {
    "acc": 1.0,
    "precision": 1.0,
    "recall": 1.0,
    "f1": 1.0,
    "auc": 1.0,
    "mse": 0.00037902024365871044
  },
  "28": {
    "acc": 0.99625,
    "precision": 1.0,
    "recall": 0.9925,
    "f1": 0.9962358845671268,
    "auc": 0.99989375,
    "mse": 0.006958543010597269
  },
  "29": {
    "acc": 1.0,
    "precision": 1.0,
    "recall": 1.0,
    "f1": 1.0,
    "auc": 1.0,
    "mse": 0.00032398072598874695
  },
  "30": {
    "acc": 0.99625,
    "precision": 1.0,
    "recall": 0.9925,
    "f1": 0.9962358845671268,
    "auc": 0.99996875,
    "mse": 0.005327150577565921
  },
  "31": {
    "acc": 0.985,
    "precision": 0.98989898989899,
    "recall": 0.98,
    "f1": 0.9849246231155779,
    "auc": 0.99855,
    "mse": 0.01579469772326238
  },
  "aggregation": {
    "acc": 100.0,
    "precision": 1.0,
    "recall": 1.0,
    "f1": 1.0,
    "auc": 1.0,
    "mse": 0.002207728892490799
  }
}