{
  "0": {
    "0": {
      "closest": -0.00023206323385238647,
      "centroid": -0.0272811371833086,
      "furthest": -0.07210232317447662
    },
    "1": {
      "closest": 0.0031311921775341034,
      "centroid": 0.025693688541650772,
      "furthest": 0.054173436015844345
    }
  },
  "1": {
    "0": {
      "closest": -0.006917791441082954,
      "centroid": -0.04402749240398407,
      "furthest": -0.11039833724498749
    },
    "1": {
      "closest": 0.007489990442991257,
      "centroid": 0.04210640490055084,
      "furthest": 0.08750766515731812
    }
  },
  "2": {
    "0": {
      "closest": -0.02754131518304348,
      "centroid": -0.0885702595114708,
      "furthest": -0.19349133968353271
    },
    "1": {
      "closest": 0.025850223377346992,
      "centroid": 0.08651681989431381,
      "furthest": 0.1807117909193039
    }
  },
  "3": {
    "0": {
      "closest": -0.043900635093450546,
      "centroid": -0.14406263828277588,
      "furthest": -0.31122156977653503
    },
    "1": {
      "closest": 0.04284600168466568,
      "centroid": 0.1411319226026535,
      "furthest": 0.2874473035335541
    }
  },
  "4": {
    "0": {
      "closest": -0.009626012295484543,
      "centroid": -0.12194930762052536,
      "furthest": -0.27398356795310974
    },
    "1": {
      "closest": 0.010874517261981964,
      "centroid": 0.11625862866640091,
      "furthest": 0.23528271913528442
    }
  },
  "5": {
    "0": {
      "closest": -0.017022283747792244,
      "centroid": -0.1728186458349228,
      "furthest": -0.3899569511413574
    },
    "1": {
      "closest": 0.035474568605422974,
      "centroid": 0.15867562592029572,
      "furthest": 0.29812130331993103
    }
  },
  "6": {
    "0": {
      "closest": -0.026366500183939934,
      "centroid": -0.22035202383995056,
      "furthest": -0.44586285948753357
    },
    "1": {
      "closest": 0.053171589970588684,
      "centroid": 0.20415900647640228,
      "furthest": 0.3710208535194397
    }
  },
  "7": {
    "0": {
      "closest": -0.030049247667193413,
      "centroid": -0.2666498124599457,
      "furthest": -0.5205780267715454
    },
    "1": {
      "closest": 0.06481128931045532,
      "centroid": 0.25254589319229126,
      "furthest": 0.45523586869239807
    }
  },
  "8": {
    "0": {
      "closest": -0.003419451415538788,
      "centroid": -0.1648227721452713,
      "furthest": -0.34644660353660583
    },
    "1": {
      "closest": 0.0021203532814979553,
      "centroid": 0.16164630651474,
      "furthest": 0.32884812355041504
    }
  },
  "9": {
    "0": {
      "closest": -0.03513969108462334,
      "centroid": -0.30080723762512207,
      "furthest": -0.5685893893241882
    },
    "1": {
      "closest": 0.08040180802345276,
      "centroid": 0.2954687476158142,
      "furthest": 0.5318112373352051
    }
  },
  "10": {
    "0": {
      "closest": -0.0315772220492363,
      "centroid": -0.3257230520248413,
      "furthest": -0.5787878036499023
    },
    "1": {
      "closest": 0.08703701943159103,
      "centroid": 0.32011890411376953,
      "furthest": 0.56544429063797
    }
  },
  "11": {
    "0": {
      "closest": -0.038479726761579514,
      "centroid": -0.33092644810676575,
      "furthest": -0.5792039036750793
    },
    "1": {
      "closest": 0.0848214328289032,
      "centroid": 0.32613930106163025,
      "furthest": 0.5614387392997742
    }
  },
  "12": {
    "0": {
      "closest": -0.023837899789214134,
      "centroid": -0.3616983890533447,
      "furthest": -0.6583458185195923
    },
    "1": {
      "closest": 0.10809553414583206,
      "centroid": 0.3485124111175537,
      "furthest": 0.5997430086135864
    }
  },
  "13": {
    "0": {
      "closest": -0.03401952236890793,
      "centroid": -0.3796220123767853,
      "furthest": -0.6958341598510742
    },
    "1": {
      "closest": 0.11120430380105972,
      "centroid": 0.36812424659729004,
      "furthest": 0.6491764783859253
    }
  },
  "14": {
    "0": {
      "closest": -0.036950260400772095,
      "centroid": -0.37554171681404114,
      "furthest": -0.6617639064788818
    },
    "1": {
      "closest": 0.10018551349639893,
      "centroid": 0.36320701241493225,
      "furthest": 0.6357238292694092
    }
  },
  "15": {
    "0": {
      "closest": -0.045640554279088974,
      "centroid": -0.4178816080093384,
      "furthest": -0.7850711345672607
    },
    "1": {
      "closest": 0.09763884544372559,
      "centroid": 0.40153494477272034,
      "furthest": 0.6805327534675598
    }
  },
  "16": {
    "0": {
      "closest": -0.05439762771129608,
      "centroid": -0.4747881591320038,
      "furthest": -0.8812108635902405
    },
    "1": {
      "closest": 0.11246027052402496,
      "centroid": 0.47264426946640015,
      "furthest": 0.8399952054023743
    }
  },
  "17": {
    "0": {
      "closest": -0.07665038108825684,
      "centroid": -0.5543504357337952,
      "furthest": -1.1141291856765747
    },
    "1": {
      "closest": 0.13728094100952148,
      "centroid": 0.5641087889671326,
      "furthest": 1.0264405012130737
    }
  },
  "18": {
    "0": {
      "closest": -0.09447789937257767,
      "centroid": -0.6085845232009888,
      "furthest": -1.1872810125350952
    },
    "1": {
      "closest": 0.15147298574447632,
      "centroid": 0.622037947177887,
      "furthest": 1.125774621963501
    }
  },
  "19": {
    "0": {
      "closest": -0.11685499548912048,
      "centroid": -0.6591039896011353,
      "furthest": -1.3300877809524536
    },
    "1": {
      "closest": 0.17631374299526215,
      "centroid": 0.6833034753799438,
      "furthest": 1.3129903078079224
    }
  },
  "20": {
    "0": {
      "closest": 0.0027385950088500977,
      "centroid": -0.4863002896308899,
      "furthest": -1.1391326189041138
    },
    "1": {
      "closest": -0.014363065361976624,
      "centroid": 0.4860834777355194,
      "furthest": 1.0491893291473389
    }
  },
  "21": {
    "0": {
      "closest": -0.28381064534187317,
      "centroid": -1.015584111213684,
      "furthest": -2.026203155517578
    },
    "1": {
      "closest": 0.3391246497631073,
      "centroid": 1.062157392501831,
      "furthest": 2.167361259460449
    }
  },
  "22": {
    "0": {
      "closest": -0.2998559772968292,
      "centroid": -1.0823242664337158,
      "furthest": -2.235393762588501
    },
    "1": {
      "closest": 0.3625311851501465,
      "centroid": 1.1358448266983032,
      "furthest": 2.3425488471984863
    }
  },
  "23": {
    "0": {
      "closest": -0.32236623764038086,
      "centroid": -1.1729707717895508,
      "furthest": -2.486532688140869
    },
    "1": {
      "closest": 0.38572269678115845,
      "centroid": 1.2147139310836792,
      "furthest": 2.5038645267486572
    }
  },
  "24": {
    "0": {
      "closest": -0.22620746493339539,
      "centroid": -1.0557130575180054,
      "furthest": -2.325247049331665
    },
    "1": {
      "closest": 0.29200637340545654,
      "centroid": 1.0954684019088745,
      "furthest": 2.284364938735962
    }
  },
  "25": {
    "0": {
      "closest": -0.006054334342479706,
      "centroid": -0.8011311292648315,
      "furthest": -2.131150722503662
    },
    "1": {
      "closest": 0.017792142927646637,
      "centroid": 0.8028877973556519,
      "furthest": 1.7526531219482422
    }
  },
  "26": {
    "0": {
      "closest": -0.04527366906404495,
      "centroid": -0.8839955925941467,
      "furthest": -2.4403188228607178
    },
    "1": {
      "closest": -0.022066064178943634,
      "centroid": 0.8833000063896179,
      "furthest": 1.9437726736068726
    }
  },
  "27": {
    "0": {
      "closest": -0.3386991024017334,
      "centroid": -1.39811372756958,
      "furthest": -3.1774871349334717
    },
    "1": {
      "closest": 0.4143615663051605,
      "centroid": 1.442539930343628,
      "furthest": 3.1045780181884766
    }
  },
  "28": {
    "0": {
      "closest": -0.39383411407470703,
      "centroid": -1.5831929445266724,
      "furthest": -3.6313884258270264
    },