{
  "0": {
    "0": {
      "closest": -0.5885962009160484,
      "centroid": -0.5986824462625631,
      "furthest": -0.6078637861096792
    },
    "1": {
      "closest": 0.6344135053745351,
      "centroid": 0.6438808038528854,
      "furthest": 0.6533485130009473
    }
  },
  "1": {
    "0": {
      "closest": -0.7276335483661442,
      "centroid": -0.7409913244288377,
      "furthest": -0.7567925949569982
    },
    "1": {
      "closest": 0.7508357407692756,
      "centroid": 0.7608814327928708,
      "furthest": 0.7694977519022839
    }
  },
  "2": {
    "0": {
      "closest": -1.0354604516154833,
      "centroid": -1.0622929451562277,
      "furthest": -1.081213772940889
    },
    "1": {
      "closest": 0.9377247590672917,
      "centroid": 0.9506365430745848,
      "furthest": 0.964022372826979
    }
  },
  "3": {
    "0": {
      "closest": -1.1882045627654774,
      "centroid": -1.2255144817799974,
      "furthest": -1.2567816956284585
    },
    "1": {
      "closest": 1.1891773755680715,
      "centroid": 1.2052419457891832,
      "furthest": 1.223310475239694
    }
  },
  "4": {
    "0": {
      "closest": -1.3031252345742372,
      "centroid": -1.3637362128486772,
      "furthest": -1.4066324617372512
    },
    "1": {
      "closest": 1.5083292478559969,
      "centroid": 1.5470696182417307,
      "furthest": 1.5880289959489382
    }
  },
  "5": {
    "0": {
      "closest": -1.474169720776814,
      "centroid": -1.5319981276191188,
      "furthest": -1.5781908508502402
    },
    "1": {
      "closest": 1.5819279580728693,
      "centroid": 1.6322116854862614,
      "furthest": 1.6841325498568793
    }
  },
  "6": {
    "0": {
      "closest": -1.5159172414746105,
      "centroid": -1.606822478349701,
      "furthest": -1.669760451307674
    },
    "1": {
      "closest": 1.5371598393585515,
      "centroid": 1.595867897128208,
      "furthest": 1.663953191500099
    }
  },
  "7": {
    "0": {
      "closest": -1.7003042606510266,
      "centroid": -1.7844861800088705,
      "furthest": -1.8516851385942414
    },
    "1": {
      "closest": 1.6807044006063303,
      "centroid": 1.7644261078784365,
      "furthest": 1.8343875389573758
    }
  },
  "8": {
    "0": {
      "closest": -1.727788031856727,
      "centroid": -1.8039550295584212,
      "furthest": -1.8614053007152973
    },
    "1": {
      "closest": 1.6783641802501474,
      "centroid": 1.7613222423780468,
      "furthest": 1.8420215100536903
    }
  },
  "9": {
    "0": {
      "closest": -1.9558726833931304,
      "centroid": -2.09518336780878,
      "furthest": -2.1960057825502686
    },
    "1": {
      "closest": 1.912702667308867,
      "centroid": 2.001220230944152,
      "furthest": 2.0800890003035803
    }
  },
  "10": {
    "0": {
      "closest": -2.085458504672391,
      "centroid": -2.289078741190331,
      "furthest": -2.3951226241145136
    },
    "1": {
      "closest": 2.0917809312881097,
      "centroid": 2.191165599881889,
      "furthest": 2.263344116800646
    }
  },
  "11": {
    "0": {
      "closest": -2.146885869350858,
      "centroid": -2.369343584719075,
      "furthest": -2.4967835381325614
    },
    "1": {
      "closest": 2.1278936517183205,
      "centroid": 2.232059067493545,
      "furthest": 2.340741928016798
    }
  },
  "12": {
    "0": {
      "closest": -2.0803310974405136,
      "centroid": -2.3653178551675262,
      "furthest": -2.6192392196876426
    },
    "1": {
      "closest": 2.071427999783121,
      "centroid": 2.257181883278102,
      "furthest": 2.5104299171398674
    }
  },
  "13": {
    "0": {
      "closest": -1.9733627857155072,
      "centroid": -2.364219267957223,
      "furthest": -2.5794578661645473
    },
    "1": {
      "closest": 2.0909947202622625,
      "centroid": 2.2893096698281563,
      "furthest": 2.561744874230676
    }
  },
  "14": {
    "0": {
      "closest": -1.9105730043553395,
      "centroid": -2.3929900090577183,
      "furthest": -2.6374018979899203
    },
    "1": {
      "closest": 2.088970141491319,
      "centroid": 2.3503390077148696,
      "furthest": 2.9444489097612747
    }
  },
  "15": {
    "0": {
      "closest": -1.9991513615718848,
      "centroid": -2.4417218430222234,
      "furthest": -2.709850380420117
    },
    "1": {
      "closest": 2.0052537130790418,
      "centroid": 2.373970173643018,
      "furthest": 3.08605166552847
    }
  },
  "16": {
    "0": {
      "closest": -2.294743181418693,
      "centroid": -2.674296240657875,
      "furthest": -2.96905187324824
    },
    "1": {
      "closest": 2.1736996930801173,
      "centroid": 2.6546648724194672,
      "furthest": 3.529626048394563
    }
  },
  "17": {
    "0": {
      "closest": -2.432069340570768,
      "centroid": -2.798910423902431,
      "furthest": -3.061521307756501
    },
    "1": {
      "closest": 2.317937747688748,
      "centroid": 2.8537002462630854,
      "furthest": 3.903744253093193
    }
  },
  "18": {
    "0": {
      "closest": -2.5453893899137783,
      "centroid": -2.8982624165449686,
      "furthest": -3.1976457375478278
    },
    "1": {
      "closest": 2.4294878425685686,
      "centroid": 2.968807545049805,
      "furthest": 4.085083886573398
    }
  },
  "19": {
    "0": {
      "closest": -2.8358584609871693,
      "centroid": -3.1517746682932124,
      "furthest": -3.5232716478093753
    },
    "1": {
      "closest": 2.677260327714841,
      "centroid": 3.2001245069393205,
      "furthest": 4.347451096963914
    }
  },
  "20": {
    "0": {
      "closest": -3.042440575615129,
      "centroid": -3.3847417545891334,
      "furthest": -3.7517286003775725
    },
    "1": {
      "closest": 2.8402444464923464,
      "centroid": 3.463936273743171,
      "furthest": 4.823261408956869
    }
  },
  "21": {
    "0": {
      "closest": -3.2888968023173573,
      "centroid": -3.748227802621055,
      "furthest": -4.145185775810524
    },
    "1": {
      "closest": 3.0485198223319916,
      "centroid": 3.8082494093788686,
      "furthest": 5.346528631154198
    }
  },
  "22": {
    "0": {
      "closest": -3.642279077138105,
      "centroid": -4.015358042419227,
      "furthest": -4.428804890136098
    },
    "1": {
      "closest": 3.2705285456897277,
      "centroid": 4.075672738395017,
      "furthest": 5.619312339086596
    }
  },
  "23": {
    "0": {
      "closest": -3.9343557857685423,
      "centroid": -4.29510956371601,
      "furthest": -4.731732131949697
    },
    "1": {
      "closest": 3.4776254533781965,
      "centroid": 4.340424658004331,
      "furthest": 5.997351667667417
    }
  },
  "24": {
    "0": {
      "closest": -4.124503014091326,
      "centroid": -4.520036243315816,
      "furthest": -4.995936792007322
    },
    "1": {
      "closest": 3.6690971168520026,
      "centroid": 4.571009242149909,
      "furthest": 6.317042378722057
    }
  },
  "25": {
    "0": {
      "closest": -4.291344911966915,
      "centroid": -4.793367168114133,
      "furthest": -5.3682851472473345
    },
    "1": {
      "closest": 4.063164097685653,
      "centroid": 4.88828184272939,
      "furthest": 6.513140709702803
    }
  },
  "26": {
    "0": {
      "closest": -4.616664199339013,
      "centroid": -5.133864707947072,
      "furthest": -5.769960793952354
    },
    "1": {
      "closest": 4.3864152827089775,
      "centroid": 5.233452682200737,
      "furthest": 6.968681437582246
    }
  },
  "27": {
    "0": {
      "closest": -4.871335905076155,
      "centroid": -5.449813052573034,
      "furthest": -6.159465334927093
    },
    "1": {
      "closest": 4.696108037156784,
      "centroid": 5.553894688958649,
      "furthest": 7.323847806843241
    }
  },
  "28": {
    "0": {
      "closest": -5.313632067895621,
      "centroid": -5.9950287508240105,
      "furthest": -6.850458395718662
    },
    "1": {
      "closest": 5.190315428919758,
      "centroid": 6.086165931952706,
      "furthest": 7.869391953177821
    }
  },
  "29": {
    "0": {
      "closest": -5.720660390228308,