{
  "0": {
    "0": {
      "closest": -0.6010558605194092,
      "centroid": -0.6119880080223083,
      "furthest": -0.6248351335525513
    },
    "1": {
      "closest": 0.5944788455963135,
      "centroid": 0.6119881868362427,
      "furthest": 0.6263266801834106
    }
  },
  "1": {
    "0": {
      "closest": -0.727033257484436,
      "centroid": -0.7453078031539917,
      "furthest": -0.759075403213501
    },
    "1": {
      "closest": 0.7323206663131714,
      "centroid": 0.7453077435493469,
      "furthest": 0.7571656107902527
    }
  },
  "2": {
    "0": {
      "closest": -0.9448257088661194,
      "centroid": -0.978040874004364,
      "furthest": -1.0034899711608887
    },
    "1": {
      "closest": 0.9586201906204224,
      "centroid": 0.9780407547950745,
      "furthest": 0.9908539056777954
    }
  },
  "3": {
    "0": {
      "closest": -1.0919249057769775,
      "centroid": -1.1380090713500977,
      "furthest": -1.171957015991211
    },
    "1": {
      "closest": 1.1090264320373535,
      "centroid": 1.138008952140808,
      "furthest": 1.1616259813308716
    }
  },
  "4": {
    "0": {
      "closest": -1.3034420013427734,
      "centroid": -1.3828434944152832,
      "furthest": -1.4256494045257568
    },
    "1": {
      "closest": 1.3221266269683838,
      "centroid": 1.3828434944152832,
      "furthest": 1.4498765468597412
    }
  },
  "5": {
    "0": {
      "closest": -1.5318634510040283,
      "centroid": -1.6056054830551147,
      "furthest": -1.6885592937469482
    },
    "1": {
      "closest": 1.4778809547424316,
      "centroid": 1.6056054830551147,
      "furthest": 1.7070302963256836
    }
  },
  "6": {
    "0": {
      "closest": -1.5893950462341309,
      "centroid": -1.744123935699463,
      "furthest": -1.8791718482971191
    },
    "1": {
      "closest": 1.616814374923706,
      "centroid": 1.744123935699463,
      "furthest": 1.823594093322754
    }
  },
  "7": {
    "0": {
      "closest": -1.737680435180664,
      "centroid": -2.0561602115631104,
      "furthest": -2.229905128479004
    },
    "1": {
      "closest": 1.935366153717041,
      "centroid": 2.0561602115631104,
      "furthest": 2.146986484527588
    }
  },
  "8": {
    "0": {
      "closest": -1.7865080833435059,
      "centroid": -2.0923666954040527,
      "furthest": -2.285285234451294
    },
    "1": {
      "closest": 1.9031380414962769,
      "centroid": 2.0923666954040527,
      "furthest": 2.209958076477051
    }
  },
  "9": {
    "0": {
      "closest": -1.9711260795593262,
      "centroid": -2.421321153640747,
      "furthest": -2.6937644481658936
    },
    "1": {
      "closest": 2.232729434967041,
      "centroid": 2.421320915222168,
      "furthest": 2.569790840148926
    }
  },
  "10": {
    "0": {
      "closest": -2.016981601715088,
      "centroid": -2.646970272064209,
      "furthest": -2.9496545791625977
    },
    "1": {
      "closest": 2.4388885498046875,
      "centroid": 2.646970272064209,
      "furthest": 2.7962327003479004
    }
  },
  "11": {
    "0": {
      "closest": -2.248440980911255,
      "centroid": -2.6945078372955322,
      "furthest": -2.9255385398864746
    },
    "1": {
      "closest": 2.331944227218628,
      "centroid": 2.6945078372955322,
      "furthest": 2.8626670837402344
    }
  },
  "12": {
    "0": {
      "closest": -2.3980462551116943,
      "centroid": -2.8417861461639404,
      "furthest": -3.143327474594116
    },
    "1": {
      "closest": 2.293231964111328,
      "centroid": 2.8417861461639404,
      "furthest": 3.075284957885742
    }
  },
  "13": {
    "0": {
      "closest": -2.3544936180114746,
      "centroid": -2.9916818141937256,
      "furthest": -3.2896885871887207
    },
    "1": {
      "closest": 2.2579829692840576,
      "centroid": 2.9916820526123047,
      "furthest": 3.42197847366333
    }
  },
  "14": {
    "0": {
      "closest": -2.305989980697632,
      "centroid": -3.2310166358947754,
      "furthest": -3.5848777294158936
    },
    "1": {
      "closest": 2.3875298500061035,
      "centroid": 3.2310163974761963,
      "furthest": 3.769723415374756
    }
  },
  "15": {
    "0": {
      "closest": -2.7177889347076416,
      "centroid": -3.5233147144317627,
      "furthest": -3.8986258506774902
    },
    "1": {
      "closest": 2.7012062072753906,
      "centroid": 3.5233144760131836,
      "furthest": 4.238136291503906
    }
  },
  "16": {
    "0": {
      "closest": -3.1587328910827637,
      "centroid": -3.9195127487182617,
      "furthest": -4.442142009735107
    },
    "1": {
      "closest": 2.832754611968994,
      "centroid": 3.9195127487182617,
      "furthest": 4.695436477661133
    }
  },
  "17": {
    "0": {
      "closest": -3.6206440925598145,
      "centroid": -4.306641578674316,
      "furthest": -4.961803436279297
    },
    "1": {
      "closest": 3.133479595184326,
      "centroid": 4.306641578674316,
      "furthest": 5.086331367492676
    }
  },
  "18": {
    "0": {
      "closest": -3.8910164833068848,
      "centroid": -4.644982814788818,
      "furthest": -5.336518287658691
    },
    "1": {
      "closest": 3.2862610816955566,
      "centroid": 4.644982814788818,
      "furthest": 5.475493431091309
    }
  },
  "19": {
    "0": {
      "closest": -4.417126178741455,
      "centroid": -5.131230354309082,
      "furthest": -5.777204513549805
    },
    "1": {
      "closest": 3.6810216903686523,
      "centroid": 5.131230354309082,
      "furthest": 6.051801681518555
    }
  },
  "20": {
    "0": {
      "closest": -4.817458152770996,
      "centroid": -5.563514709472656,
      "furthest": -6.274178981781006
    },
    "1": {
      "closest": 3.856886148452759,
      "centroid": 5.563514709472656,
      "furthest": 6.738247871398926
    }
  },
  "21": {
    "0": {
      "closest": -5.309197902679443,
      "centroid": -6.201508045196533,
      "furthest": -6.9671831130981445
    },
    "1": {
      "closest": 4.117094039916992,
      "centroid": 6.201508045196533,
      "furthest": 7.620542526245117
    }
  },
  "22": {
    "0": {
      "closest": -5.972687721252441,
      "centroid": -6.837541580200195,
      "furthest": -7.613142013549805
    },
    "1": {
      "closest": 4.451933860778809,
      "centroid": 6.8375420570373535,
      "furthest": 8.575896263122559
    }
  },
  "23": {
    "0": {
      "closest": -6.492860317230225,
      "centroid": -7.429422378540039,
      "furthest": -8.268787384033203
    },
    "1": {
      "closest": 4.536386489868164,
      "centroid": 7.429422855377197,
      "furthest": 9.462501525878906
    }
  },
  "24": {
    "0": {
      "closest": -6.741586685180664,
      "centroid": -7.790388584136963,
      "furthest": -8.75637149810791
    },
    "1": {
      "closest": 4.514615535736084,
      "centroid": 7.790389060974121,
      "furthest": 10.088302612304688
    }
  },
  "25": {
    "0": {
      "closest": -6.900470733642578,
      "centroid": -8.07463550567627,
      "furthest": -9.226800918579102
    },
    "1": {
      "closest": 4.72985315322876,
      "centroid": 8.07463550567627,
      "furthest": 10.377275466918945
    }
  },
  "26": {
    "0": {
      "closest": -7.427679538726807,
      "centroid": -8.762685775756836,
      "furthest": -10.024908065795898
    },
    "1": {
      "closest": 5.06413459777832,
      "centroid": 8.762686729431152,
      "furthest": 11.285459518432617
    }
  },
  "27": {
    "0": {
      "closest": -7.950002670288086,
      "centroid": -9.459929466247559,
      "furthest": -10.959385871887207
    },
    "1": {
      "closest": 5.437024116516113,
      "centroid": 9.459929466247559,
      "furthest": 12.229042053222656
    }
  },
  "28": {
    "0": {
      "closest": -8.982776641845703,
      "centroid": -10.65954303741455,
      "furthest": -12.355019569396973
    },
    "1": {
      "closest": 5.971671104431152,
      "centroid": 10.65954303741455,
      "furthest": 13.835926055908203
    }
  },
  "29": {
    "0": {
      "closest": -10.254715919494629,