{
  "0": {
    "0": {
      "closest": -0.5974600937555579,
      "centroid": -0.6076252563494493,
      "furthest": -0.6168458937596762
    },
    "1": {
      "closest": 0.6254937881681923,
      "centroid": 0.6349256125587693,
      "furthest": 0.6443625058853694
    }
  },
  "1": {
    "0": {
      "closest": -0.7276335483661442,
      "centroid": -0.7409913244288377,
      "furthest": -0.7567925949569982
    },
    "1": {
      "closest": 0.7508357407692756,
      "centroid": 0.7608814327928708,
      "furthest": 0.7694977519022839
    }
  },
  "2": {
    "0": {
      "closest": -0.9900121208395661,
      "centroid": -1.0165495189638027,
      "furthest": -1.0358021064785303
    },
    "1": {
      "closest": 0.9838570863972751,
      "centroid": 0.9967917507627155,
      "furthest": 1.0100783244477631
    }
  },
  "3": {
    "0": {
      "closest": -1.1882045627654774,
      "centroid": -1.2255144817799974,
      "furthest": -1.2567816956284585
    },
    "1": {
      "closest": 1.1891773755680715,
      "centroid": 1.2052419457891832,
      "furthest": 1.223310475239694
    }
  },
  "4": {
    "0": {
      "closest": -1.4014072479457191,
      "centroid": -1.4652019089938944,
      "furthest": -1.5090222684994317
    },
    "1": {
      "closest": 1.408698606168029,
      "centroid": 1.449688477787497,
      "furthest": 1.4926353506334213
    }
  },
  "5": {
    "0": {
      "closest": -1.5273968843123957,
      "centroid": -1.588290468836003,
      "furthest": -1.6369675296056325
    },
    "1": {
      "closest": 1.5263280947826907,
      "centroid": 1.5780000523778017,
      "furthest": 1.6342138901707155
    }
  },
  "6": {
    "0": {
      "closest": -1.5155407111770394,
      "centroid": -1.606438964373713,
      "furthest": -1.669375809093505
    },
    "1": {
      "closest": 1.5375481399668425,
      "centroid": 1.5962531171741323,
      "furthest": 1.6643345556489748
    }
  },
  "7": {
    "0": {
      "closest": -1.6997205874465329,
      "centroid": -1.783899215439558,
      "furthest": -1.8510962490510556
    },
    "1": {
      "closest": 1.6813255055638656,
      "centroid": 1.7650196129579132,
      "furthest": 1.8349660021186165
    }
  },
  "8": {
    "0": {
      "closest": -1.7162382561735305,
      "centroid": -1.7927887096898774,
      "furthest": -1.8498470180370363
    },
    "1": {
      "closest": 1.691087636073073,
      "centroid": 1.7729555197769542,
      "furthest": 1.8529079794854184
    }
  },
  "9": {
    "0": {
      "closest": -1.9084551523347586,
      "centroid": -2.0480823541504543,
      "furthest": -2.146459261230746
    },
    "1": {
      "closest": 1.9657589550479693,
      "centroid": 2.053174679532039,
      "furthest": 2.124772830490552
    }
  },
  "10": {
    "0": {
      "closest": -2.03426774677317,
      "centroid": -2.241052263130978,
      "furthest": -2.3460642893621904
    },
    "1": {
      "closest": 2.1460917510286697,
      "centroid": 2.2440970368965214,
      "furthest": 2.316916522805038
    }
  },
  "11": {
    "0": {
      "closest": -2.0798150395322548,
      "centroid": -2.3059130066636815,
      "furthest": -2.4396951238463354
    },
    "1": {
      "closest": 2.2006033331308377,
      "centroid": 2.3074550412070254,
      "furthest": 2.4230313182854046
    }
  },
  "12": {
    "0": {
      "closest": -2.0097922316439107,
      "centroid": -2.3144781581578093,
      "furthest": -2.566600139120201
    },
    "1": {
      "closest": 2.13667609291853,
      "centroid": 2.317234584064988,
      "furthest": 2.582755976074655
    }
  },
  "13": {
    "0": {
      "closest": -1.9367653918706236,
      "centroid": -2.3279305001801633,
      "furthest": -2.5330656581100492
    },
    "1": {
      "closest": 2.137338849736182,
      "centroid": 2.3298020388676535,
      "furthest": 2.6076325122330988
    }
  },
  "14": {
    "0": {
      "closest": -1.8861249889806433,
      "centroid": -2.371858859113323,
      "furthest": -2.613799997089605
    },
    "1": {
      "closest": 2.114957298840847,
      "centroid": 2.373244955679389,
      "furthest": 2.957470399804034
    }
  },
  "15": {
    "0": {
      "closest": -1.9621842222926138,
      "centroid": -2.4091835445196654,
      "furthest": -2.6693610736074147
    },
    "1": {
      "closest": 2.049204846876729,
      "centroid": 2.4115278845873642,
      "furthest": 3.1169475428739077
    }
  },
  "16": {
    "0": {
      "closest": -2.2944181594125355,
      "centroid": -2.674033152577041,
      "furthest": -2.968770041772918
    },
    "1": {
      "closest": 2.173962527266517,
      "centroid": 2.6549540394694406,
      "furthest": 3.530114672265308
    }
  },
  "17": {
    "0": {
      "closest": -2.4641976953499505,
      "centroid": -2.8286038960463973,
      "furthest": -3.0963060237033018
    },
    "1": {
      "closest": 2.3015381577695937,
      "centroid": 2.825911611505225,
      "furthest": 3.835149709605698
    }
  },
  "18": {
    "0": {
      "closest": -2.5747868172149184,
      "centroid": -2.9331495446473888,
      "furthest": -3.238819035065353
    },
    "1": {
      "closest": 2.4076909916173883,
      "centroid": 2.9410820706636076,
      "furthest": 4.023765815802433
    }
  },
  "19": {
    "0": {
      "closest": -2.8537655262976305,
      "centroid": -3.1732261044287906,
      "furthest": -3.5466817026119366
    },
    "1": {
      "closest": 2.6609175017515767,
      "centroid": 3.182136365574028,
      "furthest": 4.305221522836034
    }
  },
  "20": {
    "0": {
      "closest": -3.069855105526593,
      "centroid": -3.421158153021773,
      "furthest": -3.798129953385047
    },
    "1": {
      "closest": 2.824277592895907,
      "centroid": 3.43507440593895,
      "furthest": 4.74771006602213
    }
  },
  "21": {
    "0": {
      "closest": -3.318580998116995,
      "centroid": -3.7686576235915097,
      "furthest": -4.174190787885857
    },
    "1": {
      "closest": 3.0544599612377787,
      "centroid": 3.789150775592184,
      "furthest": 5.26306953334852
    }
  },
  "22": {
    "0": {
      "closest": -3.642500670776048,
      "centroid": -4.015659530517474,
      "furthest": -4.42904112870793
    },
    "1": {
      "closest": 3.270041452543363,
      "centroid": 4.075430629858475,
      "furthest": 5.61958229575814
    }
  },
  "23": {
    "0": {
      "closest": -3.934574845831317,
      "centroid": -4.295218369743886,
      "furthest": -4.731784043637861
    },
    "1": {
      "closest": 3.4773446567100916,
      "centroid": 4.340335986659239,
      "furthest": 5.9976822394932885
    }
  },
  "24": {
    "0": {
      "closest": -4.1245562811933,
      "centroid": -4.520084603741054,
      "furthest": -4.996019467097208
    },
    "1": {
      "closest": 3.669138925866264,
      "centroid": 4.570964996993482,
      "furthest": 6.316768806103251
    }
  },
  "25": {
    "0": {
      "closest": -4.356966385094676,
      "centroid": -4.8347710352351125,
      "furthest": -5.424108458316814
    },
    "1": {
      "closest": 4.056476278590804,
      "centroid": 4.860944396992759,
      "furthest": 6.417733023839711
    }
  },
  "26": {
    "0": {
      "closest": -4.680051834980269,
      "centroid": -5.180027978242185,
      "furthest": -5.839237320252835
    },
    "1": {
      "closest": 4.370867396632033,
      "centroid": 5.204648799324071,
      "furthest": 6.845713094689454
    }
  },
  "27": {
    "0": {
      "closest": -4.957286982753596,
      "centroid": -5.504057638629693,
      "furthest": -6.225760861152114
    },
    "1": {
      "closest": 4.633268364509638,
      "centroid": 5.527786051399603,
      "furthest": 7.292825576754987
    }
  },
  "28": {
    "0": {
      "closest": -5.314101316411434,
      "centroid": -5.995525628126331,
      "furthest": -6.851170375419449
    },
    "1": {
      "closest": 5.190478024774227,
      "centroid": 6.0857838209098984,
      "furthest": 7.867265403131481
    }
  },
  "29": {
    "0": {
      "closest": -5.720516675382131,