{
  "0": {
    "0": {
      "closest": -0.5904359637456847,
      "centroid": -0.6005557707454574,
      "furthest": -0.6104474586205335
    },
    "1": {
      "closest": 0.6272013721456703,
      "centroid": 0.641554096931415,
      "furthest": 0.6523730498490884
    }
  },
  "1": {
    "0": {
      "closest": -0.7284900952050226,
      "centroid": -0.7435930999396179,
      "furthest": -0.7551862167997891
    },
    "1": {
      "closest": 0.7462049311478747,
      "centroid": 0.7600784134264137,
      "furthest": 0.7686804173468869
    }
  },
  "2": {
    "0": {
      "closest": -1.0409578795738907,
      "centroid": -1.0678642011279718,
      "furthest": -1.0912469892308951
    },
    "1": {
      "closest": 0.93313198980817,
      "centroid": 0.9479696161349943,
      "furthest": 0.9624172546150177
    }
  },
  "3": {
    "0": {
      "closest": -1.1951283727586777,
      "centroid": -1.2294065229414903,
      "furthest": -1.2631245881809257
    },
    "1": {
      "closest": 1.1732644563822543,
      "centroid": 1.195294556384965,
      "furthest": 1.216332129121856
    }
  },
  "4": {
    "0": {
      "closest": -1.3164018858835234,
      "centroid": -1.3671722393999681,
      "furthest": -1.4068777929257137
    },
    "1": {
      "closest": 1.48903780966241,
      "centroid": 1.5391864169630853,
      "furthest": 1.5839889305584782
    }
  },
  "5": {
    "0": {
      "closest": -1.48670321467032,
      "centroid": -1.5386899105726235,
      "furthest": -1.578788243597196
    },
    "1": {
      "closest": 1.543711459845392,
      "centroid": 1.6040822813869529,
      "furthest": 1.6564775552123892
    }
  },
  "6": {
    "0": {
      "closest": -1.5175400115440638,
      "centroid": -1.600370944942112,
      "furthest": -1.6641053182842498
    },
    "1": {
      "closest": 1.508136168556056,
      "centroid": 1.5733899687482689,
      "furthest": 1.641861513050742
    }
  },
  "7": {
    "0": {
      "closest": -1.6836061246399652,
      "centroid": -1.7814949040074033,
      "furthest": -1.8474877009919042
    },
    "1": {
      "closest": 1.6472336666568488,
      "centroid": 1.7276467003213036,
      "furthest": 1.7999979828442276
    }
  },
  "8": {
    "0": {
      "closest": -1.6916219528005114,
      "centroid": -1.8043620884912617,
      "furthest": -1.8855593271063964
    },
    "1": {
      "closest": 1.6554288549982092,
      "centroid": 1.7467238675761758,
      "furthest": 1.826272000027699
    }
  },
  "9": {
    "0": {
      "closest": -1.8565276985995114,
      "centroid": -2.1011807719770257,
      "furthest": -2.201381709202926
    },
    "1": {
      "closest": 1.8641651279318423,
      "centroid": 2.010382321859124,
      "furthest": 2.1108194857504348
    }
  },
  "10": {
    "0": {
      "closest": -1.9649048376340124,
      "centroid": -2.34241348046973,
      "furthest": -2.494198978165339
    },
    "1": {
      "closest": 2.0499193168203416,
      "centroid": 2.235509695598358,
      "furthest": 2.326332736164181
    }
  },
  "11": {
    "0": {
      "closest": -2.04837273489702,
      "centroid": -2.4646584213651277,
      "furthest": -2.673063913725519
    },
    "1": {
      "closest": 2.1450337734308134,
      "centroid": 2.3217463282022415,
      "furthest": 2.468386597862616
    }
  },
  "12": {
    "0": {
      "closest": -1.7792439122245738,
      "centroid": -2.528856984622376,
      "furthest": -2.831594976782699
    },
    "1": {
      "closest": 2.0906293431142355,
      "centroid": 2.411229516764812,
      "furthest": 2.6686769945758577
    }
  },
  "13": {
    "0": {
      "closest": -1.6770318060593574,
      "centroid": -2.584925065427541,
      "furthest": -2.986193952162588
    },
    "1": {
      "closest": 1.947032330972248,
      "centroid": 2.5231606999533436,
      "furthest": 2.9264612483599954
    }
  },
  "14": {
    "0": {
      "closest": -1.9347513593100611,
      "centroid": -2.8109346892922487,
      "furthest": -3.2458956345358034
    },
    "1": {
      "closest": 1.3537887992021813,
      "centroid": 2.8937743405962704,
      "furthest": 3.7549873345843685
    }
  },
  "15": {
    "0": {
      "closest": -2.152424031310626,
      "centroid": -3.002546436615661,
      "furthest": -3.475598496041246
    },
    "1": {
      "closest": 1.1133054576053332,
      "centroid": 3.0560304277986456,
      "furthest": 4.1809315356833885
    }
  },
  "16": {
    "0": {
      "closest": -2.575059310643357,
      "centroid": -3.3891319674104783,
      "furthest": -3.8443182515788465
    },
    "1": {
      "closest": 1.1815612844768544,
      "centroid": 3.38670186674822,
      "furthest": 4.4965820724919485
    }
  },
  "17": {
    "0": {
      "closest": -2.716545410587667,
      "centroid": -3.52534588942494,
      "furthest": -3.944846801807161
    },
    "1": {
      "closest": 1.375324983533253,
      "centroid": 3.6591503556116707,
      "furthest": 4.830786474740332
    }
  },
  "18": {
    "0": {
      "closest": -2.8668827162142847,
      "centroid": -3.719122150725711,
      "furthest": -4.166356216839156
    },
    "1": {
      "closest": 1.4705866063095396,
      "centroid": 3.9005268895052723,
      "furthest": 5.3687869983927
    }
  },
  "19": {
    "0": {
      "closest": -3.240505814379663,
      "centroid": -4.035566462758727,
      "furthest": -4.478483876316993
    },
    "1": {
      "closest": 1.652490961923458,
      "centroid": 4.242257710495411,
      "furthest": 5.8260526235846
    }
  },
  "20": {
    "0": {
      "closest": -3.5361597183132747,
      "centroid": -4.341316143241263,
      "furthest": -4.790447288148496
    },
    "1": {
      "closest": 1.7914911744807525,
      "centroid": 4.628183828010582,
      "furthest": 6.377101511447005
    }
  },
  "21": {
    "0": {
      "closest": -3.9242603413406,
      "centroid": -4.748252638131763,
      "furthest": -5.182065419776161
    },
    "1": {
      "closest": 1.9233515592012709,
      "centroid": 5.103255142827509,
      "furthest": 7.086566041419447
    }
  },
  "22": {
    "0": {
      "closest": -4.250654605704012,
      "centroid": -5.072614010216764,
      "furthest": -5.551891167782001
    },
    "1": {
      "closest": 2.1530185014448873,
      "centroid": 5.414269602251554,
      "furthest": 7.3557990660271955
    }
  },
  "23": {
    "0": {
      "closest": -4.696665375874725,
      "centroid": -5.464962665988837,
      "furthest": -5.975434197297995
    },
    "1": {
      "closest": 2.2170963807739024,
      "centroid": 5.803740913641827,
      "furthest": 7.922492136135276
    }
  },
  "24": {
    "0": {
      "closest": -4.921224041449375,
      "centroid": -5.747574538302797,
      "furthest": -6.338366631124067
    },
    "1": {
      "closest": 2.3441422100347657,
      "centroid": 6.129403469956907,
      "furthest": 8.271220094040736
    }
  },
  "25": {
    "0": {
      "closest": -4.979118674364846,
      "centroid": -6.016689487634258,
      "furthest": -6.795304680237182
    },
    "1": {
      "closest": 2.784248461859428,
      "centroid": 6.411277937185591,
      "furthest": 8.335584954447317
    }
  },
  "26": {
    "0": {
      "closest": -5.265950292349619,
      "centroid": -6.4792274796002065,
      "furthest": -7.331828136229532
    },
    "1": {
      "closest": 3.0256182186070735,
      "centroid": 6.889184488147234,
      "furthest": 8.88837562944518
    }
  },
  "27": {
    "0": {
      "closest": -5.561346791586754,
      "centroid": -6.863330674035837,
      "furthest": -7.786076329208312
    },
    "1": {
      "closest": 3.2054776830633904,
      "centroid": 7.3177207948474345,
      "furthest": 9.457080173210025
    }
  },
  "28": {
    "0": {
      "closest": -5.923608476622678,
      "centroid": -7.523703693550541,
      "furthest": -8.76164214308044
    },
    "1": {
      "closest": 3.714285290632871,
      "centroid": 7.971203604599228,
      "furthest": 10.21187580134663
    }
  },
  "29": {
    "0": {
      "closest": -6.42256767916603,