{
  "0": {
    "0": {
      "closest": -0.000501386821269989,
      "centroid": -0.01938495598733425,
      "furthest": -0.0484040193259716
    },
    "1": {
      "closest": -0.001294515561312437,
      "centroid": 0.019317813217639923,
      "furthest": 0.052783504128456116
    }
  },
  "1": {
    "0": {
      "closest": -0.0008951239287853241,
      "centroid": -0.028819486498832703,
      "furthest": -0.06524166464805603
    },
    "1": {
      "closest": -0.0011223405599594116,
      "centroid": 0.02903221920132637,
      "furthest": 0.08331882953643799
    }
  },
  "2": {
    "0": {
      "closest": -0.005321461707353592,
      "centroid": -0.04923052713274956,
      "furthest": -0.11618586629629135
    },
    "1": {
      "closest": -0.00013555586338043213,
      "centroid": 0.04952066391706467,
      "furthest": 0.1295059770345688
    }
  },
  "3": {
    "0": {
      "closest": -0.016719020903110504,
      "centroid": -0.08868441730737686,
      "furthest": -0.20755277574062347
    },
    "1": {
      "closest": 0.013701846823096275,
      "centroid": 0.08904004842042923,
      "furthest": 0.237889364361763
    }
  },
  "4": {
    "0": {
      "closest": -0.01719241961836815,
      "centroid": -0.11838183552026749,
      "furthest": -0.2841339111328125
    },
    "1": {
      "closest": 0.015972889959812164,
      "centroid": 0.12146133184432983,
      "furthest": 0.3387995958328247
    }
  },
  "5": {
    "0": {
      "closest": -0.023555604740977287,
      "centroid": -0.15842770040035248,
      "furthest": -0.38559165596961975
    },
    "1": {
      "closest": 0.024532267823815346,
      "centroid": 0.15719692409038544,
      "furthest": 0.4032417833805084
    }
  },
  "6": {
    "0": {
      "closest": -0.0345623679459095,
      "centroid": -0.2030075639486313,
      "furthest": -0.47220876812934875
    },
    "1": {
      "closest": 0.029125526547431946,
      "centroid": 0.2000298649072647,
      "furthest": 0.4613567292690277
    }
  },
  "7": {
    "0": {
      "closest": -0.04185699671506882,
      "centroid": -0.23855891823768616,
      "furthest": -0.5422693490982056
    },
    "1": {
      "closest": 0.03548344597220421,
      "centroid": 0.23158515989780426,
      "furthest": 0.5724272131919861
    }
  },
  "8": {
    "0": {
      "closest": -0.04905266687273979,
      "centroid": -0.2766091823577881,
      "furthest": -0.6362308859825134
    },
    "1": {
      "closest": 0.04385281354188919,
      "centroid": 0.26145946979522705,
      "furthest": 0.5945864915847778
    }
  },
  "9": {
    "0": {
      "closest": 0.0020464700646698475,
      "centroid": -0.20417533814907074,
      "furthest": -0.4854787588119507
    },
    "1": {
      "closest": -0.0012828554026782513,
      "centroid": 0.1923886090517044,
      "furthest": 0.4304312467575073
    }
  },
  "10": {
    "0": {
      "closest": -0.001893914770334959,
      "centroid": -0.22845043241977692,
      "furthest": -0.5238710045814514
    },
    "1": {
      "closest": 0.013358797878026962,
      "centroid": 0.20679591596126556,
      "furthest": 0.4620800316333771
    }
  },
  "11": {
    "0": {
      "closest": -0.04687649756669998,
      "centroid": -0.30923593044281006,
      "furthest": -0.69489586353302
    },
    "1": {
      "closest": 0.04511666297912598,
      "centroid": 0.27640560269355774,
      "furthest": 0.6486338376998901
    }
  },
  "12": {
    "0": {
      "closest": -0.0028009526431560516,
      "centroid": -0.2561239004135132,
      "furthest": -0.5609820485115051
    },
    "1": {
      "closest": 0.0011988840997219086,
      "centroid": 0.23354266583919525,
      "furthest": 0.5514147281646729
    }
  },
  "13": {
    "0": {
      "closest": 0.003323882818222046,
      "centroid": -0.2683749794960022,
      "furthest": -0.5524520874023438
    },
    "1": {
      "closest": -0.0022639185190200806,
      "centroid": 0.24239449203014374,
      "furthest": 0.578856885433197
    }
  },
  "14": {
    "0": {
      "closest": -0.001057356595993042,
      "centroid": -0.26967889070510864,
      "furthest": -0.5530002117156982
    },
    "1": {
      "closest": -0.001544557511806488,
      "centroid": 0.2472010850906372,
      "furthest": 0.5603983402252197
    }
  },
  "15": {
    "0": {
      "closest": -0.065064437687397,
      "centroid": -0.38803520798683167,
      "furthest": -0.8418475985527039
    },
    "1": {
      "closest": 0.06640718877315521,
      "centroid": 0.356801837682724,
      "furthest": 0.818178653717041
    }
  },
  "16": {
    "0": {
      "closest": -0.001120429951697588,
      "centroid": -0.3244304358959198,
      "furthest": -0.7070229053497314
    },
    "1": {
      "closest": -0.001281494740396738,
      "centroid": 0.30497777462005615,
      "furthest": 0.7580907940864563
    }
  },
  "17": {
    "0": {
      "closest": 0.009469294920563698,
      "centroid": -0.3887978494167328,
      "furthest": -0.8128820657730103
    },
    "1": {
      "closest": -0.001599140465259552,
      "centroid": 0.36415621638298035,
      "furthest": 0.8608483672142029
    }
  },
  "18": {
    "0": {
      "closest": 0.011201977729797363,
      "centroid": -0.4174792170524597,
      "furthest": -0.9051759243011475
    },
    "1": {
      "closest": 0.010888813063502312,
      "centroid": 0.393403023481369,
      "furthest": 0.8732950687408447
    }
  },
  "19": {
    "0": {
      "closest": 0.002389580011367798,
      "centroid": -0.45047950744628906,
      "furthest": -0.969420850276947
    },
    "1": {
      "closest": 0.0143970288336277,
      "centroid": 0.42204466462135315,
      "furthest": 0.9723278880119324
    }
  },
  "20": {
    "0": {
      "closest": 0.004124585539102554,
      "centroid": -0.48851245641708374,
      "furthest": -1.041664481163025
    },
    "1": {
      "closest": 0.013264670968055725,
      "centroid": 0.456254780292511,
      "furthest": 1.0379976034164429
    }
  },
  "21": {
    "0": {
      "closest": -0.07086503505706787,
      "centroid": -0.61378413438797,
      "furthest": -1.280451774597168
    },
    "1": {
      "closest": 0.08778753876686096,
      "centroid": 0.5689689517021179,
      "furthest": 1.2486916780471802
    }
  },
  "22": {
    "0": {
      "closest": -0.06047326698899269,
      "centroid": -0.6572077870368958,
      "furthest": -1.37479829788208
    },
    "1": {
      "closest": 0.0883622020483017,
      "centroid": 0.6125897169113159,
      "furthest": 1.3358670473098755
    }
  },
  "23": {
    "0": {
      "closest": -0.07663428783416748,
      "centroid": -0.7097509503364563,
      "furthest": -1.474743127822876
    },
    "1": {
      "closest": 0.09386738389730453,
      "centroid": 0.6612805128097534,
      "furthest": 1.476845383644104
    }
  },
  "24": {
    "0": {
      "closest": -0.08441375941038132,
      "centroid": -0.7450006008148193,
      "furthest": -1.5583324432373047
    },
    "1": {
      "closest": 0.10116586834192276,
      "centroid": 0.6917717456817627,
      "furthest": 1.5084912776947021
    }
  },
  "25": {
    "0": {
      "closest": -0.03708188980817795,
      "centroid": -0.7468719482421875,
      "furthest": -1.5403239727020264
    },
    "1": {
      "closest": 0.06403341144323349,
      "centroid": 0.6886454820632935,
      "furthest": 1.4664506912231445
    }
  },
  "26": {
    "0": {
      "closest": -0.09434323757886887,
      "centroid": -0.859415590763092,
      "furthest": -1.8303072452545166
    },
    "1": {
      "closest": 0.10837108641862869,
      "centroid": 0.7913580536842346,
      "furthest": 1.6625661849975586
    }
  },
  "27": {
    "0": {
      "closest": -0.09682760387659073,
      "centroid": -0.921500027179718,
      "furthest": -2.0233609676361084
    },
    "1": {
      "closest": 0.10716693848371506,
      "centroid": 0.8413171172142029,
      "furthest": 1.84022855758667
    }
  },
  "28": {
    "0": {
      "closest": -0.12148400396108627,
      "centroid": -0.9921033978462219,