{
  "0": {
    "acc": 0.9925,
    "precision": 0.9949748743718593,
    "recall": 0.99,
    "f1": 0.9924812030075187,
    "auc": 0.99935,
    "mse": 0.012819805623475542
  },
  "1": {
    "acc": 0.9975,
    "precision": 1.0,
    "recall": 0.995,
    "f1": 0.9974937343358395,
    "auc": 0.9999750000000001,
    "mse": 0.005569355186389389
  },
  "2": {
    "acc": 0.99875,
    "precision": 1.0,
    "recall": 0.9975,
    "f1": 0.9987484355444305,
    "auc": 1.0,
    "mse": 0.0028702516065636455
  },
  "3": {
    "acc": 1.0,
    "precision": 1.0,
    "recall": 1.0,
    "f1": 1.0,
    "auc": 1.0,
    "mse": 0.0006711369834883407
  },
  "4": {
    "acc": 1.0,
    "precision": 1.0,
    "recall": 1.0,
    "f1": 1.0,
    "auc": 1.0,
    "mse": 0.0011045753174908596
  },
  "5": {
    "acc": 1.0,
    "precision": 1.0,
    "recall": 1.0,
    "f1": 1.0,
    "auc": 1.0,
    "mse": 0.0007278795714605368
  },
  "6": {
    "acc": 1.0,
    "precision": 1.0,
    "recall": 1.0,
    "f1": 1.0,
    "auc": 1.0,
    "mse": 0.0007320726774851407
  },
  "7": {
    "acc": 1.0,
    "precision": 1.0,
    "recall": 1.0,
    "f1": 1.0,
    "auc": 1.0,
    "mse": 0.0005858289493022112
  },
  "8": {
    "acc": 1.0,
    "precision": 1.0,
    "recall": 1.0,
    "f1": 1.0,
    "auc": 1.0,
    "mse": 0.0003183132296123585
  },
  "9": {
    "acc": 0.995,
    "precision": 0.9974874371859297,
    "recall": 0.9925,
    "f1": 0.9949874686716792,
    "auc": 0.99996875,
    "mse": 0.005385003330123356
  },
  "10": {
    "acc": 0.99625,
    "precision": 1.0,
    "recall": 0.9925,
    "f1": 0.9962358845671268,
    "auc": 0.99994375,
    "mse": 0.005616530182367343
  },
  "11": {
    "acc": 1.0,
    "precision": 1.0,
    "recall": 1.0,
    "f1": 1.0,
    "auc": 1.0,
    "mse": 0.0005314438799356598
  },
  "12": {
    "acc": 0.99875,
    "precision": 1.0,
    "recall": 0.9975,
    "f1": 0.9987484355444305,
    "auc": 0.99999375,
    "mse": 0.004485492536013797
  },
  "13": {
    "acc": 0.995,
    "precision": 0.9974874371859297,
    "recall": 0.9925,
    "f1": 0.9949874686716792,
    "auc": 0.99998125,
    "mse": 0.004455564125124242
  },
  "14": {
    "acc": 0.9975,
    "precision": 1.0,
    "recall": 0.995,
    "f1": 0.9974937343358395,
    "auc": 0.9999875,
    "mse": 0.004129515650598
  },
  "15": {
    "acc": 1.0,
    "precision": 1.0,
    "recall": 1.0,
    "f1": 1.0,
    "auc": 1.0,
    "mse": 0.00041232479522802193
  },
  "16": {
    "acc": 0.99875,
    "precision": 1.0,
    "recall": 0.9975,
    "f1": 0.9987484355444305,
    "auc": 0.99999375,
    "mse": 0.003651137310491977
  },
  "17": {
    "acc": 0.9975,
    "precision": 0.9975,
    "recall": 0.9975,
    "f1": 0.9975,
    "auc": 0.99999375,
    "mse": 0.0034808618698485383
  },
  "18": {
    "acc": 0.99875,
    "precision": 0.9975062344139651,
    "recall": 1.0,
    "f1": 0.9987515605493134,
    "auc": 0.99999375,
    "mse": 0.0032605328840371317
  },
  "19": {
    "acc": 0.99875,
    "precision": 0.9975062344139651,
    "recall": 1.0,
    "f1": 0.9987515605493134,
    "auc": 1.0,
    "mse": 0.0028952800145783707
  },
  "20": {
    "acc": 0.99875,
    "precision": 0.9975062344139651,
    "recall": 1.0,
    "f1": 0.9987515605493134,
    "auc": 1.0,
    "mse": 0.0026621225423593495
  },
  "21": {
    "acc": 1.0,
    "precision": 1.0,
    "recall": 1.0,
    "f1": 1.0,
    "auc": 1.0,
    "mse": 0.0007848836963083804
  },
  "22": {
    "acc": 1.0,
    "precision": 1.0,
    "recall": 1.0,
    "f1": 1.0,
    "auc": 1.0,
    "mse": 0.0009559397221881838
  },
  "23": {
    "acc": 1.0,
    "precision": 1.0,
    "recall": 1.0,
    "f1": 1.0,
    "auc": 1.0,
    "mse": 0.0009813654434388604
  },
  "24": {
    "acc": 1.0,
    "precision": 1.0,
    "recall": 1.0,
    "f1": 1.0,
    "auc": 1.0,
    "mse": 0.0009720650881134416
  },
  "25": {
    "acc": 1.0,
    "precision": 1.0,
    "recall": 1.0,
    "f1": 1.0,
    "auc": 1.0,
    "mse": 0.0021360642857434892
  },
  "26": {
    "acc": 1.0,
    "precision": 1.0,
    "recall": 1.0,
    "f1": 1.0,
    "auc": 1.0,
    "mse": 0.001132988696460812
  },
  "27": {
    "acc": 1.0,
    "precision": 1.0,
    "recall": 1.0,
    "f1": 1.0,
    "auc": 1.0,
    "mse": 0.0012150774522205387
  },
  "28": {
    "acc": 1.0,
    "precision": 1.0,
    "recall": 1.0,
    "f1": 1.0,
    "auc": 1.0,
    "mse": 0.0010863471601009536
  },
  "29": {
    "acc": 1.0,
    "precision": 1.0,
    "recall": 1.0,
    "f1": 1.0,
    "auc": 1.0,
    "mse": 0.0018339382204909807
  },
  "30": {
    "acc": 1.0,
    "precision": 1.0,
    "recall": 1.0,
    "f1": 1.0,
    "auc": 1.0,
    "mse": 0.0006689837624805479
  },
  "31": {
    "acc": 1.0,
    "precision": 1.0,
    "recall": 1.0,
    "f1": 1.0,
    "auc": 1.0,
    "mse": 0.00038488215004933517
  },
  "aggregation": {
    "acc": 100.0,
    "precision": 1.0,
    "recall": 1.0,
    "f1": 1.0,
    "auc": 1.0,
    "mse": 0.0018104872173331438
  }
}