{
  "0": {
    "0": {
      "closest": 3.9584701880812645e-05,
      "centroid": -0.04597239941358566,
      "furthest": -0.19674639403820038
    },
    "1": {
      "closest": -1.2296950444579124e-05,
      "centroid": 0.045972395688295364,
      "furthest": 0.11291362345218658
    }
  },
  "1": {
    "0": {
      "closest": -0.0006187548860907555,
      "centroid": -0.08581690490245819,
      "furthest": -0.31666964292526245
    },
    "1": {
      "closest": 0.0002416139468550682,
      "centroid": 0.08581691235303879,
      "furthest": 0.21772098541259766
    }
  },
  "2": {
    "0": {
      "closest": 0.00011863745748996735,
      "centroid": -0.14209628105163574,
      "furthest": -0.5181944370269775
    },
    "1": {
      "closest": 0.0002627447247505188,
      "centroid": 0.14209628105163574,
      "furthest": 0.40939903259277344
    }
  },
  "3": {
    "0": {
      "closest": 0.000235091894865036,
      "centroid": -0.24073898792266846,
      "furthest": -0.6635991334915161
    },
    "1": {
      "closest": -0.003283263184130192,
      "centroid": 0.24073898792266846,
      "furthest": 0.6720064878463745
    }
  },
  "4": {
    "0": {
      "closest": -0.0016017863526940346,
      "centroid": -0.3320859670639038,
      "furthest": -0.8334249258041382
    },
    "1": {
      "closest": 0.0033734478056430817,
      "centroid": 0.3320859968662262,
      "furthest": 0.8451343178749084
    }
  },
  "5": {
    "0": {
      "closest": -0.00018870830535888672,
      "centroid": -0.3974665105342865,
      "furthest": -0.9720938801765442
    },
    "1": {
      "closest": -0.0014899428933858871,
      "centroid": 0.3974665403366089,
      "furthest": 1.0092923641204834
    }
  },
  "6": {
    "0": {
      "closest": -0.005999431945383549,
      "centroid": -0.47957107424736023,
      "furthest": -1.209588646888733
    },
    "1": {
      "closest": -0.0010805949568748474,
      "centroid": 0.47957107424736023,
      "furthest": 1.1075849533081055
    }
  },
  "7": {
    "0": {
      "closest": 0.0045329127460718155,
      "centroid": -0.5487769842147827,
      "furthest": -1.304534673690796
    },
    "1": {
      "closest": -0.008031871169805527,
      "centroid": 0.5487770438194275,
      "furthest": 1.231985092163086
    }
  },
  "8": {
    "0": {
      "closest": 0.007852132432162762,
      "centroid": -0.5965872406959534,
      "furthest": -1.4155640602111816
    },
    "1": {
      "closest": 0.003791654482483864,
      "centroid": 0.5965872406959534,
      "furthest": 1.3162167072296143
    }
  },
  "9": {
    "0": {
      "closest": 0.016481492668390274,
      "centroid": -0.6556005477905273,
      "furthest": -1.532010555267334
    },
    "1": {
      "closest": -2.9439106583595276e-05,
      "centroid": 0.6556006073951721,
      "furthest": 1.4619197845458984
    }
  },
  "10": {
    "0": {
      "closest": -0.012053322046995163,
      "centroid": -0.696358323097229,
      "furthest": -1.6506978273391724
    },
    "1": {
      "closest": -0.000330556184053421,
      "centroid": 0.696358323097229,
      "furthest": 1.514352560043335
    }
  },
  "11": {
    "0": {
      "closest": 0.0002474188804626465,
      "centroid": -0.7183883786201477,
      "furthest": -1.7361475229263306
    },
    "1": {
      "closest": -0.0038888994604349136,
      "centroid": 0.7183884382247925,
      "furthest": 1.5831031799316406
    }
  },
  "12": {
    "0": {
      "closest": -0.008509248495101929,
      "centroid": -0.8539133071899414,
      "furthest": -1.8955698013305664
    },
    "1": {
      "closest": 0.0009019039571285248,
      "centroid": 0.853913426399231,
      "furthest": 1.8495681285858154
    }
  },
  "13": {
    "0": {
      "closest": -0.01568448543548584,
      "centroid": -0.9078249335289001,
      "furthest": -1.912118673324585
    },
    "1": {
      "closest": -0.00015638209879398346,
      "centroid": 0.9078249335289001,
      "furthest": 1.9937424659729004
    }
  },
  "14": {
    "0": {
      "closest": -0.007393278181552887,
      "centroid": -0.9533181190490723,
      "furthest": -1.9719847440719604
    },
    "1": {
      "closest": -0.009286418557167053,
      "centroid": 0.9533179998397827,
      "furthest": 2.1012182235717773
    }
  },
  "15": {
    "0": {
      "closest": 0.04056062549352646,
      "centroid": -1.093212366104126,
      "furthest": -2.31890869140625
    },
    "1": {
      "closest": 0.0011883266270160675,
      "centroid": 1.093212366104126,
      "furthest": 2.420219898223877
    }
  },
  "16": {
    "0": {
      "closest": -0.029621006920933723,
      "centroid": -1.1574047803878784,
      "furthest": -2.5021090507507324
    },
    "1": {
      "closest": -0.018103353679180145,
      "centroid": 1.1574047803878784,
      "furthest": 2.602137565612793
    }
  },
  "17": {
    "0": {
      "closest": 0.06825226545333862,
      "centroid": -1.3513003587722778,
      "furthest": -2.834643840789795
    },
    "1": {
      "closest": -0.0028152912855148315,
      "centroid": 1.3513003587722778,
      "furthest": 3.102780818939209
    }
  },
  "18": {
    "0": {
      "closest": 0.041695136576890945,
      "centroid": -1.4451419115066528,
      "furthest": -3.090775966644287
    },
    "1": {
      "closest": -0.0058371759951114655,
      "centroid": 1.4451420307159424,
      "furthest": 3.3591246604919434
    }
  },
  "19": {
    "0": {
      "closest": 0.037249933928251266,
      "centroid": -1.5686142444610596,
      "furthest": -3.1561684608459473
    },
    "1": {
      "closest": 0.002114139497280121,
      "centroid": 1.5686142444610596,
      "furthest": 3.6585662364959717
    }
  },
  "20": {
    "0": {
      "closest": 0.013399593532085419,
      "centroid": -1.7134665250778198,
      "furthest": -3.419154167175293
    },
    "1": {
      "closest": -0.010199356824159622,
      "centroid": 1.7134665250778198,
      "furthest": 4.119187831878662
    }
  },
  "21": {
    "0": {
      "closest": 0.04561460018157959,
      "centroid": -1.947731852531433,
      "furthest": -3.9957666397094727
    },
    "1": {
      "closest": 0.0003255847841501236,
      "centroid": 1.947731852531433,
      "furthest": 4.8679656982421875
    }
  },
  "22": {
    "0": {
      "closest": -0.04652322083711624,
      "centroid": -2.0980913639068604,
      "furthest": -4.414547920227051
    },
    "1": {
      "closest": 0.01374046504497528,
      "centroid": 2.0980913639068604,
      "furthest": 5.245359897613525
    }
  },
  "23": {
    "0": {
      "closest": -0.01854797452688217,
      "centroid": -2.2634434700012207,
      "furthest": -4.764161586761475
    },
    "1": {
      "closest": -0.035065267235040665,
      "centroid": 2.2634434700012207,
      "furthest": 5.66312313079834
    }
  },
  "24": {
    "0": {
      "closest": -0.06055568903684616,
      "centroid": -2.3878705501556396,
      "furthest": -5.052335739135742
    },
    "1": {
      "closest": 0.0166267491877079,
      "centroid": 2.3878705501556396,
      "furthest": 5.928114414215088
    }
  },
  "25": {
    "0": {
      "closest": -0.06788170337677002,
      "centroid": -2.5942351818084717,
      "furthest": -5.3786797523498535
    },
    "1": {
      "closest": 0.0003132671117782593,
      "centroid": 2.594235420227051,
      "furthest": 6.5623273849487305
    }
  },
  "26": {
    "0": {
      "closest": -0.026253916323184967,
      "centroid": -2.72198224067688,
      "furthest": -5.498791694641113
    },
    "1": {
      "closest": 0.01029636338353157,
      "centroid": 2.72198224067688,
      "furthest": 6.974482536315918
    }
  },
  "27": {
    "0": {
      "closest": 0.0020094774663448334,
      "centroid": -2.8444924354553223,
      "furthest": -5.726193428039551
    },
    "1": {
      "closest": -0.019366398453712463,
      "centroid": 2.8444924354553223,
      "furthest": 7.295937538146973
    }
  },
  "28": {
    "0": {
      "closest": -0.1099887266755104,
      "centroid": -3.083336353302002,
      "furthest": -6.28122615814209
    },