{
  "0": {
    "0": {
      "closest": -0.5907372713724217,
      "centroid": -0.599679150444614,
      "furthest": -0.6101968346575404
    },
    "1": {
      "closest": 0.6306918949329867,
      "centroid": 0.6431652669408972,
      "furthest": 0.6525370393627975
    }
  },
  "1": {
    "0": {
      "closest": -0.7221973436822129,
      "centroid": -0.7412317833913185,
      "furthest": -0.7526157116707274
    },
    "1": {
      "closest": 0.7526669169155626,
      "centroid": 0.7632802750090119,
      "furthest": 0.7722243709624728
    }
  },
  "2": {
    "0": {
      "closest": -1.0444200145451892,
      "centroid": -1.06348378590887,
      "furthest": -1.0825195029461718
    },
    "1": {
      "closest": 0.9373768171773016,
      "centroid": 0.949324375966389,
      "furthest": 0.9622120739369274
    }
  },
  "3": {
    "0": {
      "closest": -1.1841644258851742,
      "centroid": -1.2272609770669034,
      "furthest": -1.2569167479847017
    },
    "1": {
      "closest": 1.1753659862226462,
      "centroid": 1.198485580574552,
      "furthest": 1.2156225968281946
    }
  },
  "4": {
    "0": {
      "closest": -1.2901939402985945,
      "centroid": -1.3666149039493154,
      "furthest": -1.4035016986951656
    },
    "1": {
      "closest": 1.492729288303144,
      "centroid": 1.5414210314620762,
      "furthest": 1.5927773254471063
    }
  },
  "5": {
    "0": {
      "closest": -1.464036863978369,
      "centroid": -1.543382949321879,
      "furthest": -1.5732087199955709
    },
    "1": {
      "closest": 1.5549163408173867,
      "centroid": 1.603670367747278,
      "furthest": 1.6482241600867684
    }
  },
  "6": {
    "0": {
      "closest": -1.5349483111152868,
      "centroid": -1.6078266032276678,
      "furthest": -1.6620305660345875
    },
    "1": {
      "closest": 1.4975071291902586,
      "centroid": 1.564926343789987,
      "furthest": 1.6200720496462875
    }
  },
  "7": {
    "0": {
      "closest": -1.7002199626827088,
      "centroid": -1.7833951313081482,
      "furthest": -1.842738745457722
    },
    "1": {
      "closest": 1.6335880330812236,
      "centroid": 1.724075249510147,
      "furthest": 1.8025486304818283
    }
  },
  "8": {
    "0": {
      "closest": -1.6955816936456332,
      "centroid": -1.8033365099580436,
      "furthest": -1.8623158809159788
    },
    "1": {
      "closest": 1.6646358309555596,
      "centroid": 1.7453417623415948,
      "furthest": 1.828561569004765
    }
  },
  "9": {
    "0": {
      "closest": -1.8661169214874955,
      "centroid": -2.086382535814565,
      "furthest": -2.202518393843956
    },
    "1": {
      "closest": 1.8211256349979568,
      "centroid": 1.9974037183731002,
      "furthest": 2.095243387343248
    }
  },
  "10": {
    "0": {
      "closest": -2.0126008956487214,
      "centroid": -2.306977638010664,
      "furthest": -2.456468361372886
    },
    "1": {
      "closest": 2.055664262161115,
      "centroid": 2.2028728433110945,
      "furthest": 2.306536137950746
    }
  },
  "11": {
    "0": {
      "closest": -2.0844337086523987,
      "centroid": -2.4464224669104233,
      "furthest": -2.6367391915829677
    },
    "1": {
      "closest": 2.0953402808714365,
      "centroid": 2.287783870449688,
      "furthest": 2.4321384620023725
    }
  },
  "12": {
    "0": {
      "closest": -1.8135651744027768,
      "centroid": -2.5033907034199014,
      "furthest": -2.7813561651427388
    },
    "1": {
      "closest": 1.9637895175767834,
      "centroid": 2.34121186284727,
      "furthest": 2.599910426962443
    }
  },
  "13": {
    "0": {
      "closest": -1.685572476569881,
      "centroid": -2.5581441360756383,
      "furthest": -2.927121314234
    },
    "1": {
      "closest": 1.8311294619903309,
      "centroid": 2.462570870039619,
      "furthest": 2.889149008040843
    }
  },
  "14": {
    "0": {
      "closest": -1.679492342138341,
      "centroid": -2.7667250556098937,
      "furthest": -3.2225220070742417
    },
    "1": {
      "closest": 1.6122584314630664,
      "centroid": 2.791388387155389,
      "furthest": 3.8887989003580383
    }
  },
  "15": {
    "0": {
      "closest": -1.8973950118194578,
      "centroid": -2.931288492746594,
      "furthest": -3.322943879146834
    },
    "1": {
      "closest": 1.3989238321453552,
      "centroid": 2.9374433033578464,
      "furthest": 4.183716226971086
    }
  },
  "16": {
    "0": {
      "closest": -2.269473447486611,
      "centroid": -3.2903102045949266,
      "furthest": -3.7466480996349856
    },
    "1": {
      "closest": 1.5728966432359428,
      "centroid": 3.270224333509134,
      "furthest": 4.351222263735471
    }
  },
  "17": {
    "0": {
      "closest": -2.4014402076492596,
      "centroid": -3.4142686020858473,
      "furthest": -3.832371065596475
    },
    "1": {
      "closest": 1.6869174321510245,
      "centroid": 3.533475760777502,
      "furthest": 4.672807048880764
    }
  },
  "18": {
    "0": {
      "closest": -2.5173409512049028,
      "centroid": -3.5618562735215393,
      "furthest": -3.9816568269868595
    },
    "1": {
      "closest": 1.801062981454506,
      "centroid": 3.722602442503569,
      "furthest": 5.091644194733912
    }
  },
  "19": {
    "0": {
      "closest": -2.9576348440776963,
      "centroid": -3.852457784603299,
      "furthest": -4.348292888933127
    },
    "1": {
      "closest": 1.9807495477757757,
      "centroid": 4.030525240939526,
      "furthest": 5.55434131285464
    }
  },
  "20": {
    "0": {
      "closest": -3.240383244770295,
      "centroid": -4.138187503475039,
      "furthest": -4.618399858872503
    },
    "1": {
      "closest": 2.1829928280184405,
      "centroid": 4.389518777747155,
      "furthest": 6.143465935529781
    }
  },
  "21": {
    "0": {
      "closest": -3.5871232480097923,
      "centroid": -4.52440032236112,
      "furthest": -4.98050924646167
    },
    "1": {
      "closest": 2.462159569304688,
      "centroid": 4.783225419024093,
      "furthest": 6.789502737890478
    }
  },
  "22": {
    "0": {
      "closest": -3.926280810942932,
      "centroid": -4.810876485369248,
      "furthest": -5.304947198289856
    },
    "1": {
      "closest": 2.691218456842946,
      "centroid": 5.089889362168906,
      "furthest": 7.190790422968349
    }
  },
  "23": {
    "0": {
      "closest": -4.330735537797177,
      "centroid": -5.154251296310801,
      "furthest": -5.672715205312686
    },
    "1": {
      "closest": 2.8886673900873947,
      "centroid": 5.410057444896183,
      "furthest": 7.680529976617558
    }
  },
  "24": {
    "0": {
      "closest": -4.570661690850263,
      "centroid": -5.409003721657082,
      "furthest": -5.988395292207122
    },
    "1": {
      "closest": 3.0246338815288176,
      "centroid": 5.700187105629885,
      "furthest": 8.004550569715882
    }
  },
  "25": {
    "0": {
      "closest": -4.718793666078916,
      "centroid": -5.684363326154778,
      "furthest": -6.4161977730922315
    },
    "1": {
      "closest": 3.3710212246774613,
      "centroid": 5.9966512609960265,
      "furthest": 8.114548452970132
    }
  },
  "26": {
    "0": {
      "closest": -5.039712438647708,
      "centroid": -6.117724538904379,
      "furthest": -6.971031619914445
    },
    "1": {
      "closest": 3.6588296737125274,
      "centroid": 6.437374230442822,
      "furthest": 8.64815873405491
    }
  },
  "27": {
    "0": {
      "closest": -5.3259024292372485,
      "centroid": -6.507602004660153,
      "furthest": -7.440024165308673
    },
    "1": {
      "closest": 3.823187844700786,
      "centroid": 6.850714504169532,
      "furthest": 9.192797804480985
    }
  },
  "28": {
    "0": {
      "closest": -5.717629342821752,
      "centroid": -7.133129619132044,
      "furthest": -8.35723847453779
    },
    "1": {
      "closest": 4.3196310901675306,
      "centroid": 7.470879972395708,
      "furthest": 9.927202620076047
    }
  },
  "29": {
    "0": {
      "closest": -6.125168823051654,