{
  "0": {
    "0": {
      "closest": -0.5982272624969482,
      "centroid": -0.6107885837554932,
      "furthest": -0.6245495080947876
    },
    "1": {
      "closest": 0.5925339460372925,
      "centroid": 0.6107885837554932,
      "furthest": 0.6235722899436951
    }
  },
  "1": {
    "0": {
      "closest": -0.7282873392105103,
      "centroid": -0.745234489440918,
      "furthest": -0.7608466744422913
    },
    "1": {
      "closest": 0.730797529220581,
      "centroid": 0.745234489440918,
      "furthest": 0.7563444375991821
    }
  },
  "2": {
    "0": {
      "closest": -0.9518365859985352,
      "centroid": -0.9777544140815735,
      "furthest": -1.0041115283966064
    },
    "1": {
      "closest": 0.9610517024993896,
      "centroid": 0.9777544736862183,
      "furthest": 0.989839494228363
    }
  },
  "3": {
    "0": {
      "closest": -1.0761998891830444,
      "centroid": -1.1382861137390137,
      "furthest": -1.171609878540039
    },
    "1": {
      "closest": 1.1097948551177979,
      "centroid": 1.1382861137390137,
      "furthest": 1.1605770587921143
    }
  },
  "4": {
    "0": {
      "closest": -1.3135414123535156,
      "centroid": -1.38005530834198,
      "furthest": -1.4330646991729736
    },
    "1": {
      "closest": 1.306575059890747,
      "centroid": 1.38005530834198,
      "furthest": 1.4454795122146606
    }
  },
  "5": {
    "0": {
      "closest": -1.4952661991119385,
      "centroid": -1.6160366535186768,
      "furthest": -1.7096905708312988
    },
    "1": {
      "closest": 1.5082292556762695,
      "centroid": 1.6160366535186768,
      "furthest": 1.7248722314834595
    }
  },
  "6": {
    "0": {
      "closest": -1.4482567310333252,
      "centroid": -1.7520543336868286,
      "furthest": -1.8805546760559082
    },
    "1": {
      "closest": 1.6256459951400757,
      "centroid": 1.7520543336868286,
      "furthest": 1.8271443843841553
    }
  },
  "7": {
    "0": {
      "closest": -1.5579478740692139,
      "centroid": -2.076284646987915,
      "furthest": -2.242574453353882
    },
    "1": {
      "closest": 1.9209599494934082,
      "centroid": 2.076284646987915,
      "furthest": 2.1778221130371094
    }
  },
  "8": {
    "0": {
      "closest": -1.6203423738479614,
      "centroid": -2.105804204940796,
      "furthest": -2.2674739360809326
    },
    "1": {
      "closest": 1.9159609079360962,
      "centroid": 2.105803966522217,
      "furthest": 2.2335944175720215
    }
  },
  "9": {
    "0": {
      "closest": -2.048855781555176,
      "centroid": -2.4186620712280273,
      "furthest": -2.668407917022705
    },
    "1": {
      "closest": 2.2716050148010254,
      "centroid": 2.4186620712280273,
      "furthest": 2.565640926361084
    }
  },
  "10": {
    "0": {
      "closest": -2.3256547451019287,
      "centroid": -2.62731671333313,
      "furthest": -2.853125810623169
    },
    "1": {
      "closest": 2.445547103881836,
      "centroid": 2.627316474914551,
      "furthest": 2.8075151443481445
    }
  },
  "11": {
    "0": {
      "closest": -2.243852138519287,
      "centroid": -2.71429443359375,
      "furthest": -2.95097017288208
    },
    "1": {
      "closest": 2.4930596351623535,
      "centroid": 2.71429443359375,
      "furthest": 2.892409324645996
    }
  },
  "12": {
    "0": {
      "closest": -2.3724818229675293,
      "centroid": -2.899864435195923,
      "furthest": -3.2795791625976562
    },
    "1": {
      "closest": 2.4931468963623047,
      "centroid": 2.8998641967773438,
      "furthest": 3.1601438522338867
    }
  },
  "13": {
    "0": {
      "closest": -2.3860721588134766,
      "centroid": -3.060577392578125,
      "furthest": -3.417996406555176
    },
    "1": {
      "closest": 2.495314121246338,
      "centroid": 3.060577392578125,
      "furthest": 3.440718650817871
    }
  },
  "14": {
    "0": {
      "closest": -2.6338272094726562,
      "centroid": -3.2872719764709473,
      "furthest": -3.6299057006835938
    },
    "1": {
      "closest": 2.4401330947875977,
      "centroid": 3.2872719764709473,
      "furthest": 3.9547011852264404
    }
  },
  "15": {
    "0": {
      "closest": -3.015824317932129,
      "centroid": -3.601982355117798,
      "furthest": -3.944831132888794
    },
    "1": {
      "closest": 2.276282548904419,
      "centroid": 3.601982355117798,
      "furthest": 4.602497100830078
    }
  },
  "16": {
    "0": {
      "closest": -3.2884063720703125,
      "centroid": -4.013338565826416,
      "furthest": -4.527488708496094
    },
    "1": {
      "closest": 2.4167990684509277,
      "centroid": 4.013338565826416,
      "furthest": 4.872507095336914
    }
  },
  "17": {
    "0": {
      "closest": -3.510070323944092,
      "centroid": -4.4039998054504395,
      "furthest": -5.055873870849609
    },
    "1": {
      "closest": 2.6550912857055664,
      "centroid": 4.4039998054504395,
      "furthest": 5.227123260498047
    }
  },
  "18": {
    "0": {
      "closest": -3.7899723052978516,
      "centroid": -4.735615253448486,
      "furthest": -5.381943702697754
    },
    "1": {
      "closest": 2.68731689453125,
      "centroid": 4.735615253448486,
      "furthest": 5.612907886505127
    }
  },
  "19": {
    "0": {
      "closest": -4.348849296569824,
      "centroid": -5.226140975952148,
      "furthest": -5.773581027984619
    },
    "1": {
      "closest": 3.1249096393585205,
      "centroid": 5.22614049911499,
      "furthest": 6.232129096984863
    }
  },
  "20": {
    "0": {
      "closest": -4.682029724121094,
      "centroid": -5.707484245300293,
      "furthest": -6.375725746154785
    },
    "1": {
      "closest": 3.2598700523376465,
      "centroid": 5.707485198974609,
      "furthest": 6.9179511070251465
    }
  },
  "21": {
    "0": {
      "closest": -5.129175662994385,
      "centroid": -6.355413436889648,
      "furthest": -7.112163543701172
    },
    "1": {
      "closest": 3.396909713745117,
      "centroid": 6.355413436889648,
      "furthest": 7.815935134887695
    }
  },
  "22": {
    "0": {
      "closest": -5.838779926300049,
      "centroid": -7.057180404663086,
      "furthest": -7.839865684509277
    },
    "1": {
      "closest": 3.793894052505493,
      "centroid": 7.0571794509887695,
      "furthest": 8.859526634216309
    }
  },
  "23": {
    "0": {
      "closest": -6.376981735229492,
      "centroid": -7.698200702667236,
      "furthest": -8.601606369018555
    },
    "1": {
      "closest": 3.9694039821624756,
      "centroid": 7.6982011795043945,
      "furthest": 9.776559829711914
    }
  },
  "24": {
    "0": {
      "closest": -6.635371208190918,
      "centroid": -8.121241569519043,
      "furthest": -9.11871337890625
    },
    "1": {
      "closest": 4.001703262329102,
      "centroid": 8.121241569519043,
      "furthest": 10.437081336975098
    }
  },
  "25": {
    "0": {
      "closest": -6.777015686035156,
      "centroid": -8.403639793395996,
      "furthest": -9.464251518249512
    },
    "1": {
      "closest": 4.244589805603027,
      "centroid": 8.40363883972168,
      "furthest": 10.719263076782227
    }
  },
  "26": {
    "0": {
      "closest": -7.293699264526367,
      "centroid": -9.12351131439209,
      "furthest": -10.26522445678711
    },
    "1": {
      "closest": 4.558230400085449,
      "centroid": 9.123512268066406,
      "furthest": 11.576690673828125
    }
  },
  "27": {
    "0": {
      "closest": -7.703196048736572,
      "centroid": -9.873991966247559,
      "furthest": -11.279813766479492
    },
    "1": {
      "closest": 4.832936763763428,
      "centroid": 9.873991966247559,
      "furthest": 12.515222549438477
    }
  },
  "28": {
    "0": {
      "closest": -8.670576095581055,
      "centroid": -11.129817962646484,
      "furthest": -12.607906341552734
    },
    "1": {
      "closest": 5.361019611358643,
      "centroid": 11.129817962646484,
      "furthest": 14.038715362548828
    }
  },
  "29": {
    "0": {
      "closest": -9.966034889221191,