{
  "0": {
    "0": {
      "closest": -0.5992413759231567,
      "centroid": -0.6109656691551208,
      "furthest": -0.6211704015731812
    },
    "1": {
      "closest": 0.592326283454895,
      "centroid": 0.6109656691551208,
      "furthest": 0.624927282333374
    }
  },
  "1": {
    "0": {
      "closest": -0.7314504384994507,
      "centroid": -0.7453917264938354,
      "furthest": -0.7589297294616699
    },
    "1": {
      "closest": 0.7293121814727783,
      "centroid": 0.7453917264938354,
      "furthest": 0.7557970881462097
    }
  },
  "2": {
    "0": {
      "closest": -0.9532445669174194,
      "centroid": -0.9780129194259644,
      "furthest": -1.0027320384979248
    },
    "1": {
      "closest": 0.9647970199584961,
      "centroid": 0.9780129194259644,
      "furthest": 0.9889693260192871
    }
  },
  "3": {
    "0": {
      "closest": -1.0868481397628784,
      "centroid": -1.14351487159729,
      "furthest": -1.178145408630371
    },
    "1": {
      "closest": 1.111864686012268,
      "centroid": 1.14351487159729,
      "furthest": 1.1732759475708008
    }
  },
  "4": {
    "0": {
      "closest": -1.328686237335205,
      "centroid": -1.389854073524475,
      "furthest": -1.442577838897705
    },
    "1": {
      "closest": 1.312882900238037,
      "centroid": 1.3898539543151855,
      "furthest": 1.4577267169952393
    }
  },
  "5": {
    "0": {
      "closest": -1.4573559761047363,
      "centroid": -1.613616704940796,
      "furthest": -1.6997544765472412
    },
    "1": {
      "closest": 1.4650359153747559,
      "centroid": 1.613616704940796,
      "furthest": 1.7326138019561768
    }
  },
  "6": {
    "0": {
      "closest": -1.532827377319336,
      "centroid": -1.742709994316101,
      "furthest": -1.8639552593231201
    },
    "1": {
      "closest": 1.5776113271713257,
      "centroid": 1.7427098751068115,
      "furthest": 1.8438684940338135
    }
  },
  "7": {
    "0": {
      "closest": -1.7585480213165283,
      "centroid": -2.072895050048828,
      "furthest": -2.2241322994232178
    },
    "1": {
      "closest": 1.9203306436538696,
      "centroid": 2.072895050048828,
      "furthest": 2.1851181983947754
    }
  },
  "8": {
    "0": {
      "closest": -1.6043198108673096,
      "centroid": -2.104095697402954,
      "furthest": -2.34023380279541
    },
    "1": {
      "closest": 1.9211540222167969,
      "centroid": 2.104095697402954,
      "furthest": 2.235049247741699
    }
  },
  "9": {
    "0": {
      "closest": -1.9136086702346802,
      "centroid": -2.429837942123413,
      "furthest": -2.6671910285949707
    },
    "1": {
      "closest": 2.1866769790649414,
      "centroid": 2.429837942123413,
      "furthest": 2.6076996326446533
    }
  },
  "10": {
    "0": {
      "closest": -1.967491626739502,
      "centroid": -2.6450531482696533,
      "furthest": -2.926860809326172
    },
    "1": {
      "closest": 2.3713958263397217,
      "centroid": 2.6450531482696533,
      "furthest": 2.907982349395752
    }
  },
  "11": {
    "0": {
      "closest": -2.1206607818603516,
      "centroid": -2.7191147804260254,
      "furthest": -2.907306671142578
    },
    "1": {
      "closest": 2.3804540634155273,
      "centroid": 2.7191150188446045,
      "furthest": 2.9611759185791016
    }
  },
  "12": {
    "0": {
      "closest": -2.0535295009613037,
      "centroid": -2.908121347427368,
      "furthest": -3.227155923843384
    },
    "1": {
      "closest": 2.2655954360961914,
      "centroid": 2.908121347427368,
      "furthest": 3.361048460006714
    }
  },
  "13": {
    "0": {
      "closest": -2.0823349952697754,
      "centroid": -3.045792818069458,
      "furthest": -3.4114575386047363
    },
    "1": {
      "closest": 2.1414239406585693,
      "centroid": 3.045792579650879,
      "furthest": 3.6007461547851562
    }
  },
  "14": {
    "0": {
      "closest": -2.45686936378479,
      "centroid": -3.369490623474121,
      "furthest": -3.8159494400024414
    },
    "1": {
      "closest": 1.7154022455215454,
      "centroid": 3.369490623474121,
      "furthest": 4.318287372589111
    }
  },
  "15": {
    "0": {
      "closest": -3.037278175354004,
      "centroid": -3.775862216949463,
      "furthest": -4.23063850402832
    },
    "1": {
      "closest": 1.352034330368042,
      "centroid": 3.775862216949463,
      "furthest": 4.80657958984375
    }
  },
  "16": {
    "0": {
      "closest": -3.232985496520996,
      "centroid": -4.100537300109863,
      "furthest": -4.635680198669434
    },
    "1": {
      "closest": 1.4584332704544067,
      "centroid": 4.100537300109863,
      "furthest": 5.101522922515869
    }
  },
  "17": {
    "0": {
      "closest": -3.5961272716522217,
      "centroid": -4.393172740936279,
      "furthest": -5.012839317321777
    },
    "1": {
      "closest": 1.7310999631881714,
      "centroid": 4.393172740936279,
      "furthest": 5.344854831695557
    }
  },
  "18": {
    "0": {
      "closest": -3.840435743331909,
      "centroid": -4.679134368896484,
      "furthest": -5.281088829040527
    },
    "1": {
      "closest": 1.7089698314666748,
      "centroid": 4.679134845733643,
      "furthest": 5.724213123321533
    }
  },
  "19": {
    "0": {
      "closest": -4.357609272003174,
      "centroid": -5.152774333953857,
      "furthest": -5.713053226470947
    },
    "1": {
      "closest": 2.0913569927215576,
      "centroid": 5.152773380279541,
      "furthest": 6.196537971496582
    }
  },
  "20": {
    "0": {
      "closest": -4.797601222991943,
      "centroid": -5.590872287750244,
      "furthest": -6.202762603759766
    },
    "1": {
      "closest": 2.1086392402648926,
      "centroid": 5.590872764587402,
      "furthest": 6.762379169464111
    }
  },
  "21": {
    "0": {
      "closest": -5.295226097106934,
      "centroid": -6.16870641708374,
      "furthest": -6.846142292022705
    },
    "1": {
      "closest": 2.163590431213379,
      "centroid": 6.16870641708374,
      "furthest": 7.499026298522949
    }
  },
  "22": {
    "0": {
      "closest": -5.954153060913086,
      "centroid": -6.782364845275879,
      "furthest": -7.435957908630371
    },
    "1": {
      "closest": 2.538516044616699,
      "centroid": 6.782365322113037,
      "furthest": 8.276008605957031
    }
  },
  "23": {
    "0": {
      "closest": -6.4359331130981445,
      "centroid": -7.3441243171691895,
      "furthest": -8.055850982666016
    },
    "1": {
      "closest": 2.626584529876709,
      "centroid": 7.344123840332031,
      "furthest": 9.00324821472168
    }
  },
  "24": {
    "0": {
      "closest": -6.718347072601318,
      "centroid": -7.733438491821289,
      "furthest": -8.505309104919434
    },
    "1": {
      "closest": 2.448725461959839,
      "centroid": 7.733438491821289,
      "furthest": 9.76840591430664
    }
  },
  "25": {
    "0": {
      "closest": -6.997076034545898,
      "centroid": -8.007896423339844,
      "furthest": -8.830595016479492
    },
    "1": {
      "closest": 2.7120237350463867,
      "centroid": 8.007896423339844,
      "furthest": 10.08566665649414
    }
  },
  "26": {
    "0": {
      "closest": -7.470670700073242,
      "centroid": -8.654353141784668,
      "furthest": -9.620792388916016
    },
    "1": {
      "closest": 2.8690309524536133,
      "centroid": 8.654353141784668,
      "furthest": 10.929516792297363
    }
  },
  "27": {
    "0": {
      "closest": -7.944413185119629,
      "centroid": -9.346826553344727,
      "furthest": -10.476003646850586
    },
    "1": {
      "closest": 2.861386299133301,
      "centroid": 9.34682559967041,
      "furthest": 11.86812973022461
    }
  },
  "28": {
    "0": {
      "closest": -9.013005256652832,
      "centroid": -10.51363468170166,
      "furthest": -11.854543685913086
    },
    "1": {
      "closest": 3.2795803546905518,
      "centroid": 10.513635635375977,
      "furthest": 13.381680488586426
    }
  },
  "29": {
    "0": {
      "closest": -10.155935287475586,