{
  "0": {
    "0": {
      "closest": -0.59139618233383,
      "centroid": -0.605506752144679,
      "furthest": -0.6153603935684293
    },
    "1": {
      "closest": 0.6257615868188433,
      "centroid": 0.6365672200976892,
      "furthest": 0.6454452768303263
    }
  },
  "1": {
    "0": {
      "closest": -0.7202557052386269,
      "centroid": -0.7372645459407532,
      "furthest": -0.7510224291767975
    },
    "1": {
      "closest": 0.7526307000029949,
      "centroid": 0.763334336615354,
      "furthest": 0.7722145192598076
    }
  },
  "2": {
    "0": {
      "closest": -0.9927039999639476,
      "centroid": -1.014996816737134,
      "furthest": -1.0311055924945045
    },
    "1": {
      "closest": 0.966748065706957,
      "centroid": 0.996167971846715,
      "furthest": 1.0094707197691788
    }
  },
  "3": {
    "0": {
      "closest": -1.1801722956462377,
      "centroid": -1.2125319898832454,
      "furthest": -1.236643402398045
    },
    "1": {
      "closest": 1.1899218090313286,
      "centroid": 1.2176043362537667,
      "furthest": 1.2381786409328694
    }
  },
  "4": {
    "0": {
      "closest": -1.4068810062414276,
      "centroid": -1.4609526240519737,
      "furthest": -1.50337172534695
    },
    "1": {
      "closest": 1.3894097018401896,
      "centroid": 1.4491897186971574,
      "furthest": 1.502211618539084
    }
  },
  "5": {
    "0": {
      "closest": -1.5165907446796103,
      "centroid": -1.5780539843166097,
      "furthest": -1.6288386402766284
    },
    "1": {
      "closest": 1.477636738165247,
      "centroid": 1.5781554910055524,
      "furthest": 1.6545061268477368
    }
  },
  "6": {
    "0": {
      "closest": -1.5299934648590243,
      "centroid": -1.6060880858663469,
      "furthest": -1.6705847717627025
    },
    "1": {
      "closest": 1.473991132046689,
      "centroid": 1.58927846433266,
      "furthest": 1.671877546503144
    }
  },
  "7": {
    "0": {
      "closest": -1.7069430105388401,
      "centroid": -1.7707272945718286,
      "furthest": -1.8332058673769829
    },
    "1": {
      "closest": 1.6506228489607864,
      "centroid": 1.7641895358493207,
      "furthest": 1.8455449795538978
    }
  },
  "8": {
    "0": {
      "closest": -1.7130623157135243,
      "centroid": -1.7921224585074031,
      "furthest": -1.8394193483296133
    },
    "1": {
      "closest": 1.651050746924215,
      "centroid": 1.773931757987163,
      "furthest": 1.8834334193332674
    }
  },
  "9": {
    "0": {
      "closest": -1.843879080799173,
      "centroid": -2.0322768338995774,
      "furthest": -2.132392710116967
    },
    "1": {
      "closest": 1.9032961885812756,
      "centroid": 2.036761049127341,
      "furthest": 2.127352802713993
    }
  },
  "10": {
    "0": {
      "closest": -1.9986239703822553,
      "centroid": -2.2376182148837582,
      "furthest": -2.3470759888613606
    },
    "1": {
      "closest": 2.0982526197417837,
      "centroid": 2.2308400410580975,
      "furthest": 2.3278272733942056
    }
  },
  "11": {
    "0": {
      "closest": -2.0525792201920403,
      "centroid": -2.3092762352638645,
      "furthest": -2.49300624823578
    },
    "1": {
      "closest": 2.1675755723118053,
      "centroid": 2.310608124000262,
      "furthest": 2.4391323840932806
    }
  },
  "12": {
    "0": {
      "closest": -1.849596292106161,
      "centroid": -2.3114868564582753,
      "furthest": -2.5737005628534173
    },
    "1": {
      "closest": 2.116216806213401,
      "centroid": 2.3136355301721845,
      "furthest": 2.5244438676973595
    }
  },
  "13": {
    "0": {
      "closest": -1.7317480548065671,
      "centroid": -2.327915359321392,
      "furthest": -2.555573397278967
    },
    "1": {
      "closest": 2.1592590218670384,
      "centroid": 2.3265594267725085,
      "furthest": 2.578379711259392
    }
  },
  "14": {
    "0": {
      "closest": -1.7495966729985093,
      "centroid": -2.369372240186198,
      "furthest": -2.6130759919748012
    },
    "1": {
      "closest": 2.1042851224143755,
      "centroid": 2.3529247383887832,
      "furthest": 2.808427688745337
    }
  },
  "15": {
    "0": {
      "closest": -1.818174402113878,
      "centroid": -2.393339079650055,
      "furthest": -2.7241031412272148
    },
    "1": {
      "closest": 2.0482675403642494,
      "centroid": 2.3947621835327624,
      "furthest": 2.9680699759058684
    }
  },
  "16": {
    "0": {
      "closest": -2.1297021342617835,
      "centroid": -2.646922623612468,
      "furthest": -3.03277092829151
    },
    "1": {
      "closest": 2.193448654492743,
      "centroid": 2.628366860317779,
      "furthest": 3.36513948406358
    }
  },
  "17": {
    "0": {
      "closest": -2.310064855080928,
      "centroid": -2.7852213468742355,
      "furthest": -3.144557902293534
    },
    "1": {
      "closest": 2.279540128692924,
      "centroid": 2.801852546175502,
      "furthest": 3.6031233631934696
    }
  },
  "18": {
    "0": {
      "closest": -2.431248490603374,
      "centroid": -2.898454184920399,
      "furthest": -3.348449079785034
    },
    "1": {
      "closest": 2.3295363380980767,
      "centroid": 2.8976992681670577,
      "furthest": 3.7827761173649534
    }
  },
  "19": {
    "0": {
      "closest": -2.6761295755548233,
      "centroid": -3.1377170501801404,
      "furthest": -3.588552872362289
    },
    "1": {
      "closest": 2.599991911299109,
      "centroid": 3.144576913813044,
      "furthest": 4.094222743234884
    }
  },
  "20": {
    "0": {
      "closest": -2.8760734897036278,
      "centroid": -3.373934034497154,
      "furthest": -3.861363551850044
    },
    "1": {
      "closest": 2.725664495966502,
      "centroid": 3.3784136954815893,
      "furthest": 4.544860989716509
    }
  },
  "21": {
    "0": {
      "closest": -3.2000561569005286,
      "centroid": -3.683313242444494,
      "furthest": -4.150881288671539
    },
    "1": {
      "closest": 2.9782460162185407,
      "centroid": 3.7169717382775196,
      "furthest": 5.112288380350597
    }
  },
  "22": {
    "0": {
      "closest": -3.4587936605239014,
      "centroid": -3.936252887425275,
      "furthest": -4.470479529501992
    },
    "1": {
      "closest": 3.1948943310229456,
      "centroid": 3.9774445500991518,
      "furthest": 5.406092449955894
    }
  },
  "23": {
    "0": {
      "closest": -3.6879225901982418,
      "centroid": -4.204276867120471,
      "furthest": -4.79246551517067
    },
    "1": {
      "closest": 3.378543352015759,
      "centroid": 4.2241613623972585,
      "furthest": 5.719962579762153
    }
  },
  "24": {
    "0": {
      "closest": -3.875835461051946,
      "centroid": -4.418004501140054,
      "furthest": -5.045996654006703
    },
    "1": {
      "closest": 3.5627340873980615,
      "centroid": 4.44125863775893,
      "furthest": 6.008385470956893
    }
  },
  "25": {
    "0": {
      "closest": -4.082178678785715,
      "centroid": -4.728867753323743,
      "furthest": -5.479802190367517
    },
    "1": {
      "closest": 3.900903395494636,
      "centroid": 4.732764170451259,
      "furthest": 6.108785277600372
    }
  },
  "26": {
    "0": {
      "closest": -4.362065985990496,
      "centroid": -5.070008260131232,
      "furthest": -5.9098245281170065
    },
    "1": {
      "closest": 4.230936846856045,
      "centroid": 5.080114473205054,
      "furthest": 6.532351473643471
    }
  },
  "27": {
    "0": {
      "closest": -4.558047660274497,
      "centroid": -5.34669947256973,
      "furthest": -6.255257973180139
    },
    "1": {
      "closest": 4.515360814164357,
      "centroid": 5.409405577810401,
      "furthest": 6.955269388056433
    }
  },
  "28": {
    "0": {
      "closest": -4.943333162223495,
      "centroid": -5.8800971191081635,
      "furthest": -6.9444581173039115
    },
    "1": {
      "closest": 4.995449800564441,
      "centroid": 5.9278743263934555,
      "furthest": 7.45432355886112
    }
  },
  "29": {
    "0": {
      "closest": -5.317645889796817,