{
  "0": {
    "0": {
      "closest": 9.652040898799896e-05,
      "centroid": -0.038843657821416855,
      "furthest": -0.2110297977924347
    },
    "1": {
      "closest": -5.947425961494446e-06,
      "centroid": 0.038843657821416855,
      "furthest": 0.08808287978172302
    }
  },
  "1": {
    "0": {
      "closest": 0.0001352778635919094,
      "centroid": -0.06621568650007248,
      "furthest": -0.28509870171546936
    },
    "1": {
      "closest": 0.0004495019093155861,
      "centroid": 0.06621569395065308,
      "furthest": 0.1659829318523407
    }
  },
  "2": {
    "0": {
      "closest": 0.0004825051873922348,
      "centroid": -0.10679985582828522,
      "furthest": -0.5092847347259521
    },
    "1": {
      "closest": 0.0005210321396589279,
      "centroid": 0.10679984837770462,
      "furthest": 0.24417641758918762
    }
  },
  "3": {
    "0": {
      "closest": -0.0002418295480310917,
      "centroid": -0.17975053191184998,
      "furthest": -0.7510451078414917
    },
    "1": {
      "closest": -0.0008460097014904022,
      "centroid": 0.17975051701068878,
      "furthest": 0.3945600390434265
    }
  },
  "4": {
    "0": {
      "closest": -0.0010169809684157372,
      "centroid": -0.2509084641933441,
      "furthest": -0.9886350035667419
    },
    "1": {
      "closest": -0.0049538882449269295,
      "centroid": 0.2509084641933441,
      "furthest": 0.5496057868003845
    }
  },
  "5": {
    "0": {
      "closest": 0.001475892961025238,
      "centroid": -0.29318562150001526,
      "furthest": -1.1164515018463135
    },
    "1": {
      "closest": 0.0023667998611927032,
      "centroid": 0.29318562150001526,
      "furthest": 0.6600130796432495
    }
  },
  "6": {
    "0": {
      "closest": -0.0004959609359502792,
      "centroid": -0.35738176107406616,
      "furthest": -1.412316083908081
    },
    "1": {
      "closest": 0.0015320107340812683,
      "centroid": 0.35738176107406616,
      "furthest": 0.7742524743080139
    }
  },
  "7": {
    "0": {
      "closest": 0.0013949833810329437,
      "centroid": -0.4243614971637726,
      "furthest": -1.5950424671173096
    },
    "1": {
      "closest": 0.004006117582321167,
      "centroid": 0.42436152696609497,
      "furthest": 0.9910041093826294
    }
  },
  "8": {
    "0": {
      "closest": 0.0032338835299015045,
      "centroid": -0.45641210675239563,
      "furthest": -1.6102285385131836
    },
    "1": {
      "closest": -0.00268452987074852,
      "centroid": 0.45641210675239563,
      "furthest": 1.087508201599121
    }
  },
  "9": {
    "0": {
      "closest": -0.0007175831124186516,
      "centroid": -0.5020984411239624,
      "furthest": -1.7510411739349365
    },
    "1": {
      "closest": 0.002429340034723282,
      "centroid": 0.5020984411239624,
      "furthest": 1.215376853942871
    }
  },
  "10": {
    "0": {
      "closest": 0.0017226077616214752,
      "centroid": -0.5258433818817139,
      "furthest": -1.7542918920516968
    },
    "1": {
      "closest": -0.0032102204859256744,
      "centroid": 0.5258433818817139,
      "furthest": 1.2890058755874634
    }
  },
  "11": {
    "0": {
      "closest": 0.00351879745721817,
      "centroid": -0.5214736461639404,
      "furthest": -1.8234143257141113
    },
    "1": {
      "closest": 0.0038268715143203735,
      "centroid": 0.5214735865592957,
      "furthest": 1.2664215564727783
    }
  },
  "12": {
    "0": {
      "closest": -0.004062782973051071,
      "centroid": -0.6168932914733887,
      "furthest": -2.162440061569214
    },
    "1": {
      "closest": -0.0010078400373458862,
      "centroid": 0.6168932318687439,
      "furthest": 1.3174736499786377
    }
  },
  "13": {
    "0": {
      "closest": 0.006600202992558479,
      "centroid": -0.6613225340843201,
      "furthest": -2.2291488647460938
    },
    "1": {
      "closest": -0.006050541996955872,
      "centroid": 0.6613225340843201,
      "furthest": 1.415126919746399
    }
  },
  "14": {
    "0": {
      "closest": -0.005663715302944183,
      "centroid": -0.6887969374656677,
      "furthest": -2.3639488220214844
    },
    "1": {
      "closest": -0.00018295645713806152,
      "centroid": 0.6887969970703125,
      "furthest": 1.4716832637786865
    }
  },
  "15": {
    "0": {
      "closest": -0.0034998729825019836,
      "centroid": -0.8073529005050659,
      "furthest": -2.776606559753418
    },
    "1": {
      "closest": 0.0029365569353103638,
      "centroid": 0.8073529601097107,
      "furthest": 1.7956057786941528
    }
  },
  "16": {
    "0": {
      "closest": 0.003246789798140526,
      "centroid": -0.8350070118904114,
      "furthest": -2.926872968673706
    },
    "1": {
      "closest": -0.0007929615676403046,
      "centroid": 0.8350070714950562,
      "furthest": 1.8290703296661377
    }
  },
  "17": {
    "0": {
      "closest": -0.0010142922401428223,
      "centroid": -0.9536086320877075,
      "furthest": -3.2050931453704834
    },
    "1": {
      "closest": -0.006689414381980896,
      "centroid": 0.9536085724830627,
      "furthest": 2.1343226432800293
    }
  },
  "18": {
    "0": {
      "closest": 0.0003641396760940552,
      "centroid": -1.046893835067749,
      "furthest": -3.4022140502929688
    },
    "1": {
      "closest": 9.775161743164062e-06,
      "centroid": 1.046893835067749,
      "furthest": 2.4539074897766113
    }
  },
  "19": {
    "0": {
      "closest": -0.00560469925403595,
      "centroid": -1.120191216468811,
      "furthest": -3.6238160133361816
    },
    "1": {
      "closest": -0.005025211721658707,
      "centroid": 1.1201913356781006,
      "furthest": 2.7428598403930664
    }
  },
  "20": {
    "0": {
      "closest": 0.00530378520488739,
      "centroid": -1.2051875591278076,
      "furthest": -3.8171818256378174
    },
    "1": {
      "closest": 0.00027564913034439087,
      "centroid": 1.2051875591278076,
      "furthest": 2.7980268001556396
    }
  },
  "21": {
    "0": {
      "closest": 0.0059150829911231995,
      "centroid": -1.4078009128570557,
      "furthest": -4.243762016296387
    },
    "1": {
      "closest": 0.03872360289096832,
      "centroid": 1.4078009128570557,
      "furthest": 3.2225358486175537
    }
  },
  "22": {
    "0": {
      "closest": 0.0028909146785736084,
      "centroid": -1.5178313255310059,
      "furthest": -4.733484268188477
    },
    "1": {
      "closest": 0.015984684228897095,
      "centroid": 1.5178313255310059,
      "furthest": 3.6070733070373535
    }
  },
  "23": {
    "0": {
      "closest": -0.00165533646941185,
      "centroid": -1.645440697669983,
      "furthest": -5.451159954071045
    },
    "1": {
      "closest": 0.003552742302417755,
      "centroid": 1.645440697669983,
      "furthest": 4.135221481323242
    }
  },
  "24": {
    "0": {
      "closest": 0.0024306178092956543,
      "centroid": -1.7380400896072388,
      "furthest": -6.066550254821777
    },
    "1": {
      "closest": 0.0055404603481292725,
      "centroid": 1.7380400896072388,
      "furthest": 4.335855484008789
    }
  },
  "25": {
    "0": {
      "closest": -0.011933349072933197,
      "centroid": -1.9026108980178833,
      "furthest": -6.607040882110596
    },
    "1": {
      "closest": -0.007224529981613159,
      "centroid": 1.9026108980178833,
      "furthest": 5.122530937194824
    }
  },
  "26": {
    "0": {
      "closest": 0.006682842969894409,
      "centroid": -2.002871513366699,
      "furthest": -6.9810686111450195
    },
    "1": {
      "closest": 0.0002858564257621765,
      "centroid": 2.002871513366699,
      "furthest": 5.3669209480285645
    }
  },
  "27": {
    "0": {
      "closest": 0.00457262247800827,
      "centroid": -2.1036036014556885,
      "furthest": -7.227302551269531
    },
    "1": {
      "closest": -0.013400375843048096,
      "centroid": 2.1036038398742676,
      "furthest": 5.786838531494141
    }
  },
  "28": {
    "0": {
      "closest": -0.004076063632965088,
      "centroid": -2.2399864196777344,