{
  "0": {
    "0": {
      "closest": -0.046859610825777054,
      "centroid": -0.04915453866124153,
      "furthest": -0.051986563950777054
    },
    "1": {
      "closest": 0.046890389174222946,
      "centroid": 0.049210939556360245,
      "furthest": 0.052017342299222946
    }
  },
  "1": {
    "0": {
      "closest": -0.05794210731983185,
      "centroid": -0.061844684183597565,
      "furthest": -0.06526632606983185
    },
    "1": {
      "closest": 0.05802468955516815,
      "centroid": 0.06175578013062477,
      "furthest": 0.06705789268016815
    }
  },
  "2": {
    "0": {
      "closest": -0.08180490881204605,
      "centroid": -0.09019481390714645,
      "furthest": -0.09694162756204605
    },
    "1": {
      "closest": 0.08469899743795395,
      "centroid": 0.09025195986032486,
      "furthest": 0.10081227868795395
    }
  },
  "3": {
    "0": {
      "closest": -0.0932890921831131,
      "centroid": -0.10075003653764725,
      "furthest": -0.1128203421831131
    },
    "1": {
      "closest": 0.0907929390668869,
      "centroid": 0.10071481019258499,
      "furthest": 0.1078827828168869
    }
  },
  "4": {
    "0": {
      "closest": -0.17377102375030518,
      "centroid": -0.18674838542938232,
      "furthest": -0.20680436491966248
    },
    "1": {
      "closest": 0.17753860354423523,
      "centroid": 0.18671616911888123,
      "furthest": 0.1980166733264923
    }
  },
  "5": {
    "0": {
      "closest": -0.17691466212272644,
      "centroid": -0.19697047770023346,
      "furthest": -0.21918325126171112
    },
    "1": {
      "closest": 0.186101034283638,
      "centroid": 0.19696936011314392,
      "furthest": 0.21033646166324615
    }
  },
  "6": {
    "0": {
      "closest": -0.14193309843540192,
      "centroid": -0.1555195301771164,
      "furthest": -0.17464794218540192
    },
    "1": {
      "closest": 0.14224658906459808,
      "centroid": 0.15547901391983032,
      "furthest": 0.16666065156459808
    }
  },
  "7": {
    "0": {
      "closest": -0.1582891047000885,
      "centroid": -0.17360039055347443,
      "furthest": -0.1914922297000885
    },
    "1": {
      "closest": 0.1600702702999115,
      "centroid": 0.17356635630130768,
      "furthest": 0.1864374577999115
    }
  },
  "8": {
    "0": {
      "closest": -0.17173759639263153,
      "centroid": -0.1845598667860031,
      "furthest": -0.20201103389263153
    },
    "1": {
      "closest": 0.17494209110736847,
      "centroid": 0.18449775874614716,
      "furthest": 0.19544990360736847
    }
  },
  "9": {
    "0": {
      "closest": -0.18061479926109314,
      "centroid": -0.199149951338768,
      "furthest": -0.21674761176109314
    },
    "1": {
      "closest": 0.18168988823890686,
      "centroid": 0.19912642240524292,
      "furthest": 0.21489301323890686
    }
  },
  "10": {
    "0": {
      "closest": -0.18944761157035828,
      "centroid": -0.20931091904640198,
      "furthest": -0.23241636157035828
    },
    "1": {
      "closest": 0.19141176342964172,
      "centroid": 0.20920227468013763,
      "furthest": 0.22461488842964172
    }
  },
  "11": {
    "0": {
      "closest": -0.17316901683807373,
      "centroid": -0.23680081963539124,
      "furthest": -0.2865802049636841
    },
    "1": {
      "closest": 0.19772173464298248,
      "centroid": 0.23543822765350342,
      "furthest": 0.2810012102127075
    }
  },
  "12": {
    "0": {
      "closest": -0.22680699825286865,
      "centroid": -0.2930174171924591,
      "furthest": -0.378326952457428
    },
    "1": {
      "closest": 0.23759597539901733,
      "centroid": 0.2902941405773163,
      "furthest": 0.34629392623901367
    }
  },
  "13": {
    "0": {
      "closest": -0.21533086895942688,
      "centroid": -0.2451860010623932,
      "furthest": -0.27985724806785583
    },
    "1": {
      "closest": 0.21346572041511536,
      "centroid": 0.24555599689483643,
      "furthest": 0.26888856291770935
    }
  },
  "14": {
    "0": {
      "closest": -0.1923537701368332,
      "centroid": -0.25710707902908325,
      "furthest": -0.31955641508102417
    },
    "1": {
      "closest": 0.2096300572156906,
      "centroid": 0.25645893812179565,
      "furthest": 0.34143638610839844
    }
  },
  "15": {
    "0": {
      "closest": -0.11886835098266602,
      "centroid": -0.36383166909217834,
      "furthest": -0.5339867472648621
    },
    "1": {
      "closest": 0.19248420000076294,
      "centroid": 0.35727769136428833,
      "furthest": 0.6140503287315369
    }
  },
  "16": {
    "0": {
      "closest": -0.33399924635887146,
      "centroid": -0.38326698541641235,
      "furthest": -0.4539405107498169
    },
    "1": {
      "closest": 0.3183674216270447,
      "centroid": 0.3852119743824005,
      "furthest": 0.4427626132965088
    }
  },
  "17": {
    "0": {
      "closest": -0.20132066309452057,
      "centroid": -0.2676487863063812,
      "furthest": -0.3360862731933594
    },
    "1": {
      "closest": 0.18295668065547943,
      "centroid": 0.26744887232780457,
      "furthest": 0.4344215393066406
    }
  },
  "18": {
    "0": {
      "closest": -0.21162661910057068,
      "centroid": -0.28256407380104065,
      "furthest": -0.3483453691005707
    },
    "1": {
      "closest": 0.20292416214942932,
      "centroid": 0.2824591100215912,
      "furthest": 0.4504827558994293
    }
  },
  "19": {
    "0": {
      "closest": -0.18824824690818787,
      "centroid": -0.2795763313770294,
      "furthest": -0.32887324690818787
    },
    "1": {
      "closest": 0.20677128434181213,
      "centroid": 0.27957770228385925,
      "furthest": 0.44261112809181213
    }
  },
  "20": {
    "0": {
      "closest": -0.2006029486656189,
      "centroid": -0.2921752631664276,
      "furthest": -0.3509935736656189
    },
    "1": {
      "closest": 0.2041822075843811,
      "centroid": 0.29218387603759766,
      "furthest": 0.4888501763343811
    }
  },
  "21": {
    "0": {
      "closest": -0.4464367628097534,
      "centroid": -0.6090419292449951,
      "furthest": -0.7150523662567139
    },
    "1": {
      "closest": 0.37380892038345337,
      "centroid": 0.61686110496521,
      "furthest": 0.9441738128662109
    }
  },
  "22": {
    "0": {
      "closest": -0.5312161445617676,
      "centroid": -0.6473556756973267,
      "furthest": -0.749813437461853
    },
    "1": {
      "closest": 0.4350861608982086,
      "centroid": 0.6442045569419861,
      "furthest": 0.9030070304870605
    }
  },
  "23": {
    "0": {
      "closest": -0.6047899127006531,
      "centroid": -0.6914785504341125,
      "furthest": -0.7878872752189636
    },
    "1": {
      "closest": 0.5140522718429565,
      "centroid": 0.6928340196609497,
      "furthest": 0.9598464965820312
    }
  },
  "24": {
    "0": {
      "closest": -0.7348634600639343,
      "centroid": -0.846875011920929,
      "furthest": -0.9430541396141052
    },
    "1": {
      "closest": 0.6800251007080078,
      "centroid": 0.8461180329322815,
      "furthest": 1.1294071674346924
    }
  },
  "25": {
    "0": {
      "closest": -0.27429163455963135,
      "centroid": -0.4080170691013336,
      "furthest": -0.5669970512390137
    },
    "1": {
      "closest": 0.2900785207748413,
      "centroid": 0.4163362979888916,
      "furthest": 0.6696810722351074
    }
  },
  "26": {
    "0": {
      "closest": -0.3104437291622162,
      "centroid": -0.45073845982551575,
      "furthest": -0.6095841526985168
    },
    "1": {
      "closest": 0.30624857544898987,
      "centroid": 0.45888999104499817,
      "furthest": 0.773832380771637
    }
  },
  "27": {
    "0": {
      "closest": -0.3113662302494049,
      "centroid": -0.4612352252006531,
      "furthest": -0.6399580240249634
    },
    "1": {
      "closest": 0.3322453200817108,
      "centroid": 0.4748440980911255,
      "furthest": 0.7183476686477661
    }
  },
  "28": {
    "0": {
      "closest": -0.21773198246955872,
      "centroid": -0.4276019334793091,
      "furthest": -0.6103100776672363
    },