{
  "0": {
    "0": {
      "closest": -0.0032527013681828976,
      "centroid": -0.026111846789717674,
      "furthest": -0.07093624770641327
    },
    "1": {
      "closest": 0.003340789582580328,
      "centroid": 0.020526189357042313,
      "furthest": 0.04931730777025223
    }
  },
  "1": {
    "0": {
      "closest": -0.0067290738224983215,
      "centroid": -0.04312097653746605,
      "furthest": -0.11515572667121887
    },
    "1": {
      "closest": 0.00664115883409977,
      "centroid": 0.03350750356912613,
      "furthest": 0.07977669686079025
    }
  },
  "2": {
    "0": {
      "closest": -0.014013640582561493,
      "centroid": -0.07511024177074432,
      "furthest": -0.19582968950271606
    },
    "1": {
      "closest": 0.013984577730298042,
      "centroid": 0.05910118669271469,
      "furthest": 0.13819877803325653
    }
  },
  "3": {
    "0": {
      "closest": -0.026948189362883568,
      "centroid": -0.12596510350704193,
      "furthest": -0.28032606840133667
    },
    "1": {
      "closest": 0.02401980385184288,
      "centroid": 0.10129301249980927,
      "furthest": 0.22773799300193787
    }
  },
  "4": {
    "0": {
      "closest": -0.0321795791387558,
      "centroid": -0.17448283731937408,
      "furthest": -0.40625178813934326
    },
    "1": {
      "closest": 0.025430351495742798,
      "centroid": 0.14262646436691284,
      "furthest": 0.3139601945877075
    }
  },
  "5": {
    "0": {
      "closest": -0.0427660197019577,
      "centroid": -0.2352556586265564,
      "furthest": -0.538070023059845
    },
    "1": {
      "closest": 0.03683941811323166,
      "centroid": 0.1861734390258789,
      "furthest": 0.3815286159515381
    }
  },
  "6": {
    "0": {
      "closest": -0.010187793523073196,
      "centroid": -0.1893836259841919,
      "furthest": -0.42974209785461426
    },
    "1": {
      "closest": -0.005872488021850586,
      "centroid": 0.16372784972190857,
      "furthest": 0.3442869782447815
    }
  },
  "7": {
    "0": {
      "closest": -0.07879070937633514,
      "centroid": -0.3823290765285492,
      "furthest": -0.8289697766304016
    },
    "1": {
      "closest": 0.06793028116226196,
      "centroid": 0.3172929286956787,
      "furthest": 0.5813837051391602
    }
  },
  "8": {
    "0": {
      "closest": -0.09152883291244507,
      "centroid": -0.3976675868034363,
      "furthest": -0.8268927335739136
    },
    "1": {
      "closest": 0.07401034981012344,
      "centroid": 0.344389945268631,
      "furthest": 0.6385476589202881
    }
  },
  "9": {
    "0": {
      "closest": -0.09014305472373962,
      "centroid": -0.425146222114563,
      "furthest": -0.9057058691978455
    },
    "1": {
      "closest": 0.08077225834131241,
      "centroid": 0.37986165285110474,
      "furthest": 0.7365328669548035
    }
  },
  "10": {
    "0": {
      "closest": -0.020374342799186707,
      "centroid": -0.3155946433544159,
      "furthest": -0.6435506343841553
    },
    "1": {
      "closest": 0.004859939217567444,
      "centroid": 0.2854529917240143,
      "furthest": 0.518267810344696
    }
  },
  "11": {
    "0": {
      "closest": -0.01548716425895691,
      "centroid": -0.31970474123954773,
      "furthest": -0.6557353734970093
    },
    "1": {
      "closest": 0.019172303378582,
      "centroid": 0.2923966348171234,
      "furthest": 0.5291966199874878
    }
  },
  "12": {
    "0": {
      "closest": -0.027252905070781708,
      "centroid": -0.36175772547721863,
      "furthest": -0.7375549077987671
    },
    "1": {
      "closest": 0.05143897235393524,
      "centroid": 0.34058916568756104,
      "furthest": 0.6128801107406616
    }
  },
  "13": {
    "0": {
      "closest": -0.02303396165370941,
      "centroid": -0.3668331801891327,
      "furthest": -0.744421124458313
    },
    "1": {
      "closest": 0.06250640749931335,
      "centroid": 0.34449851512908936,
      "furthest": 0.6405976414680481
    }
  },
  "14": {
    "0": {
      "closest": -0.1410760134458542,
      "centroid": -0.5933235287666321,
      "furthest": -1.1865662336349487
    },
    "1": {
      "closest": 0.15703198313713074,
      "centroid": 0.5421414375305176,
      "furthest": 0.9267942905426025
    }
  },
  "15": {
    "0": {
      "closest": -0.15087918937206268,
      "centroid": -0.6610077023506165,
      "furthest": -1.3176065683364868
    },
    "1": {
      "closest": 0.17119592428207397,
      "centroid": 0.6026232242584229,
      "furthest": 1.0883064270019531
    }
  },
  "16": {
    "0": {
      "closest": -0.14982086420059204,
      "centroid": -0.6977129578590393,
      "furthest": -1.423197627067566
    },
    "1": {
      "closest": 0.18193678557872772,
      "centroid": 0.625949501991272,
      "furthest": 1.08091139793396
    }
  },
  "17": {
    "0": {
      "closest": -0.16365261375904083,
      "centroid": -0.7641326785087585,
      "furthest": -1.5944209098815918
    },
    "1": {
      "closest": 0.1996990442276001,
      "centroid": 0.7027696371078491,
      "furthest": 1.2667372226715088
    }
  },
  "18": {
    "0": {
      "closest": -0.16311711072921753,
      "centroid": -0.8008530139923096,
      "furthest": -1.6507391929626465
    },
    "1": {
      "closest": 0.2071610391139984,
      "centroid": 0.7611162662506104,
      "furthest": 1.4095754623413086
    }
  },
  "19": {
    "0": {
      "closest": -0.17557471990585327,
      "centroid": -0.865124523639679,
      "furthest": -1.8026487827301025
    },
    "1": {
      "closest": 0.23241643607616425,
      "centroid": 0.8229354619979858,
      "furthest": 1.5046508312225342
    }
  },
  "20": {
    "0": {
      "closest": -0.19166071712970734,
      "centroid": -0.9231023192405701,
      "furthest": -1.9309643507003784
    },
    "1": {
      "closest": 0.24817395210266113,
      "centroid": 0.8739116191864014,
      "furthest": 1.591769814491272
    }
  },
  "21": {
    "0": {
      "closest": -0.20450499653816223,
      "centroid": -1.0028742551803589,
      "furthest": -2.09130597114563
    },
    "1": {
      "closest": 0.26671135425567627,
      "centroid": 0.9800279140472412,
      "furthest": 1.872415542602539
    }
  },
  "22": {
    "0": {
      "closest": -0.2128356397151947,
      "centroid": -1.0661406517028809,
      "furthest": -2.2211313247680664
    },
    "1": {
      "closest": 0.283547043800354,
      "centroid": 1.0433977842330933,
      "furthest": 2.013432741165161
    }
  },
  "23": {
    "0": {
      "closest": -0.22849023342132568,
      "centroid": -1.1296464204788208,
      "furthest": -2.373990774154663
    },
    "1": {
      "closest": 0.29361242055892944,
      "centroid": 1.107858419418335,
      "furthest": 2.1883623600006104
    }
  },
  "24": {
    "0": {
      "closest": -0.13647866249084473,
      "centroid": -1.0718398094177246,
      "furthest": -2.3403258323669434
    },
    "1": {
      "closest": 0.21440047025680542,
      "centroid": 1.0535480976104736,
      "furthest": 2.1456644535064697
    }
  },
  "25": {
    "0": {
      "closest": -0.25325167179107666,
      "centroid": -1.2915037870407104,
      "furthest": -2.7386679649353027
    },
    "1": {
      "closest": 0.3277357220649719,
      "centroid": 1.279901385307312,
      "furthest": 2.5193638801574707
    }
  },
  "26": {
    "0": {
      "closest": -0.19445425271987915,
      "centroid": -1.270867943763733,
      "furthest": -2.7713208198547363
    },
    "1": {
      "closest": 0.2704436182975769,
      "centroid": 1.265734076499939,
      "furthest": 2.4965343475341797
    }
  },
  "27": {
    "0": {
      "closest": -0.21647188067436218,
      "centroid": -1.400213599205017,
      "furthest": -3.0935754776000977
    },
    "1": {
      "closest": 0.30007851123809814,
      "centroid": 1.393334984779358,
      "furthest": 2.733701705932617
    }
  },
  "28": {
    "0": {
      "closest": -0.2421688437461853,
      "centroid": -1.5452852249145508,
      "furthest": -3.4642043113708496
    },