{
  "0": {
    "0": {
      "closest": -0.5984600186347961,
      "centroid": -0.6111653447151184,
      "furthest": -0.6226258277893066
    },
    "1": {
      "closest": 0.5926983952522278,
      "centroid": 0.6111652851104736,
      "furthest": 0.6221871376037598
    }
  },
  "1": {
    "0": {
      "closest": -0.7314174175262451,
      "centroid": -0.7451195120811462,
      "furthest": -0.7585311532020569
    },
    "1": {
      "closest": 0.7292635440826416,
      "centroid": 0.7451195120811462,
      "furthest": 0.7578110694885254
    }
  },
  "2": {
    "0": {
      "closest": -0.9415267705917358,
      "centroid": -0.9797812104225159,
      "furthest": -1.0037622451782227
    },
    "1": {
      "closest": 0.9636373519897461,
      "centroid": 0.9797812700271606,
      "furthest": 0.995875895023346
    }
  },
  "3": {
    "0": {
      "closest": -1.0911617279052734,
      "centroid": -1.1389456987380981,
      "furthest": -1.1812684535980225
    },
    "1": {
      "closest": 1.112897515296936,
      "centroid": 1.1389456987380981,
      "furthest": 1.1660780906677246
    }
  },
  "4": {
    "0": {
      "closest": -1.3247101306915283,
      "centroid": -1.386144757270813,
      "furthest": -1.4289262294769287
    },
    "1": {
      "closest": 1.300480842590332,
      "centroid": 1.386144757270813,
      "furthest": 1.447221040725708
    }
  },
  "5": {
    "0": {
      "closest": -1.518892765045166,
      "centroid": -1.6179454326629639,
      "furthest": -1.711287021636963
    },
    "1": {
      "closest": 1.4364473819732666,
      "centroid": 1.6179453134536743,
      "furthest": 1.7043381929397583
    }
  },
  "6": {
    "0": {
      "closest": -1.5330666303634644,
      "centroid": -1.750243067741394,
      "furthest": -1.9067575931549072
    },
    "1": {
      "closest": 1.598022699356079,
      "centroid": 1.7502429485321045,
      "furthest": 1.8297758102416992
    }
  },
  "7": {
    "0": {
      "closest": -1.629807472229004,
      "centroid": -2.0699307918548584,
      "furthest": -2.2415623664855957
    },
    "1": {
      "closest": 1.9318937063217163,
      "centroid": 2.0699307918548584,
      "furthest": 2.1680941581726074
    }
  },
  "8": {
    "0": {
      "closest": -1.6809673309326172,
      "centroid": -2.0890591144561768,
      "furthest": -2.283588171005249
    },
    "1": {
      "closest": 1.9212188720703125,
      "centroid": 2.0890591144561768,
      "furthest": 2.1910908222198486
    }
  },
  "9": {
    "0": {
      "closest": -1.9642653465270996,
      "centroid": -2.385801076889038,
      "furthest": -2.6460702419281006
    },
    "1": {
      "closest": 2.2216897010803223,
      "centroid": 2.385801076889038,
      "furthest": 2.531604766845703
    }
  },
  "10": {
    "0": {
      "closest": -2.123143196105957,
      "centroid": -2.6155004501342773,
      "furthest": -2.9556005001068115
    },
    "1": {
      "closest": 2.4352149963378906,
      "centroid": 2.6155004501342773,
      "furthest": 2.7710390090942383
    }
  },
  "11": {
    "0": {
      "closest": -2.242281436920166,
      "centroid": -2.6543853282928467,
      "furthest": -2.9061076641082764
    },
    "1": {
      "closest": 2.4031243324279785,
      "centroid": 2.6543853282928467,
      "furthest": 2.8243632316589355
    }
  },
  "12": {
    "0": {
      "closest": -2.306248188018799,
      "centroid": -2.8029603958129883,
      "furthest": -3.071023941040039
    },
    "1": {
      "closest": 2.4135522842407227,
      "centroid": 2.8029603958129883,
      "furthest": 3.1647133827209473
    }
  },
  "13": {
    "0": {
      "closest": -2.3257389068603516,
      "centroid": -2.971173048019409,
      "furthest": -3.3874013423919678
    },
    "1": {
      "closest": 2.4605512619018555,
      "centroid": 2.971173048019409,
      "furthest": 3.4739222526550293
    }
  },
  "14": {
    "0": {
      "closest": -2.51326847076416,
      "centroid": -3.1781201362609863,
      "furthest": -3.5961265563964844
    },
    "1": {
      "closest": 2.56880521774292,
      "centroid": 3.1781201362609863,
      "furthest": 3.7751500606536865
    }
  },
  "15": {
    "0": {
      "closest": -2.7884068489074707,
      "centroid": -3.459090232849121,
      "furthest": -3.8491814136505127
    },
    "1": {
      "closest": 2.464984655380249,
      "centroid": 3.459090232849121,
      "furthest": 4.0872273445129395
    }
  },
  "16": {
    "0": {
      "closest": -3.077563762664795,
      "centroid": -3.8230721950531006,
      "furthest": -4.280195236206055
    },
    "1": {
      "closest": 2.6751742362976074,
      "centroid": 3.8230719566345215,
      "furthest": 4.569659233093262
    }
  },
  "17": {
    "0": {
      "closest": -3.354538679122925,
      "centroid": -4.216117858886719,
      "furthest": -4.772088050842285
    },
    "1": {
      "closest": 2.867211103439331,
      "centroid": 4.216117858886719,
      "furthest": 5.035968780517578
    }
  },
  "18": {
    "0": {
      "closest": -3.5719380378723145,
      "centroid": -4.520953178405762,
      "furthest": -5.117659568786621
    },
    "1": {
      "closest": 2.9644618034362793,
      "centroid": 4.520953178405762,
      "furthest": 5.446213722229004
    }
  },
  "19": {
    "0": {
      "closest": -4.163304805755615,
      "centroid": -5.002311706542969,
      "furthest": -5.535857200622559
    },
    "1": {
      "closest": 3.4575443267822266,
      "centroid": 5.002311706542969,
      "furthest": 6.010919570922852
    }
  },
  "20": {
    "0": {
      "closest": -4.487720966339111,
      "centroid": -5.409544467926025,
      "furthest": -6.027432441711426
    },
    "1": {
      "closest": 3.6145596504211426,
      "centroid": 5.409544944763184,
      "furthest": 6.6599016189575195
    }
  },
  "21": {
    "0": {
      "closest": -4.934101104736328,
      "centroid": -6.000205039978027,
      "furthest": -6.70945930480957
    },
    "1": {
      "closest": 3.9014322757720947,
      "centroid": 6.000205039978027,
      "furthest": 7.555330276489258
    }
  },
  "22": {
    "0": {
      "closest": -5.631678581237793,
      "centroid": -6.590691566467285,
      "furthest": -7.327437400817871
    },
    "1": {
      "closest": 4.182541847229004,
      "centroid": 6.590691566467285,
      "furthest": 8.547222137451172
    }
  },
  "23": {
    "0": {
      "closest": -6.1403632164001465,
      "centroid": -7.144987106323242,
      "furthest": -7.891411781311035
    },
    "1": {
      "closest": 4.353689670562744,
      "centroid": 7.144986152648926,
      "furthest": 9.448829650878906
    }
  },
  "24": {
    "0": {
      "closest": -6.250427722930908,
      "centroid": -7.471035003662109,
      "furthest": -8.33561897277832
    },
    "1": {
      "closest": 4.333388805389404,
      "centroid": 7.471035003662109,
      "furthest": 10.134617805480957
    }
  },
  "25": {
    "0": {
      "closest": -6.480762481689453,
      "centroid": -7.752218723297119,
      "furthest": -8.671111106872559
    },
    "1": {
      "closest": 4.539546966552734,
      "centroid": 7.752218723297119,
      "furthest": 10.418598175048828
    }
  },
  "26": {
    "0": {
      "closest": -6.935791492462158,
      "centroid": -8.424139022827148,
      "furthest": -9.442193984985352
    },
    "1": {
      "closest": 4.758214950561523,
      "centroid": 8.424139976501465,
      "furthest": 11.269603729248047
    }
  },
  "27": {
    "0": {
      "closest": -7.317159652709961,
      "centroid": -9.101085662841797,
      "furthest": -10.187797546386719
    },
    "1": {
      "closest": 4.833865642547607,
      "centroid": 9.10108470916748,
      "furthest": 12.243391990661621
    }
  },
  "28": {
    "0": {
      "closest": -8.391257286071777,
      "centroid": -10.238829612731934,
      "furthest": -11.472674369812012
    },
    "1": {
      "closest": 5.352048873901367,
      "centroid": 10.238829612731934,
      "furthest": 13.753619194030762
    }
  },
  "29": {
    "0": {
      "closest": -9.654829978942871,