{
  "0": {
    "0": {
      "closest": -0.052734375,
      "centroid": -0.055046387016773224,
      "furthest": -0.057373046875
    },
    "1": {
      "closest": 0.042724609375,
      "centroid": 0.04525512829422951,
      "furthest": 0.04833984375
    }
  },
  "1": {
    "0": {
      "closest": -0.0625,
      "centroid": -0.06722167879343033,
      "furthest": -0.0712890625
    },
    "1": {
      "closest": 0.056396484375,
      "centroid": 0.05960937589406967,
      "furthest": 0.064453125
    }
  },
  "2": {
    "0": {
      "closest": -0.10091370344161987,
      "centroid": -0.1093955710530281,
      "furthest": -0.11655794829130173
    },
    "1": {
      "closest": 0.07039868086576462,
      "centroid": 0.07629518210887909,
      "furthest": 0.08645924180746078
    }
  },
  "3": {
    "0": {
      "closest": -0.12184008210897446,
      "centroid": -0.13141418993473053,
      "furthest": -0.1410934329032898
    },
    "1": {
      "closest": 0.12727274000644684,
      "centroid": 0.13500195741653442,
      "furthest": 0.1420118361711502
    }
  },
  "4": {
    "0": {
      "closest": -0.11929325759410858,
      "centroid": -0.13700300455093384,
      "furthest": -0.15599992871284485
    },
    "1": {
      "closest": 0.12387401610612869,
      "centroid": 0.13793326914310455,
      "furthest": 0.15240491926670074
    }
  },
  "5": {
    "0": {
      "closest": -0.16990384459495544,
      "centroid": -0.1897134780883789,
      "furthest": -0.2095903605222702
    },
    "1": {
      "closest": 0.16312822699546814,
      "centroid": 0.18461674451828003,
      "furthest": 0.20502281188964844
    }
  },
  "6": {
    "0": {
      "closest": -0.19093698263168335,
      "centroid": -0.20311550796031952,
      "furthest": -0.22296065092086792
    },
    "1": {
      "closest": 0.2056368589401245,
      "centroid": 0.21791356801986694,
      "furthest": 0.2310396283864975
    }
  },
  "7": {
    "0": {
      "closest": -0.15041519701480865,
      "centroid": -0.16348305344581604,
      "furthest": -0.17805688083171844
    },
    "1": {
      "closest": 0.15888822078704834,
      "centroid": 0.1775422990322113,
      "furthest": 0.19236040115356445
    }
  },
  "8": {
    "0": {
      "closest": -0.16706055402755737,
      "centroid": -0.1802581548690796,
      "furthest": -0.19525101780891418
    },
    "1": {
      "closest": 0.16607221961021423,
      "centroid": 0.18410354852676392,
      "furthest": 0.19914548099040985
    }
  },
  "9": {
    "0": {
      "closest": -0.18768614530563354,
      "centroid": -0.20344626903533936,
      "furthest": -0.22340042889118195
    },
    "1": {
      "closest": 0.16463817656040192,
      "centroid": 0.18651412427425385,
      "furthest": 0.2025686502456665
    }
  },
  "10": {
    "0": {
      "closest": -0.23023803532123566,
      "centroid": -0.25540077686309814,
      "furthest": -0.2778025269508362
    },
    "1": {
      "closest": 0.227946937084198,
      "centroid": 0.252032995223999,
      "furthest": 0.27095338702201843
    }
  },
  "11": {
    "0": {
      "closest": -0.2686160206794739,
      "centroid": -0.2970425486564636,
      "furthest": -0.3277004361152649
    },
    "1": {
      "closest": 0.2603715658187866,
      "centroid": 0.28893256187438965,
      "furthest": 0.3106735944747925
    }
  },
  "12": {
    "0": {
      "closest": -0.18821847438812256,
      "centroid": -0.23199626803398132,
      "furthest": -0.26777687668800354
    },
    "1": {
      "closest": 0.19506213068962097,
      "centroid": 0.22168901562690735,
      "furthest": 0.24997395277023315
    }
  },
  "13": {
    "0": {
      "closest": -0.23876553773880005,
      "centroid": -0.2856675684452057,
      "furthest": -0.329685240983963
    },
    "1": {
      "closest": 0.2234780490398407,
      "centroid": 0.2686109244823456,
      "furthest": 0.2980644106864929
    }
  },
  "14": {
    "0": {
      "closest": -0.16675901412963867,
      "centroid": -0.24832451343536377,
      "furthest": -0.31150227785110474
    },
    "1": {
      "closest": 0.17132610082626343,
      "centroid": 0.23833458125591278,
      "furthest": 0.3439164161682129
    }
  },
  "15": {
    "0": {
      "closest": -0.1699417233467102,
      "centroid": -0.2685790956020355,
      "furthest": -0.3414280116558075
    },
    "1": {
      "closest": 0.17615333199501038,
      "centroid": 0.2516706585884094,
      "furthest": 0.3747483789920807
    }
  },
  "16": {
    "0": {
      "closest": -0.22609013319015503,
      "centroid": -0.3760426640510559,
      "furthest": -0.4776553511619568
    },
    "1": {
      "closest": 0.23452655971050262,
      "centroid": 0.36449435353279114,
      "furthest": 0.5205696225166321
    }
  },
  "17": {
    "0": {
      "closest": -0.4282650053501129,
      "centroid": -0.5389158129692078,
      "furthest": -0.6087079644203186
    },
    "1": {
      "closest": 0.15472809970378876,
      "centroid": 0.307315468788147,
      "furthest": 0.5306152701377869
    }
  },
  "18": {
    "0": {
      "closest": -0.2853103280067444,
      "centroid": -0.3922850787639618,
      "furthest": -0.47664710879325867
    },
    "1": {
      "closest": 0.18242616951465607,
      "centroid": 0.31744155287742615,
      "furthest": 0.5178610682487488
    }
  },
  "19": {
    "0": {
      "closest": -0.25823259353637695,
      "centroid": -0.3560018539428711,
      "furthest": -0.4437982141971588
    },
    "1": {
      "closest": 0.1295853853225708,
      "centroid": 0.2574044167995453,
      "furthest": 0.4462883770465851
    }
  },
  "20": {
    "0": {
      "closest": -0.2373046875,
      "centroid": -0.3713940382003784,
      "furthest": -0.458984375
    },
    "1": {
      "closest": 0.138671875,
      "centroid": 0.27516356110572815,
      "furthest": 0.466796875
    }
  },
  "21": {
    "0": {
      "closest": -0.35584187507629395,
      "centroid": -0.4850277602672577,
      "furthest": -0.582439124584198
    },
    "1": {
      "closest": 0.13755309581756592,
      "centroid": 0.2998417615890503,
      "furthest": 0.48334604501724243
    }
  },
  "22": {
    "0": {
      "closest": -0.27152085304260254,
      "centroid": -0.5144662261009216,
      "furthest": -0.6663885712623596
    },
    "1": {
      "closest": 0.17420196533203125,
      "centroid": 0.37691035866737366,
      "furthest": 0.6999938488006592
    }
  },
  "23": {
    "0": {
      "closest": -0.3356480896472931,
      "centroid": -0.4272685945034027,
      "furthest": -0.5396731495857239
    },
    "1": {
      "closest": 0.2256614714860916,
      "centroid": 0.35923635959625244,
      "furthest": 0.5320682525634766
    }
  },
  "24": {
    "0": {
      "closest": -0.35325372219085693,
      "centroid": -0.44866782426834106,
      "furthest": -0.5785166621208191
    },
    "1": {
      "closest": 0.19685101509094238,
      "centroid": 0.38632652163505554,
      "furthest": 0.6253067255020142
    }
  },
  "25": {
    "0": {
      "closest": -0.3080620765686035,
      "centroid": -0.47436997294425964,
      "furthest": -0.6145858764648438
    },
    "1": {
      "closest": 0.282118558883667,
      "centroid": 0.46345147490501404,
      "furthest": 0.8047255277633667
    }
  },
  "26": {
    "0": {
      "closest": -0.38012611865997314,
      "centroid": -0.5251631140708923,
      "furthest": -0.6588113307952881
    },
    "1": {
      "closest": 0.3091942071914673,
      "centroid": 0.509968638420105,
      "furthest": 0.8654104471206665
    }
  },
  "27": {
    "0": {
      "closest": -0.3593648672103882,
      "centroid": -0.5255067348480225,
      "furthest": -0.6706616878509521
    },
    "1": {
      "closest": 0.3199958801269531,
      "centroid": 0.5218779444694519,
      "furthest": 0.8413372039794922
    }
  },
  "28": {
    "0": {
      "closest": -0.41313421726226807,
      "centroid": -0.6119585633277893,
      "furthest": -0.7951020002365112
    },
    "1": {
      "closest": 0.4237852394580841,
      "centroid": 0.6199147701263428,