{
  "0": {
    "0": {
      "closest": -0.052734375,
      "centroid": -0.055623169988393784,
      "furthest": -0.057861328125
    },
    "1": {
      "closest": 0.0419921875,
      "centroid": 0.044694215059280396,
      "furthest": 0.04833984375
    }
  },
  "1": {
    "0": {
      "closest": -0.062255859375,
      "centroid": -0.06776183843612671,
      "furthest": -0.072265625
    },
    "1": {
      "closest": 0.0546875,
      "centroid": 0.058525390923023224,
      "furthest": 0.06396484375
    }
  },
  "2": {
    "0": {
      "closest": -0.10413277894258499,
      "centroid": -0.11061830818653107,
      "furthest": -0.12005821615457535
    },
    "1": {
      "closest": 0.0694306418299675,
      "centroid": 0.07731325924396515,
      "furthest": 0.0875464528799057
    }
  },
  "3": {
    "0": {
      "closest": -0.11835341155529022,
      "centroid": -0.12514235079288483,
      "furthest": -0.1363062560558319
    },
    "1": {
      "closest": 0.12449464946985245,
      "centroid": 0.133213609457016,
      "furthest": 0.1408114731311798
    }
  },
  "4": {
    "0": {
      "closest": -0.11584024876356125,
      "centroid": -0.13684049248695374,
      "furthest": -0.15309493243694305
    },
    "1": {
      "closest": 0.12254659086465836,
      "centroid": 0.14177042245864868,
      "furthest": 0.15859436988830566
    }
  },
  "5": {
    "0": {
      "closest": -0.13687825202941895,
      "centroid": -0.16043658554553986,
      "furthest": -0.18026362359523773
    },
    "1": {
      "closest": 0.14183005690574646,
      "centroid": 0.16255854070186615,
      "furthest": 0.1788722574710846
    }
  },
  "6": {
    "0": {
      "closest": -0.1757979691028595,
      "centroid": -0.18648284673690796,
      "furthest": -0.20684775710105896
    },
    "1": {
      "closest": 0.1860600858926773,
      "centroid": 0.19994649291038513,
      "furthest": 0.2172170728445053
    }
  },
  "7": {
    "0": {
      "closest": -0.1503155678510666,
      "centroid": -0.16234248876571655,
      "furthest": -0.1802792251110077
    },
    "1": {
      "closest": 0.15790796279907227,
      "centroid": 0.1777365356683731,
      "furthest": 0.1898382306098938
    }
  },
  "8": {
    "0": {
      "closest": -0.1622093915939331,
      "centroid": -0.1791500449180603,
      "furthest": -0.19515113532543182
    },
    "1": {
      "closest": 0.17220963537693024,
      "centroid": 0.18573127686977386,
      "furthest": 0.19655396044254303
    }
  },
  "9": {
    "0": {
      "closest": -0.18121694028377533,
      "centroid": -0.2021038681268692,
      "furthest": -0.22288691997528076
    },
    "1": {
      "closest": 0.16641360521316528,
      "centroid": 0.1881067156791687,
      "furthest": 0.20678046345710754
    }
  },
  "10": {
    "0": {
      "closest": -0.211716890335083,
      "centroid": -0.2413480132818222,
      "furthest": -0.26954033970832825
    },
    "1": {
      "closest": 0.19644421339035034,
      "centroid": 0.2192365974187851,
      "furthest": 0.2420235127210617
    }
  },
  "11": {
    "0": {
      "closest": -0.2572505474090576,
      "centroid": -0.28909146785736084,
      "furthest": -0.31989139318466187
    },
    "1": {
      "closest": 0.25060492753982544,
      "centroid": 0.2837938070297241,
      "furthest": 0.31277039647102356
    }
  },
  "12": {
    "0": {
      "closest": -0.2631247043609619,
      "centroid": -0.2959297001361847,
      "furthest": -0.3328000605106354
    },
    "1": {
      "closest": 0.2555071711540222,
      "centroid": 0.2878454327583313,
      "furthest": 0.3160380721092224
    }
  },
  "13": {
    "0": {
      "closest": -0.19067957997322083,
      "centroid": -0.23267585039138794,
      "furthest": -0.28081825375556946
    },
    "1": {
      "closest": 0.16765016317367554,
      "centroid": 0.2165089100599289,
      "furthest": 0.2543448507785797
    }
  },
  "14": {
    "0": {
      "closest": -0.11227461695671082,
      "centroid": -0.2150113731622696,
      "furthest": -0.3043501377105713
    },
    "1": {
      "closest": 0.11660826206207275,
      "centroid": 0.21351569890975952,
      "furthest": 0.3430980443954468
    }
  },
  "15": {
    "0": {
      "closest": -0.19767919182777405,
      "centroid": -0.29254060983657837,
      "furthest": -0.36735886335372925
    },
    "1": {
      "closest": 0.18089067935943604,
      "centroid": 0.28298264741897583,
      "furthest": 0.4635050594806671
    }
  },
  "16": {
    "0": {
      "closest": -0.3095903694629669,
      "centroid": -0.4904125928878784,
      "furthest": -0.6139161586761475
    },
    "1": {
      "closest": 0.32190650701522827,
      "centroid": 0.488057404756546,
      "furthest": 0.6891143918037415
    }
  },
  "17": {
    "0": {
      "closest": -0.4379200041294098,
      "centroid": -0.5376653075218201,
      "furthest": -0.6271266937255859
    },
    "1": {
      "closest": 0.001311805099248886,
      "centroid": 0.14380773901939392,
      "furthest": 0.36787736415863037
    }
  },
  "18": {
    "0": {
      "closest": -0.3372519016265869,
      "centroid": -0.4720708429813385,
      "furthest": -0.5742871761322021
    },
    "1": {
      "closest": 0.15368765592575073,
      "centroid": 0.3139163851737976,
      "furthest": 0.5593308806419373
    }
  },
  "19": {
    "0": {
      "closest": -0.2654147446155548,
      "centroid": -0.3952275812625885,
      "furthest": -0.4957208037376404
    },
    "1": {
      "closest": 0.0683557391166687,
      "centroid": 0.3208121359348297,
      "furthest": 0.5830663442611694
    }
  },
  "20": {
    "0": {
      "closest": -0.272032767534256,
      "centroid": -0.43131962418556213,
      "furthest": -0.544477105140686
    },
    "1": {
      "closest": 0.07892447710037231,
      "centroid": 0.31959274411201477,
      "furthest": 0.5933440923690796
    }
  },
  "21": {
    "0": {
      "closest": -0.3363661468029022,
      "centroid": -0.5122054219245911,
      "furthest": -0.6305317878723145
    },
    "1": {
      "closest": 0.0875428318977356,
      "centroid": 0.3049681782722473,
      "furthest": 0.5910672545433044
    }
  },
  "22": {
    "0": {
      "closest": -0.33601418137550354,
      "centroid": -0.47622066736221313,
      "furthest": -0.6432955861091614
    },
    "1": {
      "closest": 0.12370812892913818,
      "centroid": 0.3328271210193634,
      "furthest": 0.5783297419548035
    }
  },
  "23": {
    "0": {
      "closest": -0.34116560220718384,
      "centroid": -0.4275709390640259,
      "furthest": -0.5707640051841736
    },
    "1": {
      "closest": 0.11575672030448914,
      "centroid": 0.3423316180706024,
      "furthest": 0.5313600301742554
    }
  },
  "24": {
    "0": {
      "closest": -0.3380495607852936,
      "centroid": -0.45459458231925964,
      "furthest": -0.5807070732116699
    },
    "1": {
      "closest": 0.09752732515335083,
      "centroid": 0.3804734945297241,
      "furthest": 0.6573528051376343
    }
  },
  "25": {
    "0": {
      "closest": -0.32086479663848877,
      "centroid": -0.46756160259246826,
      "furthest": -0.6745198369026184
    },
    "1": {
      "closest": 0.15673696994781494,
      "centroid": 0.44672369956970215,
      "furthest": 0.872555136680603
    }
  },
  "26": {
    "0": {
      "closest": -0.37538182735443115,
      "centroid": -0.5084539651870728,
      "furthest": -0.6968994140625
    },
    "1": {
      "closest": 0.18266308307647705,
      "centroid": 0.4921987056732178,
      "furthest": 0.909455418586731
    }
  },
  "27": {
    "0": {
      "closest": -0.35987722873687744,
      "centroid": -0.5114762783050537,
      "furthest": -0.7584494352340698
    },
    "1": {
      "closest": 0.19097912311553955,
      "centroid": 0.5017973184585571,
      "furthest": 0.8647782802581787
    }
  },
  "28": {
    "0": {
      "closest": -0.2804241180419922,
      "centroid": -0.47088947892189026,
      "furthest": -0.6859117150306702
    },
    "1": {
      "closest": 0.3117522895336151,
      "centroid": 0.4741476774215698,