{
  "0": {
    "0": {
      "closest": -0.004479088820517063,
      "centroid": -0.020352791994810104,
      "furthest": -0.049319494515657425
    },
    "1": {
      "closest": 0.0047823404893279076,
      "centroid": 0.020954206585884094,
      "furthest": 0.06568096578121185
    }
  },
  "1": {
    "0": {
      "closest": -0.004430234432220459,
      "centroid": -0.025447634980082512,
      "furthest": -0.060312673449516296
    },
    "1": {
      "closest": 0.0033847084268927574,
      "centroid": 0.02704770117998123,
      "furthest": 0.07531792670488358
    }
  },
  "2": {
    "0": {
      "closest": -0.014933283440768719,
      "centroid": -0.04940704256296158,
      "furthest": -0.11134900897741318
    },
    "1": {
      "closest": 0.012082605622708797,
      "centroid": 0.05226887762546539,
      "furthest": 0.15737596154212952
    }
  },
  "3": {
    "0": {
      "closest": -0.018807146698236465,
      "centroid": -0.07398204505443573,
      "furthest": -0.16997136175632477
    },
    "1": {
      "closest": 0.014312314800918102,
      "centroid": 0.07913298159837723,
      "furthest": 0.218087837100029
    }
  },
  "4": {
    "0": {
      "closest": -0.02540585771203041,
      "centroid": -0.10554511845111847,
      "furthest": -0.2617827355861664
    },
    "1": {
      "closest": 0.020705679431557655,
      "centroid": 0.11326644569635391,
      "furthest": 0.2785559594631195
    }
  },
  "5": {
    "0": {
      "closest": -0.034434184432029724,
      "centroid": -0.1338997781276703,
      "furthest": -0.33632373809814453
    },
    "1": {
      "closest": 0.02233387529850006,
      "centroid": 0.13748964667320251,
      "furthest": 0.33500486612319946
    }
  },
  "6": {
    "0": {
      "closest": -0.04157240688800812,
      "centroid": -0.16577640175819397,
      "furthest": -0.4361690580844879
    },
    "1": {
      "closest": 0.030253462493419647,
      "centroid": 0.17215552926063538,
      "furthest": 0.3911769390106201
    }
  },
  "7": {
    "0": {
      "closest": -0.05073883384466171,
      "centroid": -0.20041485130786896,
      "furthest": -0.4771006107330322
    },
    "1": {
      "closest": 0.044593364000320435,
      "centroid": 0.20625931024551392,
      "furthest": 0.46375325322151184
    }
  },
  "8": {
    "0": {
      "closest": -0.05359651520848274,
      "centroid": -0.222102090716362,
      "furthest": -0.4870072603225708
    },
    "1": {
      "closest": 0.04768440127372742,
      "centroid": 0.22249725461006165,
      "furthest": 0.4918224811553955
    }
  },
  "9": {
    "0": {
      "closest": -0.04717309772968292,
      "centroid": -0.2389015555381775,
      "furthest": -0.49689584970474243
    },
    "1": {
      "closest": 0.044350944459438324,
      "centroid": 0.23620018362998962,
      "furthest": 0.5042396783828735
    }
  },
  "10": {
    "0": {
      "closest": -0.04174938425421715,
      "centroid": -0.24948719143867493,
      "furthest": -0.5393713712692261
    },
    "1": {
      "closest": 0.044769078493118286,
      "centroid": 0.24319633841514587,
      "furthest": 0.5029385685920715
    }
  },
  "11": {
    "0": {
      "closest": -0.05116371810436249,
      "centroid": -0.25386369228363037,
      "furthest": -0.5363502502441406
    },
    "1": {
      "closest": 0.0546950064599514,
      "centroid": 0.24650771915912628,
      "furthest": 0.5377516746520996
    }
  },
  "12": {
    "0": {
      "closest": -0.05433818697929382,
      "centroid": -0.2826189398765564,
      "furthest": -0.5902605056762695
    },
    "1": {
      "closest": 0.05938718467950821,
      "centroid": 0.2711527645587921,
      "furthest": 0.5701271295547485
    }
  },
  "13": {
    "0": {
      "closest": -0.05686672776937485,
      "centroid": -0.2908256947994232,
      "furthest": -0.6338211297988892
    },
    "1": {
      "closest": 0.06011563166975975,
      "centroid": 0.2784523367881775,
      "furthest": 0.5989970564842224
    }
  },
  "14": {
    "0": {
      "closest": -0.062418241053819656,
      "centroid": -0.29243364930152893,
      "furthest": -0.6099245548248291
    },
    "1": {
      "closest": 0.05879279226064682,
      "centroid": 0.2847747206687927,
      "furthest": 0.6052183508872986
    }
  },
  "15": {
    "0": {
      "closest": -0.03493136912584305,
      "centroid": -0.27198195457458496,
      "furthest": -0.6235830187797546
    },
    "1": {
      "closest": 0.009577542543411255,
      "centroid": 0.26552990078926086,
      "furthest": 0.6360964179039001
    }
  },
  "16": {
    "0": {
      "closest": -0.017961271107196808,
      "centroid": -0.2946302890777588,
      "furthest": -0.6539780497550964
    },
    "1": {
      "closest": 0.021702438592910767,
      "centroid": 0.2850796580314636,
      "furthest": 0.6871936321258545
    }
  },
  "17": {
    "0": {
      "closest": -0.03303595632314682,
      "centroid": -0.32892829179763794,
      "furthest": -0.7325551509857178
    },
    "1": {
      "closest": 0.02564851939678192,
      "centroid": 0.3163284659385681,
      "furthest": 0.8394894599914551
    }
  },
  "18": {
    "0": {
      "closest": -0.024598747491836548,
      "centroid": -0.3716806173324585,
      "furthest": -0.8431581258773804
    },
    "1": {
      "closest": 0.03306695818901062,
      "centroid": 0.35632163286209106,
      "furthest": 0.9072892665863037
    }
  },
  "19": {
    "0": {
      "closest": -0.041570357978343964,
      "centroid": -0.3942258358001709,
      "furthest": -0.8552924990653992
    },
    "1": {
      "closest": 0.05305926501750946,
      "centroid": 0.3822826147079468,
      "furthest": 1.0135607719421387
    }
  },
  "20": {
    "0": {
      "closest": -0.006909385323524475,
      "centroid": -0.30646154284477234,
      "furthest": -0.7350655794143677
    },
    "1": {
      "closest": -0.00115242600440979,
      "centroid": 0.2941518723964691,
      "furthest": 0.7752768993377686
    }
  },
  "21": {
    "0": {
      "closest": -0.11382842808961868,
      "centroid": -0.5543174743652344,
      "furthest": -1.2783199548721313
    },
    "1": {
      "closest": 0.14261449873447418,
      "centroid": 0.5424612164497375,
      "furthest": 1.334829568862915
    }
  },
  "22": {
    "0": {
      "closest": -0.1165209636092186,
      "centroid": -0.5917580127716064,
      "furthest": -1.407069444656372
    },
    "1": {
      "closest": 0.14875203371047974,
      "centroid": 0.5859261155128479,
      "furthest": 1.4239096641540527
    }
  },
  "23": {
    "0": {
      "closest": -0.12529313564300537,
      "centroid": -0.6385716199874878,
      "furthest": -1.4878449440002441
    },
    "1": {
      "closest": 0.1594594120979309,
      "centroid": 0.6301731467247009,
      "furthest": 1.4934780597686768
    }
  },
  "24": {
    "0": {
      "closest": -0.1232563704252243,
      "centroid": -0.6817850470542908,
      "furthest": -1.5435138940811157
    },
    "1": {
      "closest": 0.16886767745018005,
      "centroid": 0.6682925224304199,
      "furthest": 1.5809099674224854
    }
  },
  "25": {
    "0": {
      "closest": -0.13335439562797546,
      "centroid": -0.7358071804046631,
      "furthest": -1.7104952335357666
    },
    "1": {
      "closest": 0.1827063262462616,
      "centroid": 0.7215853333473206,
      "furthest": 1.6789885759353638
    }
  },
  "26": {
    "0": {
      "closest": -0.0838431715965271,
      "centroid": -0.7530313730239868,
      "furthest": -1.6990947723388672
    },
    "1": {
      "closest": 0.15197139978408813,
      "centroid": 0.7430247664451599,
      "furthest": 1.7946430444717407
    }
  },
  "27": {
    "0": {
      "closest": -0.13570384681224823,
      "centroid": -0.8411242961883545,
      "furthest": -1.87545907497406
    },
    "1": {
      "closest": 0.19285348057746887,
      "centroid": 0.825947105884552,
      "furthest": 1.8836109638214111
    }
  },
  "28": {
    "0": {
      "closest": -0.11510434001684189,
      "centroid": -0.8878433704376221,