{
  "0": {
    "0": {
      "closest": -0.006406215950846672,
      "centroid": -0.024590492248535156,
      "furthest": -0.07000666111707687
    },
    "1": {
      "closest": 0.005562588572502136,
      "centroid": 0.020737135782837868,
      "furthest": 0.046600937843322754
    }
  },
  "1": {
    "0": {
      "closest": -0.010220684111118317,
      "centroid": -0.03754786401987076,
      "furthest": -0.10393242537975311
    },
    "1": {
      "closest": 0.008731082081794739,
      "centroid": 0.03154681622982025,
      "furthest": 0.06389708817005157
    }
  },
  "2": {
    "0": {
      "closest": -0.015352555550634861,
      "centroid": -0.0635540708899498,
      "furthest": -0.18063613772392273
    },
    "1": {
      "closest": 0.014826428145170212,
      "centroid": 0.051658473908901215,
      "furthest": 0.11880837380886078
    }
  },
  "3": {
    "0": {
      "closest": -0.01939932256937027,
      "centroid": -0.09673357009887695,
      "furthest": -0.24109160900115967
    },
    "1": {
      "closest": 0.019166860729455948,
      "centroid": 0.07943878322839737,
      "furthest": 0.1904045045375824
    }
  },
  "4": {
    "0": {
      "closest": -0.0007296670228242874,
      "centroid": -0.09217266738414764,
      "furthest": -0.23823261260986328
    },
    "1": {
      "closest": 0.0039318278431892395,
      "centroid": 0.07411430031061172,
      "furthest": 0.17037135362625122
    }
  },
  "5": {
    "0": {
      "closest": -0.03291814774274826,
      "centroid": -0.1571042388677597,
      "furthest": -0.36952441930770874
    },
    "1": {
      "closest": 0.03150513768196106,
      "centroid": 0.13527709245681763,
      "furthest": 0.2949843406677246
    }
  },
  "6": {
    "0": {
      "closest": -0.0006715413182973862,
      "centroid": -0.14478884637355804,
      "furthest": -0.3711739182472229
    },
    "1": {
      "closest": 0.0030639134347438812,
      "centroid": 0.11746139824390411,
      "furthest": 0.2908220589160919
    }
  },
  "7": {
    "0": {
      "closest": -0.04975215718150139,
      "centroid": -0.23577408492565155,
      "furthest": -0.529991865158081
    },
    "1": {
      "closest": 0.04458394646644592,
      "centroid": 0.20424066483974457,
      "furthest": 0.45503634214401245
    }
  },
  "8": {
    "0": {
      "closest": -0.055682405829429626,
      "centroid": -0.257919579744339,
      "furthest": -0.5673679113388062
    },
    "1": {
      "closest": 0.05069675296545029,
      "centroid": 0.2231227457523346,
      "furthest": 0.4772269129753113
    }
  },
  "9": {
    "0": {
      "closest": -0.056601837277412415,
      "centroid": -0.28394606709480286,
      "furthest": -0.618157148361206
    },
    "1": {
      "closest": 0.061917681246995926,
      "centroid": 0.2460748702287674,
      "furthest": 0.5376496315002441
    }
  },
  "10": {
    "0": {
      "closest": -0.05626090615987778,
      "centroid": -0.2978503406047821,
      "furthest": -0.6673187613487244
    },
    "1": {
      "closest": 0.05795656517148018,
      "centroid": 0.2577427923679352,
      "furthest": 0.5861595273017883
    }
  },
  "11": {
    "0": {
      "closest": -0.05964844673871994,
      "centroid": -0.2955930233001709,
      "furthest": -0.650470495223999
    },
    "1": {
      "closest": 0.05926740914583206,
      "centroid": 0.25454410910606384,
      "furthest": 0.5708434581756592
    }
  },
  "12": {
    "0": {
      "closest": -0.07027726620435715,
      "centroid": -0.32776179909706116,
      "furthest": -0.740397572517395
    },
    "1": {
      "closest": 0.05831816419959068,
      "centroid": 0.2776655852794647,
      "furthest": 0.5983868837356567
    }
  },
  "13": {
    "0": {
      "closest": -0.07312562316656113,
      "centroid": -0.335496187210083,
      "furthest": -0.7367913722991943
    },
    "1": {
      "closest": 0.05679294466972351,
      "centroid": 0.2889045774936676,
      "furthest": 0.6568903923034668
    }
  },
  "14": {
    "0": {
      "closest": -0.07256726175546646,
      "centroid": -0.3524559736251831,
      "furthest": -0.7820390462875366
    },
    "1": {
      "closest": 0.06337274610996246,
      "centroid": 0.2994139790534973,
      "furthest": 0.6861197352409363
    }
  },
  "15": {
    "0": {
      "closest": -0.09271234273910522,
      "centroid": -0.3968685567378998,
      "furthest": -0.8932698369026184
    },
    "1": {
      "closest": 0.06577251851558685,
      "centroid": 0.3322586119174957,
      "furthest": 0.7695870399475098
    }
  },
  "16": {
    "0": {
      "closest": -0.025986239314079285,
      "centroid": -0.37589016556739807,
      "furthest": -0.9252698421478271
    },
    "1": {
      "closest": 0.01529422402381897,
      "centroid": 0.31618785858154297,
      "furthest": 0.6994272470474243
    }
  },
  "17": {
    "0": {
      "closest": -0.10638055205345154,
      "centroid": -0.45458465814590454,
      "furthest": -1.113903522491455
    },
    "1": {
      "closest": 0.07676999270915985,
      "centroid": 0.3934060335159302,
      "furthest": 0.8900070190429688
    }
  },
  "18": {
    "0": {
      "closest": -0.04978001117706299,
      "centroid": -0.4440678060054779,
      "furthest": -1.119498610496521
    },
    "1": {
      "closest": 0.0070437416434288025,
      "centroid": 0.3822411596775055,
      "furthest": 0.9371868371963501
    }
  },
  "19": {
    "0": {
      "closest": -0.11557004600763321,
      "centroid": -0.5109243988990784,
      "furthest": -1.2625343799591064
    },
    "1": {
      "closest": 0.09884759783744812,
      "centroid": 0.45184874534606934,
      "furthest": 1.039215326309204
    }
  },
  "20": {
    "0": {
      "closest": -0.0736011266708374,
      "centroid": -0.5148266553878784,
      "furthest": -1.2716920375823975
    },
    "1": {
      "closest": 0.03025899827480316,
      "centroid": 0.4462708532810211,
      "furthest": 1.0244295597076416
    }
  },
  "21": {
    "0": {
      "closest": -0.13765987753868103,
      "centroid": -0.634564220905304,
      "furthest": -1.5382907390594482
    },
    "1": {
      "closest": 0.11848431825637817,
      "centroid": 0.5483965873718262,
      "furthest": 1.2076263427734375
    }
  },
  "22": {
    "0": {
      "closest": -0.1486930251121521,
      "centroid": -0.6859186291694641,
      "furthest": -1.712127923965454
    },
    "1": {
      "closest": 0.13970358669757843,
      "centroid": 0.583086371421814,
      "furthest": 1.2584185600280762
    }
  },
  "23": {
    "0": {
      "closest": -0.16072748601436615,
      "centroid": -0.7403804063796997,
      "furthest": -1.8928370475769043
    },
    "1": {
      "closest": 0.14941194653511047,
      "centroid": 0.6271160244941711,
      "furthest": 1.3915218114852905
    }
  },
  "24": {
    "0": {
      "closest": -0.164425790309906,
      "centroid": -0.7852330207824707,
      "furthest": -2.110262870788574
    },
    "1": {
      "closest": 0.15739448368549347,
      "centroid": 0.6657723784446716,
      "furthest": 1.4802131652832031
    }
  },
  "25": {
    "0": {
      "closest": -0.1318189650774002,
      "centroid": -0.8154028058052063,
      "furthest": -2.045671224594116
    },
    "1": {
      "closest": 0.11400461941957474,
      "centroid": 0.6973190307617188,
      "furthest": 1.662355899810791
    }
  },
  "26": {
    "0": {
      "closest": -0.18988749384880066,
      "centroid": -0.9240415692329407,
      "furthest": -2.4338464736938477
    },
    "1": {
      "closest": 0.17913863062858582,
      "centroid": 0.7849060893058777,
      "furthest": 1.8034740686416626
    }
  },
  "27": {
    "0": {
      "closest": -0.16079427301883698,
      "centroid": -0.9585728645324707,
      "furthest": -2.4341795444488525
    },
    "1": {
      "closest": 0.12800480425357819,
      "centroid": 0.8214585781097412,
      "furthest": 1.8840091228485107
    }
  },
  "28": {
    "0": {
      "closest": -0.18065956234931946,
      "centroid": -1.0278875827789307,
      "furthest": -2.6258232593536377
    },