{
  "0": {
    "0": {
      "closest": -0.0002525963426723496,
      "centroid": -0.04013999913271013,
      "furthest": -0.13355655927568313
    },
    "1": {
      "closest": 0.001143334467479393,
      "centroid": 0.03794514649497974,
      "furthest": 0.11181044068255448
    }
  },
  "1": {
    "0": {
      "closest": -6.815480361083842e-05,
      "centroid": -0.05586976501615958,
      "furthest": -0.1585003370660774
    },
    "1": {
      "closest": 0.0002191344601782108,
      "centroid": 0.05148485289340055,
      "furthest": 0.12443032630141859
    }
  },
  "2": {
    "0": {
      "closest": -0.0002831134374541647,
      "centroid": -0.08233630300897868,
      "furthest": -0.21113616872323757
    },
    "1": {
      "closest": -0.0004278865006132424,
      "centroid": 0.0710667358565436,
      "furthest": 0.15497973866148196
    }
  },
  "3": {
    "0": {
      "closest": -0.0002911548359502414,
      "centroid": -0.1478504328880371,
      "furthest": -0.3549029784281611
    },
    "1": {
      "closest": 0.00034153859100584383,
      "centroid": 0.13170425716033474,
      "furthest": 0.29982483514354663
    }
  },
  "4": {
    "0": {
      "closest": -0.001332666005784999,
      "centroid": -0.21282095446625837,
      "furthest": -0.5161901419723673
    },
    "1": {
      "closest": -0.0014932410812841072,
      "centroid": 0.20193000803187341,
      "furthest": 0.47452701621188237
    }
  },
  "5": {
    "0": {
      "closest": -0.000780192826932348,
      "centroid": -0.2676382521419327,
      "furthest": -0.6673025194791251
    },
    "1": {
      "closest": -8.991673332545136e-05,
      "centroid": 0.2481902508974221,
      "furthest": 0.5591831017199591
    }
  },
  "6": {
    "0": {
      "closest": 0.0017886178872728031,
      "centroid": -0.3126873032732918,
      "furthest": -0.6882397085020933
    },
    "1": {
      "closest": -0.007547180255839413,
      "centroid": 0.29692067604143846,
      "furthest": 0.6957408790971771
    }
  },
  "7": {
    "0": {
      "closest": 0.006087708043065576,
      "centroid": -0.35725835050649346,
      "furthest": -0.7575931489050014
    },
    "1": {
      "closest": -0.007233280619651672,
      "centroid": 0.34073852192467713,
      "furthest": 0.7215087286375896
    }
  },
  "8": {
    "0": {
      "closest": 0.005890595753523034,
      "centroid": -0.3983708845634024,
      "furthest": -0.8340389641248533
    },
    "1": {
      "closest": 0.0005573024480817201,
      "centroid": 0.37239777142531333,
      "furthest": 0.7485803230023103
    }
  },
  "9": {
    "0": {
      "closest": 0.0021921730984852256,
      "centroid": -0.4089532009981942,
      "furthest": -0.8548614054225137
    },
    "1": {
      "closest": 0.0018871763269092123,
      "centroid": 0.39281593222327565,
      "furthest": 0.7521026856006985
    }
  },
  "10": {
    "0": {
      "closest": 4.660278621454461e-05,
      "centroid": -0.44743619218768543,
      "furthest": -0.9303892228692174
    },
    "1": {
      "closest": 0.001185696455431956,
      "centroid": 0.4303647870773243,
      "furthest": 0.7997550308556202
    }
  },
  "11": {
    "0": {
      "closest": 0.008525846447784535,
      "centroid": -0.4460847804673909,
      "furthest": -0.9114027520723804
    },
    "1": {
      "closest": 0.005539991671608402,
      "centroid": 0.42852806330455834,
      "furthest": 0.7979161921496222
    }
  },
  "12": {
    "0": {
      "closest": -0.00397406789064042,
      "centroid": -0.5006151184878571,
      "furthest": -0.9602563294451805
    },
    "1": {
      "closest": 0.0246569068587274,
      "centroid": 0.48060537238020573,
      "furthest": 0.9239419667758528
    }
  },
  "13": {
    "0": {
      "closest": 0.00069936694946552,
      "centroid": -0.5213280561081646,
      "furthest": -1.0416359034966765
    },
    "1": {
      "closest": 0.023722266615912813,
      "centroid": 0.5008735462807276,
      "furthest": 0.9897254678029072
    }
  },
  "14": {
    "0": {
      "closest": 0.014914866892593921,
      "centroid": -0.5288273198912318,
      "furthest": -1.0219828691737387
    },
    "1": {
      "closest": -0.02906010145846566,
      "centroid": 0.5051150202642211,
      "furthest": 0.956580571651416
    }
  },
  "15": {
    "0": {
      "closest": -0.024886735256519132,
      "centroid": -0.575316033991459,
      "furthest": -1.1539618154056452
    },
    "1": {
      "closest": 0.027388061082358597,
      "centroid": 0.547806417705056,
      "furthest": 1.0609937116070793
    }
  },
  "16": {
    "0": {
      "closest": -0.018387374574570903,
      "centroid": -0.609740252096058,
      "furthest": -1.2602223724765116
    },
    "1": {
      "closest": 0.06136664525011773,
      "centroid": 0.5876955190673214,
      "furthest": 1.1482468304040332
    }
  },
  "17": {
    "0": {
      "closest": -0.08854567258101723,
      "centroid": -0.7279647695741959,
      "furthest": -1.514812485659518
    },
    "1": {
      "closest": 0.05387923686490392,
      "centroid": 0.6440937102061881,
      "furthest": 1.3837328265798474
    }
  },
  "18": {
    "0": {
      "closest": -0.08880060558597702,
      "centroid": -0.6763514485630282,
      "furthest": -1.4646247085718807
    },
    "1": {
      "closest": 0.12537018642757836,
      "centroid": 0.6633589803912929,
      "furthest": 1.5289927119533915
    }
  },
  "19": {
    "0": {
      "closest": -0.022952071614162517,
      "centroid": -0.7386799231989468,
      "furthest": -1.45656199248255
    },
    "1": {
      "closest": 0.09969317612701291,
      "centroid": 0.7313527882353965,
      "furthest": 1.5653082192831533
    }
  },
  "20": {
    "0": {
      "closest": -0.08529298586635128,
      "centroid": -0.8309496612140447,
      "furthest": -1.7289588692618452
    },
    "1": {
      "closest": 0.15346591695685396,
      "centroid": 0.7448765320344063,
      "furthest": 1.6278509807319388
    }
  },
  "21": {
    "0": {
      "closest": -0.025872733295892084,
      "centroid": -0.9798019948385769,
      "furthest": -1.9443287949064154
    },
    "1": {
      "closest": 0.018410723099590076,
      "centroid": 0.9862986240116228,
      "furthest": 2.1540022132540493
    }
  },
  "22": {
    "0": {
      "closest": -0.037472008289169245,
      "centroid": -0.9688027686864092,
      "furthest": -2.0048780073811354
    },
    "1": {
      "closest": 0.11630108951180333,
      "centroid": 0.9079559734102872,
      "furthest": 2.0436289754405825
    }
  },
  "23": {
    "0": {
      "closest": -0.12659418679541123,
      "centroid": -0.9602362687170465,
      "furthest": -1.8760562502011087
    },
    "1": {
      "closest": 0.18267981336257982,
      "centroid": 0.947570347847976,
      "furthest": 1.9638408841257233
    }
  },
  "24": {
    "0": {
      "closest": -0.062300593973746876,
      "centroid": -1.1305236478926768,
      "furthest": -2.1954808348477064
    },
    "1": {
      "closest": -0.011550344947911129,
      "centroid": 1.1369467138519063,
      "furthest": 2.4669314035253027
    }
  },
  "25": {
    "0": {
      "closest": -0.08955153645623204,
      "centroid": -1.219580486469924,
      "furthest": -2.385123313379686
    },
    "1": {
      "closest": 0.03155816575458631,
      "centroid": 1.232386312647614,
      "furthest": 2.693602085075896
    }
  },
  "26": {
    "0": {
      "closest": -0.10977459212878948,
      "centroid": -1.2929139166966286,
      "furthest": -2.5533881761733963
    },
    "1": {
      "closest": -0.03329945044980065,
      "centroid": 1.3001000703510903,
      "furthest": 2.9174921615941294
    }
  },
  "27": {
    "0": {
      "closest": -0.15080832809255496,
      "centroid": -1.3585302981646297,
      "furthest": -2.7309174073086666
    },
    "1": {
      "closest": 0.0021024836012631942,
      "centroid": 1.3514717593395964,
      "furthest": 2.974339591522929
    }
  },
  "28": {
    "0": {
      "closest": -0.20260508724326826,
      "centroid": -1.4406749131253542,