{
  "0": {
    "acc": 0.88875,
    "precision": 0.8916876574307305,
    "recall": 0.885,
    "f1": 0.8883312421580929,
    "auc": 0.9521062499999999,
    "mse": 0.08671502829848171
  },
  "1": {
    "acc": 0.96,
    "precision": 0.96,
    "recall": 0.96,
    "f1": 0.96,
    "auc": 0.9918624999999999,
    "mse": 0.04916395214651796
  },
  "2": {
    "acc": 0.98,
    "precision": 0.9824120603015075,
    "recall": 0.9775,
    "f1": 0.9799498746867168,
    "auc": 0.99815625,
    "mse": 0.014824950251746984
  },
  "3": {
    "acc": 0.98125,
    "precision": 0.9824561403508771,
    "recall": 0.98,
    "f1": 0.981226533166458,
    "auc": 0.9981875,
    "mse": 0.02030400046685245
  },
  "4": {
    "acc": 0.975,
    "precision": 0.9797979797979798,
    "recall": 0.97,
    "f1": 0.9748743718592965,
    "auc": 0.9968125,
    "mse": 0.03369905653673248
  },
  "5": {
    "acc": 0.97625,
    "precision": 0.9774436090225563,
    "recall": 0.975,
    "f1": 0.9762202753441802,
    "auc": 0.9975437500000001,
    "mse": 0.026867242218319057
  },
  "6": {
    "acc": 0.9825,
    "precision": 0.9825,
    "recall": 0.9825,
    "f1": 0.9825,
    "auc": 0.99904375,
    "mse": 0.0195788936284193
  },
  "7": {
    "acc": 0.98875,
    "precision": 0.9924433249370277,
    "recall": 0.985,
    "f1": 0.9887076537013801,
    "auc": 0.99974375,
    "mse": 0.014084831087074434
  },
  "8": {
    "acc": 0.99125,
    "precision": 0.9924812030075187,
    "recall": 0.99,
    "f1": 0.9912390488110138,
    "auc": 0.99984375,
    "mse": 0.010859704742224214
  },
  "9": {
    "acc": 0.9925,
    "precision": 0.9900497512437811,
    "recall": 0.995,
    "f1": 0.9925187032418953,
    "auc": 0.99989375,
    "mse": 0.009629096591068748
  },
  "10": {
    "acc": 0.99375,
    "precision": 0.9900744416873449,
    "recall": 0.9975,
    "f1": 0.9937733499377335,
    "auc": 0.9999125000000001,
    "mse": 0.008641312976057027
  },
  "11": {
    "acc": 0.99625,
    "precision": 0.9950124688279302,
    "recall": 0.9975,
    "f1": 0.9962546816479401,
    "auc": 0.9999625,
    "mse": 0.007821093304663448
  },
  "12": {
    "acc": 0.9975,
    "precision": 0.9975,
    "recall": 0.9975,
    "f1": 0.9975,
    "auc": 0.99998125,
    "mse": 0.0062530352148473575
  },
  "13": {
    "acc": 0.995,
    "precision": 0.9925373134328358,
    "recall": 0.9975,
    "f1": 0.9950124688279302,
    "auc": 0.99998125,
    "mse": 0.006325065212094153
  },
  "14": {
    "acc": 0.99625,
    "precision": 0.9950124688279302,
    "recall": 0.9975,
    "f1": 0.9962546816479401,
    "auc": 0.9999875,
    "mse": 0.00557192080253631
  },
  "15": {
    "acc": 0.99875,
    "precision": 0.9975062344139651,
    "recall": 1.0,
    "f1": 0.9987515605493134,
    "auc": 0.99999375,
    "mse": 0.004731341222482163
  },
  "16": {
    "acc": 0.99875,
    "precision": 0.9975062344139651,
    "recall": 1.0,
    "f1": 0.9987515605493134,
    "auc": 0.99998125,
    "mse": 0.004482070483519455
  },
  "17": {
    "acc": 0.99875,
    "precision": 0.9975062344139651,
    "recall": 1.0,
    "f1": 0.9987515605493134,
    "auc": 0.9999625000000001,
    "mse": 0.0014950684670023387
  },
  "18": {
    "acc": 1.0,
    "precision": 1.0,
    "recall": 1.0,
    "f1": 1.0,
    "auc": 1.0,
    "mse": 0.00023469052316861798
  },
  "19": {
    "acc": 1.0,
    "precision": 1.0,
    "recall": 1.0,
    "f1": 1.0,
    "auc": 1.0,
    "mse": 0.002798604845286965
  },
  "20": {
    "acc": 1.0,
    "precision": 1.0,
    "recall": 1.0,
    "f1": 1.0,
    "auc": 1.0,
    "mse": 0.00029663838757866366
  },
  "21": {
    "acc": 0.99375,
    "precision": 0.9974811083123426,
    "recall": 0.99,
    "f1": 0.9937264742785445,
    "auc": 0.9995875000000001,
    "mse": 0.01512233691624857
  },
  "22": {
    "acc": 1.0,
    "precision": 1.0,
    "recall": 1.0,
    "f1": 1.0,
    "auc": 1.0,
    "mse": 0.0007557512064837104
  },
  "23": {
    "acc": 1.0,
    "precision": 1.0,
    "recall": 1.0,
    "f1": 1.0,
    "auc": 1.0,
    "mse": 0.0015014866285113877
  },
  "24": {
    "acc": 0.995,
    "precision": 0.9974874371859297,
    "recall": 0.9925,
    "f1": 0.9949874686716792,
    "auc": 0.9998750000000001,
    "mse": 0.011233907046567997
  },
  "25": {
    "acc": 0.99625,
    "precision": 0.9974937343358395,
    "recall": 0.995,
    "f1": 0.9962453066332916,
    "auc": 0.9998375,
    "mse": 0.010500173145608123
  },
  "26": {
    "acc": 0.99625,
    "precision": 0.9974937343358395,
    "recall": 0.995,
    "f1": 0.9962453066332916,
    "auc": 0.9999250000000001,
    "mse": 0.009082869394389393
  },
  "27": {
    "acc": 0.99875,
    "precision": 0.9975062344139651,
    "recall": 1.0,
    "f1": 0.9987515605493134,
    "auc": 0.9999750000000001,
    "mse": 0.007793663205329867
  },
  "28": {
    "acc": 0.99875,
    "precision": 0.9975062344139651,
    "recall": 1.0,
    "f1": 0.9987515605493134,
    "auc": 0.99998125,
    "mse": 0.00649021312489416
  },
  "29": {
    "acc": 0.99875,
    "precision": 0.9975062344139651,
    "recall": 1.0,
    "f1": 0.9987515605493134,
    "auc": 0.9999875,
    "mse": 0.006144609883561305
  },
  "30": {
    "acc": 0.99875,
    "precision": 0.9975062344139651,
    "recall": 1.0,
    "f1": 0.9987515605493134,
    "auc": 1.0,
    "mse": 0.004334770282066795
  },
  "31": {
    "acc": 1.0,
    "precision": 1.0,
    "recall": 1.0,
    "f1": 1.0,
    "auc": 1.0,
    "mse": 0.00018201498406210032
  },
  "aggregation": {
    "acc": 99.875,
    "precision": 0.9975062344139651,
    "recall": 1.0,
    "f1": 0.9987515605493134,
    "auc": 0.9999750000000001,
    "mse": 0.007799516255320505
  }
}