{
  "0": {
    "0": {
      "closest": -0.6036500314367609,
      "centroid": -0.6120234924911615,
      "furthest": -0.6233998075603927
    },
    "1": {
      "closest": 0.6226750806375515,
      "centroid": 0.6333235918939029,
      "furthest": 0.6439648539784101
    }
  },
  "1": {
    "0": {
      "closest": -0.7335840857500359,
      "centroid": -0.747267721180792,
      "furthest": -0.7596270165270878
    },
    "1": {
      "closest": 0.7496183835488729,
      "centroid": 0.7601823739507413,
      "furthest": 0.7694093031485288
    }
  },
  "2": {
    "0": {
      "closest": -0.9994134284348208,
      "centroid": -1.0207258332400904,
      "furthest": -1.042168774170307
    },
    "1": {
      "closest": 0.9873329642913677,
      "centroid": 0.9994150630021282,
      "furthest": 1.0121362412569397
    }
  },
  "3": {
    "0": {
      "closest": -1.194936886650521,
      "centroid": -1.2279082246763935,
      "furthest": -1.25015539147468
    },
    "1": {
      "closest": 1.19143153994255,
      "centroid": 1.2087318607771418,
      "furthest": 1.2318529979114985
    }
  },
  "4": {
    "0": {
      "closest": -1.4221902776199158,
      "centroid": -1.4593021377891795,
      "furthest": -1.5056627810350944
    },
    "1": {
      "closest": 1.4168297429635286,
      "centroid": 1.4584178434500839,
      "furthest": 1.5315755485687774
    }
  },
  "5": {
    "0": {
      "closest": -1.516938769610138,
      "centroid": -1.5786561967047763,
      "furthest": -1.617846493133221
    },
    "1": {
      "closest": 1.5172914421545818,
      "centroid": 1.5828614823984253,
      "furthest": 1.626702762539555
    }
  },
  "6": {
    "0": {
      "closest": -1.5121964642093741,
      "centroid": -1.5984306640957857,
      "furthest": -1.652502032049582
    },
    "1": {
      "closest": 1.5101631112223026,
      "centroid": 1.5818629917250164,
      "furthest": 1.6408561289305605
    }
  },
  "7": {
    "0": {
      "closest": -1.6707916545715749,
      "centroid": -1.7636735304521403,
      "furthest": -1.8313396662625334
    },
    "1": {
      "closest": 1.6274348635288767,
      "centroid": 1.7603504726743995,
      "furthest": 1.834770887739052
    }
  },
  "8": {
    "0": {
      "closest": -1.6745577147564754,
      "centroid": -1.7803254377494415,
      "furthest": -1.8457215594841894
    },
    "1": {
      "closest": 1.6315614703539794,
      "centroid": 1.778884144577252,
      "furthest": 1.8626799826277582
    }
  },
  "9": {
    "0": {
      "closest": -1.8371208378215809,
      "centroid": -2.044905034279917,
      "furthest": -2.1432335303596814
    },
    "1": {
      "closest": 1.8896643651933318,
      "centroid": 2.0509305485069382,
      "furthest": 2.1491601556901276
    }
  },
  "10": {
    "0": {
      "closest": -1.9850055674989266,
      "centroid": -2.2468124938665297,
      "furthest": -2.4116781931601654
    },
    "1": {
      "closest": 2.118921419135305,
      "centroid": 2.249704939444008,
      "furthest": 2.37128764909012
    }
  },
  "11": {
    "0": {
      "closest": -1.946163975719861,
      "centroid": -2.347924344594314,
      "furthest": -2.5553376360357856
    },
    "1": {
      "closest": 2.2176384406340786,
      "centroid": 2.3496028373297873,
      "furthest": 2.5193774752502396
    }
  },
  "12": {
    "0": {
      "closest": -1.6810308340807936,
      "centroid": -2.4016929531227516,
      "furthest": -2.7336374237876697
    },
    "1": {
      "closest": 2.1675639389620693,
      "centroid": 2.4000424069311306,
      "furthest": 2.652243204399112
    }
  },
  "13": {
    "0": {
      "closest": -1.4861419962199482,
      "centroid": -2.451896855066765,
      "furthest": -2.8751280013896072
    },
    "1": {
      "closest": 2.132694597801586,
      "centroid": 2.447024265490713,
      "furthest": 2.7170456229332167
    }
  },
  "14": {
    "0": {
      "closest": -1.5077932575110098,
      "centroid": -2.572449297535942,
      "furthest": -3.0043853648826917
    },
    "1": {
      "closest": 1.8395682372091713,
      "centroid": 2.551676853237378,
      "furthest": 3.27934911718296
    }
  },
  "15": {
    "0": {
      "closest": -1.6556516696410069,
      "centroid": -2.595482925269473,
      "furthest": -2.9893833397797756
    },
    "1": {
      "closest": 1.7534690949143972,
      "centroid": 2.593636185510354,
      "furthest": 3.3902222531533814
    }
  },
  "16": {
    "0": {
      "closest": -2.031939338572406,
      "centroid": -2.8737748325873884,
      "furthest": -3.2858240963751175
    },
    "1": {
      "closest": 1.886473981790239,
      "centroid": 2.8907795488662784,
      "furthest": 3.8177724769777943
    }
  },
  "17": {
    "0": {
      "closest": -2.2470091235013365,
      "centroid": -3.0391420491207572,
      "furthest": -3.462666923147373
    },
    "1": {
      "closest": 1.9702410091064624,
      "centroid": 3.062571895620946,
      "furthest": 4.059927475433031
    }
  },
  "18": {
    "0": {
      "closest": -2.319997783923811,
      "centroid": -3.1722900366955327,
      "furthest": -3.662054861666939
    },
    "1": {
      "closest": 2.098088339742066,
      "centroid": 3.1961267807702165,
      "furthest": 4.297457850988144
    }
  },
  "19": {
    "0": {
      "closest": -2.680805980754018,
      "centroid": -3.428856252114156,
      "furthest": -3.977846338750136
    },
    "1": {
      "closest": 2.3408091040043053,
      "centroid": 3.460013566363406,
      "furthest": 4.701570366756139
    }
  },
  "20": {
    "0": {
      "closest": -2.945949189381178,
      "centroid": -3.7112041681745715,
      "furthest": -4.287502382755984
    },
    "1": {
      "closest": 2.488906853109887,
      "centroid": 3.7571839177824904,
      "furthest": 5.263462846008846
    }
  },
  "21": {
    "0": {
      "closest": -3.188735441473804,
      "centroid": -4.077809634181013,
      "furthest": -4.605183485067165
    },
    "1": {
      "closest": 2.7188745155265703,
      "centroid": 4.1443974186725345,
      "furthest": 5.918522764449484
    }
  },
  "22": {
    "0": {
      "closest": -3.523778527740386,
      "centroid": -4.348880347583556,
      "furthest": -4.933208408547234
    },
    "1": {
      "closest": 2.931591695520658,
      "centroid": 4.42458781054942,
      "furthest": 6.272333612145683
    }
  },
  "23": {
    "0": {
      "closest": -3.838821380955114,
      "centroid": -4.62167356455471,
      "furthest": -5.215704269356731
    },
    "1": {
      "closest": 3.0685434807884717,
      "centroid": 4.757235285429346,
      "furthest": 6.86752354137513
    }
  },
  "24": {
    "0": {
      "closest": -4.030140739136193,
      "centroid": -4.874688598299067,
      "furthest": -5.563811334637503
    },
    "1": {
      "closest": 3.2354330944368628,
      "centroid": 5.01141682020234,
      "furthest": 7.149665623513112
    }
  },
  "25": {
    "0": {
      "closest": -4.214930067781531,
      "centroid": -5.202702237178001,
      "furthest": -6.069038529520542
    },
    "1": {
      "closest": 3.5256748154242317,
      "centroid": 5.289109180936825,
      "furthest": 7.205141100991884
    }
  },
  "26": {
    "0": {
      "closest": -4.516961051341363,
      "centroid": -5.583632120525308,
      "furthest": -6.4896201911671705
    },
    "1": {
      "closest": 3.797651650277311,
      "centroid": 5.680355159216237,
      "furthest": 7.684137183545635
    }
  },
  "27": {
    "0": {
      "closest": -4.728003348246503,
      "centroid": -5.940351730666338,
      "furthest": -6.9410306542553535
    },
    "1": {
      "closest": 4.014397067353901,
      "centroid": 6.0488901119692295,
      "furthest": 8.201694419260617
    }
  },
  "28": {
    "0": {
      "closest": -5.073659612026905,
      "centroid": -6.516385115320588,
      "furthest": -7.881002894651806
    },
    "1": {
      "closest": 4.440744168271003,
      "centroid": 6.618928278294253,
      "furthest": 8.895390452506273
    }
  },
  "29": {
    "0": {
      "closest": -5.398884638090372,