{
  "0": {
    "0": {
      "closest": -0.5912992816858424,
      "centroid": -0.601101203015936,
      "furthest": -0.609885850929722
    },
    "1": {
      "closest": 0.6282178802585343,
      "centroid": 0.6400815164265197,
      "furthest": 0.6528012117842611
    }
  },
  "1": {
    "0": {
      "closest": -0.7341059592843242,
      "centroid": -0.7453426912726706,
      "furthest": -0.755680396684977
    },
    "1": {
      "closest": 0.7468777730093346,
      "centroid": 0.7571296929491479,
      "furthest": 0.7701487955520421
    }
  },
  "2": {
    "0": {
      "closest": -1.0495102796176625,
      "centroid": -1.0674393743744395,
      "furthest": -1.0895955423123385
    },
    "1": {
      "closest": 0.9356522127206235,
      "centroid": 0.9472585745903672,
      "furthest": 0.9585470957549438
    }
  },
  "3": {
    "0": {
      "closest": -1.1891194080923473,
      "centroid": -1.2288318136297405,
      "furthest": -1.2545081367764261
    },
    "1": {
      "closest": 1.1774110662572443,
      "centroid": 1.1979142899231918,
      "furthest": 1.220674142292291
    }
  },
  "4": {
    "0": {
      "closest": -1.3230058991212366,
      "centroid": -1.368798203317577,
      "furthest": -1.4154159080311075
    },
    "1": {
      "closest": 1.4835702444558008,
      "centroid": 1.528557878510854,
      "furthest": 1.566444400362041
    }
  },
  "5": {
    "0": {
      "closest": -1.4977485154676042,
      "centroid": -1.5439463470281305,
      "furthest": -1.5928209871518688
    },
    "1": {
      "closest": 1.5404310597680597,
      "centroid": 1.6059606337717895,
      "furthest": 1.6570455857484945
    }
  },
  "6": {
    "0": {
      "closest": -1.5177376630287407,
      "centroid": -1.6098928534506742,
      "furthest": -1.684431909943328
    },
    "1": {
      "closest": 1.4885042454162736,
      "centroid": 1.572033283994765,
      "furthest": 1.621246452709962
    }
  },
  "7": {
    "0": {
      "closest": -1.7048790449914355,
      "centroid": -1.7972277867466349,
      "furthest": -1.8598910638310553
    },
    "1": {
      "closest": 1.6274933930479154,
      "centroid": 1.722655066296266,
      "furthest": 1.7952246154157492
    }
  },
  "8": {
    "0": {
      "closest": -1.68729245296324,
      "centroid": -1.8145022295047877,
      "furthest": -1.891508060492709
    },
    "1": {
      "closest": 1.6398796802143771,
      "centroid": 1.7342876683394821,
      "furthest": 1.8356140007906663
    }
  },
  "9": {
    "0": {
      "closest": -1.879493235897363,
      "centroid": -2.105714251482125,
      "furthest": -2.2025442313361596
    },
    "1": {
      "closest": 1.894121438906995,
      "centroid": 2.0089693219005884,
      "furthest": 2.1111448734032723
    }
  },
  "10": {
    "0": {
      "closest": -2.025516433437122,
      "centroid": -2.3247578324150906,
      "furthest": -2.455910093803255
    },
    "1": {
      "closest": 2.0632335491777676,
      "centroid": 2.2224905698089827,
      "furthest": 2.347851746091025
    }
  },
  "11": {
    "0": {
      "closest": -2.0397779641013942,
      "centroid": -2.4337960585676854,
      "furthest": -2.6108229585913136
    },
    "1": {
      "closest": 2.1229288954475964,
      "centroid": 2.3133052800701446,
      "furthest": 2.4770314770424315
    }
  },
  "12": {
    "0": {
      "closest": -1.7766533941923202,
      "centroid": -2.5050154542358025,
      "furthest": -2.7694029568492575
    },
    "1": {
      "closest": 1.908139758923046,
      "centroid": 2.414418855194597,
      "furthest": 2.7438583340216085
    }
  },
  "13": {
    "0": {
      "closest": -1.7409424172187649,
      "centroid": -2.584743619377448,
      "furthest": -2.883651400448913
    },
    "1": {
      "closest": 1.7986597183664097,
      "centroid": 2.53232176662774,
      "furthest": 3.050702038414578
    }
  },
  "14": {
    "0": {
      "closest": -1.9329499725595656,
      "centroid": -2.9338249201381665,
      "furthest": -3.3411510633344847
    },
    "1": {
      "closest": 1.3448345956534216,
      "centroid": 3.0370953039239073,
      "furthest": 4.244783561310794
    }
  },
  "15": {
    "0": {
      "closest": -2.1882641085957695,
      "centroid": -3.1622167483346924,
      "furthest": -3.530679186898949
    },
    "1": {
      "closest": 0.9588738452231813,
      "centroid": 3.2455291492988665,
      "furthest": 4.573782566842996
    }
  },
  "16": {
    "0": {
      "closest": -2.6526803617514716,
      "centroid": -3.6186701252580167,
      "furthest": -3.9805352810837324
    },
    "1": {
      "closest": 0.8614050179634892,
      "centroid": 3.6044470632518126,
      "furthest": 4.9069425000841465
    }
  },
  "17": {
    "0": {
      "closest": -2.794784670078007,
      "centroid": -3.71866246121097,
      "furthest": -4.030553484679018
    },
    "1": {
      "closest": 1.0812454812737597,
      "centroid": 3.8431644110217724,
      "furthest": 5.009728375925979
    }
  },
  "18": {
    "0": {
      "closest": -3.0291512973846353,
      "centroid": -3.9405623616014314,
      "furthest": -4.202939218823635
    },
    "1": {
      "closest": 1.0971942751026942,
      "centroid": 4.142345842791775,
      "furthest": 5.572562632220438
    }
  },
  "19": {
    "0": {
      "closest": -3.4628558111829864,
      "centroid": -4.266542264264624,
      "furthest": -4.5395067852318824
    },
    "1": {
      "closest": 1.2905341021192256,
      "centroid": 4.504594455044334,
      "furthest": 6.022290846746754
    }
  },
  "20": {
    "0": {
      "closest": -3.7863365493209376,
      "centroid": -4.612474956122371,
      "furthest": -4.9072968203018865
    },
    "1": {
      "closest": 1.490655237080269,
      "centroid": 4.959188755217621,
      "furthest": 6.710985767528557
    }
  },
  "21": {
    "0": {
      "closest": -4.254047568453819,
      "centroid": -5.074147158865944,
      "furthest": -5.386631383522755
    },
    "1": {
      "closest": 1.5641696845808153,
      "centroid": 5.475288125193881,
      "furthest": 7.426696532282257
    }
  },
  "22": {
    "0": {
      "closest": -4.5510316081384445,
      "centroid": -5.3735571872220795,
      "furthest": -5.687878274613743
    },
    "1": {
      "closest": 1.7948418210181556,
      "centroid": 5.767236352606022,
      "furthest": 7.69303812712634
    }
  },
  "23": {
    "0": {
      "closest": -5.1013445174815875,
      "centroid": -5.865997209159034,
      "furthest": -6.187502821019381
    },
    "1": {
      "closest": 1.65231422082088,
      "centroid": 6.2260124246958295,
      "furthest": 8.389094907618356
    }
  },
  "24": {
    "0": {
      "closest": -5.3211281919946,
      "centroid": -6.133955598010618,
      "furthest": -6.487680906166026
    },
    "1": {
      "closest": 1.807646006376378,
      "centroid": 6.545017904392906,
      "furthest": 8.639383448412374
    }
  },
  "25": {
    "0": {
      "closest": -5.427670138731725,
      "centroid": -6.343545401757024,
      "furthest": -6.814726088216089
    },
    "1": {
      "closest": 2.124742119075246,
      "centroid": 6.77953431780591,
      "furthest": 8.75266969517276
    }
  },
  "26": {
    "0": {
      "closest": -5.881801927383326,
      "centroid": -6.806926376015463,
      "furthest": -7.358038003222078
    },
    "1": {
      "closest": 2.283295755929151,
      "centroid": 7.269361798355254,
      "furthest": 9.274887583704123
    }
  },
  "27": {
    "0": {
      "closest": -6.106968030676799,
      "centroid": -7.2559884851624785,
      "furthest": -7.8732102205694705
    },
    "1": {
      "closest": 2.315895201943731,
      "centroid": 7.790683697001635,
      "furthest": 10.011105427472629
    }
  },
  "28": {
    "0": {
      "closest": -6.611315191978669,
      "centroid": -7.883642835836484,
      "furthest": -8.66371463686162
    },
    "1": {
      "closest": 2.661275294273156,
      "centroid": 8.460692034462335,
      "furthest": 10.758881041344559
    }
  },
  "29": {
    "0": {
      "closest": -6.857790091113363,