{
  "0": {
    "0": {
      "closest": -2.3741558515057853e-05,
      "centroid": -0.024148954012298204,
      "furthest": -0.060066262854548524
    },
    "1": {
      "closest": 4.4384780081486996e-05,
      "centroid": 0.023320749120304293,
      "furthest": 0.07428857289427751
    }
  },
  "1": {
    "0": {
      "closest": -0.00033513692222177614,
      "centroid": -0.03619750443746037,
      "furthest": -0.08774890086410135
    },
    "1": {
      "closest": -0.00017372817865270347,
      "centroid": 0.037669291082488295,
      "furthest": 0.10408213385044711
    }
  },
  "2": {
    "0": {
      "closest": -0.0027894247666635993,
      "centroid": -0.05762229422873567,
      "furthest": -0.13422047951795998
    },
    "1": {
      "closest": -0.0003613036409620893,
      "centroid": 0.062317781730354016,
      "furthest": 0.19580999436131227
    }
  },
  "3": {
    "0": {
      "closest": -0.00041231423482174234,
      "centroid": -0.1530723480212122,
      "furthest": -0.4204816319495276
    },
    "1": {
      "closest": 0.0005066407543352427,
      "centroid": 0.1575215342569171,
      "furthest": 0.47959946953194366
    }
  },
  "4": {
    "0": {
      "closest": -0.0031868713353932297,
      "centroid": -0.1387349702604163,
      "furthest": -0.3491406319222203
    },
    "1": {
      "closest": -0.0017025734047403668,
      "centroid": 0.1426343162424253,
      "furthest": 0.3975141197229284
    }
  },
  "5": {
    "0": {
      "closest": -0.00029238193462811923,
      "centroid": -0.1664860043622329,
      "furthest": -0.39837749293381786
    },
    "1": {
      "closest": 0.00077195960722206,
      "centroid": 0.17824345433370994,
      "furthest": 0.46726014464028826
    }
  },
  "6": {
    "0": {
      "closest": 0.001835507245138951,
      "centroid": -0.2364383574532635,
      "furthest": -0.5828985511929938
    },
    "1": {
      "closest": -9.745483010342032e-05,
      "centroid": 0.24079508077922018,
      "furthest": 0.6610107539005381
    }
  },
  "7": {
    "0": {
      "closest": -0.0031422800194240326,
      "centroid": -0.28886393032101415,
      "furthest": -0.6531938245337294
    },
    "1": {
      "closest": -0.0056295001023627216,
      "centroid": 0.29907534624573723,
      "furthest": 0.7213760248601833
    }
  },
  "8": {
    "0": {
      "closest": -0.012307926050915139,
      "centroid": -0.26592004799724145,
      "furthest": -0.574352869543692
    },
    "1": {
      "closest": -0.00040808622718044784,
      "centroid": 0.26685832774639523,
      "furthest": 0.6286348762185647
    }
  },
  "9": {
    "0": {
      "closest": -0.01641954801904913,
      "centroid": -0.2608031044014606,
      "furthest": -0.5523554761045006
    },
    "1": {
      "closest": 0.017794450442628437,
      "centroid": 0.24959010592281647,
      "furthest": 0.5520118658672242
    }
  },
  "10": {
    "0": {
      "closest": -0.0013991086284525908,
      "centroid": -0.33886030880922574,
      "furthest": -0.7499991652668125
    },
    "1": {
      "closest": -7.704547027088861e-05,
      "centroid": 0.34427629595048787,
      "furthest": 0.787471975967869
    }
  },
  "11": {
    "0": {
      "closest": -0.016630683759838435,
      "centroid": -0.31137027212712204,
      "furthest": -0.6737308827141865
    },
    "1": {
      "closest": 0.0033330842401765315,
      "centroid": 0.2962045958688342,
      "furthest": 0.7595131816935394
    }
  },
  "12": {
    "0": {
      "closest": 9.179536302473049e-05,
      "centroid": -0.3741368441388173,
      "furthest": -0.8266550155118482
    },
    "1": {
      "closest": -0.008665961006531355,
      "centroid": 0.36190361979152286,
      "furthest": 0.8780221751223771
    }
  },
  "13": {
    "0": {
      "closest": -0.01692403030741609,
      "centroid": -0.33321605187429754,
      "furthest": -0.7403989409410076
    },
    "1": {
      "closest": 0.013027942444405716,
      "centroid": 0.30165674240057605,
      "furthest": 0.7433395300120564
    }
  },
  "14": {
    "0": {
      "closest": -0.007993463661324012,
      "centroid": -0.3633480607387336,
      "furthest": -0.8195527529836864
    },
    "1": {
      "closest": -0.005203806037889582,
      "centroid": 0.34937359898652187,
      "furthest": 0.8117864398657776
    }
  },
  "15": {
    "0": {
      "closest": -0.010589873832212202,
      "centroid": -0.35863559477721585,
      "furthest": -0.8125813933541354
    },
    "1": {
      "closest": 0.03216940966986776,
      "centroid": 0.3550322313379355,
      "furthest": 0.7931587672588865
    }
  },
  "16": {
    "0": {
      "closest": -0.028798074474375147,
      "centroid": -0.4004551131633637,
      "furthest": -0.9074434366405267
    },
    "1": {
      "closest": 0.015439738427492366,
      "centroid": 0.40139555201609206,
      "furthest": 0.884008923776104
    }
  },
  "17": {
    "0": {
      "closest": -0.014037992307516775,
      "centroid": -0.47361514586075737,
      "furthest": -1.1220889390648179
    },
    "1": {
      "closest": 0.013074860709884208,
      "centroid": 0.4334553125200975,
      "furthest": 1.061813111494949
    }
  },
  "18": {
    "0": {
      "closest": -0.08697048973484073,
      "centroid": -0.44155729423739415,
      "furthest": -1.0192779959322351
    },
    "1": {
      "closest": 0.08966718773990118,
      "centroid": 0.41089951795415225,
      "furthest": 0.9902502001629682
    }
  },
  "19": {
    "0": {
      "closest": -0.10620138111389872,
      "centroid": -0.4800084311997051,
      "furthest": -1.0801215777734356
    },
    "1": {
      "closest": 0.0881006165973769,
      "centroid": 0.45168537258590874,
      "furthest": 1.1084405363237182
    }
  },
  "20": {
    "0": {
      "closest": -0.025909266288392952,
      "centroid": -0.5837147133387854,
      "furthest": -1.348487018838539
    },
    "1": {
      "closest": 0.011907116519673976,
      "centroid": 0.5714172599088286,
      "furthest": 1.426035046455364
    }
  },
  "21": {
    "0": {
      "closest": -0.0024135391418701538,
      "centroid": -0.6152693479478731,
      "furthest": -1.4341249028028737
    },
    "1": {
      "closest": 0.04903586923642849,
      "centroid": 0.6032675584011721,
      "furthest": 1.4988507048451047
    }
  },
  "22": {
    "0": {
      "closest": -0.02700731231287836,
      "centroid": -0.6506551284301164,
      "furthest": -1.5876687213965208
    },
    "1": {
      "closest": 0.04074302827524399,
      "centroid": 0.6503059004724815,
      "furthest": 1.5983967929673195
    }
  },
  "23": {
    "0": {
      "closest": -0.0722935375847964,
      "centroid": -0.6735383834029838,
      "furthest": -1.5461928625568955
    },
    "1": {
      "closest": 0.08658629296472542,
      "centroid": 0.668550735067887,
      "furthest": 1.5943971850798366
    }
  },
  "24": {
    "0": {
      "closest": 0.022046466052350028,
      "centroid": -0.757718672431788,
      "furthest": -1.716585895000499
    },
    "1": {
      "closest": 0.041638680009920076,
      "centroid": 0.7625237549155328,
      "furthest": 1.8618781767842025
    }
  },
  "25": {
    "0": {
      "closest": 0.03485239787867344,
      "centroid": -0.8508702600675538,
      "furthest": -2.0968616260725135
    },
    "1": {
      "closest": 0.003770524795216437,
      "centroid": 0.7705773343541267,
      "furthest": 1.9849137701123638
    }
  },
  "26": {
    "0": {
      "closest": -0.07491778157257792,
      "centroid": -0.865933923427497,
      "furthest": -2.017238459126873
    },
    "1": {
      "closest": 0.09201779656286743,
      "centroid": 0.829987993950016,
      "furthest": 2.2249204254041524
    }
  },
  "27": {
    "0": {
      "closest": -0.09703508129850988,
      "centroid": -0.902064473656718,
      "furthest": -2.1690060665414794
    },
    "1": {
      "closest": 0.09161517859928628,
      "centroid": 0.8680885990040398,
      "furthest": 2.290388071627273
    }
  },
  "28": {
    "0": {
      "closest": -0.16582768060373124,
      "centroid": -0.9015506839132668,