{
  "0": {
    "acc": 0.9925,
    "precision": 0.9900497512437811,
    "recall": 0.995,
    "f1": 0.9925187032418953,
    "auc": 0.9997875,
    "mse": 0.009691584734462523
  },
  "1": {
    "acc": 0.99,
    "precision": 0.99,
    "recall": 0.99,
    "f1": 0.99,
    "auc": 0.99975625,
    "mse": 0.015269291749580707
  },
  "2": {
    "acc": 0.995,
    "precision": 0.9974874371859297,
    "recall": 0.9925,
    "f1": 0.9949874686716792,
    "auc": 0.99993125,
    "mse": 0.008204478782119195
  },
  "3": {
    "acc": 0.92125,
    "precision": 0.9331619537275064,
    "recall": 0.9075,
    "f1": 0.9201520912547528,
    "auc": 0.9746125,
    "mse": 0.07140624281090213
  },
  "4": {
    "acc": 0.98375,
    "precision": 0.9849624060150376,
    "recall": 0.9825,
    "f1": 0.983729662077597,
    "auc": 0.99919375,
    "mse": 0.010927007701113734
  },
  "5": {
    "acc": 0.99375,
    "precision": 0.9974811083123426,
    "recall": 0.99,
    "f1": 0.9937264742785445,
    "auc": 0.99964375,
    "mse": 0.010994601953096974
  },
  "6": {
    "acc": 0.98,
    "precision": 0.9776119402985075,
    "recall": 0.9825,
    "f1": 0.9800498753117207,
    "auc": 0.9980687500000001,
    "mse": 0.01687035034926339
  },
  "7": {
    "acc": 0.9775,
    "precision": 0.9872448979591837,
    "recall": 0.9675,
    "f1": 0.9772727272727273,
    "auc": 0.99776875,
    "mse": 0.024448823778701976
  },
  "8": {
    "acc": 0.9925,
    "precision": 0.9925,
    "recall": 0.9925,
    "f1": 0.9925,
    "auc": 0.99991875,
    "mse": 0.007183247599020913
  },
  "9": {
    "acc": 1.0,
    "precision": 1.0,
    "recall": 1.0,
    "f1": 1.0,
    "auc": 1.0,
    "mse": 0.00021714881795481034
  },
  "10": {
    "acc": 0.9825,
    "precision": 0.9898477157360406,
    "recall": 0.975,
    "f1": 0.982367758186398,
    "auc": 0.9987125000000001,
    "mse": 0.019825869640782656
  },
  "11": {
    "acc": 0.99375,
    "precision": 0.9949874686716792,
    "recall": 0.9925,
    "f1": 0.9937421777221527,
    "auc": 0.99953125,
    "mse": 0.006051437814595475
  },
  "12": {
    "acc": 0.98125,
    "precision": 0.9824561403508771,
    "recall": 0.98,
    "f1": 0.981226533166458,
    "auc": 0.9988250000000001,
    "mse": 0.012714480625478766
  },
  "13": {
    "acc": 0.99875,
    "precision": 0.9975062344139651,
    "recall": 1.0,
    "f1": 0.9987515605493134,
    "auc": 0.99999375,
    "mse": 0.0013095041553834257
  },
  "14": {
    "acc": 0.99375,
    "precision": 0.9949874686716792,
    "recall": 0.9925,
    "f1": 0.9937421777221527,
    "auc": 0.999725,
    "mse": 0.00700587812604267
  },
  "15": {
    "acc": 1.0,
    "precision": 1.0,
    "recall": 1.0,
    "f1": 1.0,
    "auc": 1.0,
    "mse": 0.0026084119424543356
  },
  "16": {
    "acc": 0.99875,
    "precision": 0.9975062344139651,
    "recall": 1.0,
    "f1": 0.9987515605493134,
    "auc": 0.9999687500000001,
    "mse": 0.0031256173471924747
  },
  "17": {
    "acc": 0.99875,
    "precision": 0.9975062344139651,
    "recall": 1.0,
    "f1": 0.9987515605493134,
    "auc": 0.99993125,
    "mse": 0.003292263497255356
  },
  "18": {
    "acc": 1.0,
    "precision": 1.0,
    "recall": 1.0,
    "f1": 1.0,
    "auc": 1.0,
    "mse": 0.0008439058492625582
  },
  "19": {
    "acc": 1.0,
    "precision": 1.0,
    "recall": 1.0,
    "f1": 1.0,
    "auc": 1.0,
    "mse": 0.0006257316479591396
  },
  "20": {
    "acc": 0.9975,
    "precision": 0.9975,
    "recall": 0.9975,
    "f1": 0.9975,
    "auc": 0.999975,
    "mse": 0.007741221492616929
  },
  "21": {
    "acc": 1.0,
    "precision": 1.0,
    "recall": 1.0,
    "f1": 1.0,
    "auc": 1.0,
    "mse": 0.004900638588842693
  },
  "22": {
    "acc": 1.0,
    "precision": 1.0,
    "recall": 1.0,
    "f1": 1.0,
    "auc": 1.0,
    "mse": 0.0048024080581196525
  },
  "23": {
    "acc": 1.0,
    "precision": 1.0,
    "recall": 1.0,
    "f1": 1.0,
    "auc": 1.0,
    "mse": 0.0033737178793040346
  },
  "24": {
    "acc": 0.99875,
    "precision": 0.9975062344139651,
    "recall": 1.0,
    "f1": 0.9987515605493134,
    "auc": 1.0,
    "mse": 0.004583746808416509
  },
  "25": {
    "acc": 0.99875,
    "precision": 0.9975062344139651,
    "recall": 1.0,
    "f1": 0.9987515605493134,
    "auc": 0.99999375,
    "mse": 0.0013621894482005125
  },
  "26": {
    "acc": 1.0,
    "precision": 1.0,
    "recall": 1.0,
    "f1": 1.0,
    "auc": 1.0,
    "mse": 0.00011021914960242109
  },
  "27": {
    "acc": 1.0,
    "precision": 1.0,
    "recall": 1.0,
    "f1": 1.0,
    "auc": 1.0,
    "mse": 1.0629428893122578e-05
  },
  "28": {
    "acc": 1.0,
    "precision": 1.0,
    "recall": 1.0,
    "f1": 1.0,
    "auc": 1.0,
    "mse": 0.0013596808065067046
  },
  "29": {
    "acc": 0.9975,
    "precision": 0.9975,
    "recall": 0.9975,
    "f1": 0.9975,
    "auc": 0.99998125,
    "mse": 0.0018945260032217342
  },
  "30": {
    "acc": 1.0,
    "precision": 1.0,
    "recall": 1.0,
    "f1": 1.0,
    "auc": 1.0,
    "mse": 3.786685359183348e-06
  },
  "31": {
    "acc": 1.0,
    "precision": 1.0,
    "recall": 1.0,
    "f1": 1.0,
    "auc": 1.0,
    "mse": 1.74698979124006e-05
  },
  "aggregation": {
    "acc": 100.0,
    "precision": 1.0,
    "recall": 1.0,
    "f1": 1.0,
    "auc": 1.0,
    "mse": 0.003950539940907086
  }
}