{
  "0": {
    "0": {
      "closest": -3.35905933752656e-05,
      "centroid": -0.04850520193576813,
      "furthest": -0.17653870582580566
    },
    "1": {
      "closest": -0.00014343508519232273,
      "centroid": 0.04850520193576813,
      "furthest": 0.16059182584285736
    }
  },
  "1": {
    "0": {
      "closest": -0.0001298869028687477,
      "centroid": -0.08055418729782104,
      "furthest": -0.2884443402290344
    },
    "1": {
      "closest": 0.00113648921251297,
      "centroid": 0.08055418729782104,
      "furthest": 0.22765305638313293
    }
  },
  "2": {
    "0": {
      "closest": -0.0004665069282054901,
      "centroid": -0.1332469880580902,
      "furthest": -0.41753146052360535
    },
    "1": {
      "closest": -3.3649615943431854e-05,
      "centroid": 0.1332469880580902,
      "furthest": 0.38054192066192627
    }
  },
  "3": {
    "0": {
      "closest": 0.000988708809018135,
      "centroid": -0.2315272092819214,
      "furthest": -0.6712238192558289
    },
    "1": {
      "closest": 0.0018000486306846142,
      "centroid": 0.2315272092819214,
      "furthest": 0.6153080463409424
    }
  },
  "4": {
    "0": {
      "closest": 0.003944199997931719,
      "centroid": -0.3245910108089447,
      "furthest": -0.921375036239624
    },
    "1": {
      "closest": 0.001990899443626404,
      "centroid": 0.3245910108089447,
      "furthest": 0.814189076423645
    }
  },
  "5": {
    "0": {
      "closest": -0.0003091655671596527,
      "centroid": -0.406351238489151,
      "furthest": -1.0686705112457275
    },
    "1": {
      "closest": -0.002811148762702942,
      "centroid": 0.4063512086868286,
      "furthest": 0.9696670770645142
    }
  },
  "6": {
    "0": {
      "closest": 0.00018931645900011063,
      "centroid": -0.5131838321685791,
      "furthest": -1.2090040445327759
    },
    "1": {
      "closest": -0.0022461656481027603,
      "centroid": 0.5131837725639343,
      "furthest": 1.21524977684021
    }
  },
  "7": {
    "0": {
      "closest": 0.0006745625287294388,
      "centroid": -0.6197299957275391,
      "furthest": -1.407598614692688
    },
    "1": {
      "closest": -0.005885404534637928,
      "centroid": 0.6197300553321838,
      "furthest": 1.3362243175506592
    }
  },
  "8": {
    "0": {
      "closest": -0.0036736447364091873,
      "centroid": -0.6471801996231079,
      "furthest": -1.3863056898117065
    },
    "1": {
      "closest": -0.0050316788256168365,
      "centroid": 0.6471801996231079,
      "furthest": 1.348299503326416
    }
  },
  "9": {
    "0": {
      "closest": 0.003372000530362129,
      "centroid": -0.7208263874053955,
      "furthest": -1.5793131589889526
    },
    "1": {
      "closest": -0.02230682037770748,
      "centroid": 0.7208263278007507,
      "furthest": 1.5299994945526123
    }
  },
  "10": {
    "0": {
      "closest": -0.0024063829332590103,
      "centroid": -0.762336790561676,
      "furthest": -1.6656467914581299
    },
    "1": {
      "closest": -0.006344057619571686,
      "centroid": 0.762336790561676,
      "furthest": 1.5077030658721924
    }
  },
  "11": {
    "0": {
      "closest": -0.0011996850371360779,
      "centroid": -0.7862978577613831,
      "furthest": -1.764505386352539
    },
    "1": {
      "closest": 0.0012688152492046356,
      "centroid": 0.7862978577613831,
      "furthest": 1.6816933155059814
    }
  },
  "12": {
    "0": {
      "closest": 0.0019850321114063263,
      "centroid": -0.891226589679718,
      "furthest": -1.8959012031555176
    },
    "1": {
      "closest": -0.011505631729960442,
      "centroid": 0.8912267088890076,
      "furthest": 1.7532029151916504
    }
  },
  "13": {
    "0": {
      "closest": -0.004295077174901962,
      "centroid": -0.956149697303772,
      "furthest": -2.0666255950927734
    },
    "1": {
      "closest": 0.015110950917005539,
      "centroid": 0.9561496376991272,
      "furthest": 1.886885404586792
    }
  },
  "14": {
    "0": {
      "closest": 0.004641164094209671,
      "centroid": -0.9779795408248901,
      "furthest": -2.146035671234131
    },
    "1": {
      "closest": -0.005675822496414185,
      "centroid": 0.9779794812202454,
      "furthest": 1.952901840209961
    }
  },
  "15": {
    "0": {
      "closest": 0.0028580203652381897,
      "centroid": -1.1182118654251099,
      "furthest": -2.518094062805176
    },
    "1": {
      "closest": -0.00021166913211345673,
      "centroid": 1.1182118654251099,
      "furthest": 2.181121349334717
    }
  },
  "16": {
    "0": {
      "closest": -0.002040460705757141,
      "centroid": -1.1617119312286377,
      "furthest": -2.656801700592041
    },
    "1": {
      "closest": 0.022949542850255966,
      "centroid": 1.1617120504379272,
      "furthest": 2.3120508193969727
    }
  },
  "17": {
    "0": {
      "closest": 0.006860189139842987,
      "centroid": -1.333963394165039,
      "furthest": -2.9492835998535156
    },
    "1": {
      "closest": -0.009619191288948059,
      "centroid": 1.333963394165039,
      "furthest": 2.7471203804016113
    }
  },
  "18": {
    "0": {
      "closest": -0.0029778964817523956,
      "centroid": -1.4591134786605835,
      "furthest": -3.2575159072875977
    },
    "1": {
      "closest": 0.0010593198239803314,
      "centroid": 1.4591137170791626,
      "furthest": 3.2357563972473145
    }
  },
  "19": {
    "0": {
      "closest": 0.008851829916238785,
      "centroid": -1.569221019744873,
      "furthest": -3.6434168815612793
    },
    "1": {
      "closest": 0.019280225038528442,
      "centroid": 1.5692209005355835,
      "furthest": 3.5465569496154785
    }
  },
  "20": {
    "0": {
      "closest": -0.004843913018703461,
      "centroid": -1.6812604665756226,
      "furthest": -4.0218505859375
    },
    "1": {
      "closest": 0.01003585010766983,
      "centroid": 1.681260347366333,
      "furthest": 3.799089193344116
    }
  },
  "21": {
    "0": {
      "closest": -0.0031474456191062927,
      "centroid": -1.8868155479431152,
      "furthest": -4.5115180015563965
    },
    "1": {
      "closest": -0.0028761494904756546,
      "centroid": 1.8868155479431152,
      "furthest": 4.367440223693848
    }
  },
  "22": {
    "0": {
      "closest": 0.010316133499145508,
      "centroid": -2.032351493835449,
      "furthest": -4.965958118438721
    },
    "1": {
      "closest": -0.0034609586000442505,
      "centroid": 2.03235125541687,
      "furthest": 4.795193672180176
    }
  },
  "23": {
    "0": {
      "closest": 0.0038382895290851593,
      "centroid": -2.186917304992676,
      "furthest": -5.401835918426514
    },
    "1": {
      "closest": 0.014529425650835037,
      "centroid": 2.186917304992676,
      "furthest": 5.265937805175781
    }
  },
  "24": {
    "0": {
      "closest": 0.006430435925722122,
      "centroid": -2.325927734375,
      "furthest": -5.684357166290283
    },
    "1": {
      "closest": -0.03997689485549927,
      "centroid": 2.325927495956421,
      "furthest": 5.602471828460693
    }
  },
  "25": {
    "0": {
      "closest": -0.004885002970695496,
      "centroid": -2.5501585006713867,
      "furthest": -6.300420761108398
    },
    "1": {
      "closest": -0.04265933483839035,
      "centroid": 2.5501582622528076,
      "furthest": 6.194840908050537
    }
  },
  "26": {
    "0": {
      "closest": -0.019700706005096436,
      "centroid": -2.7096798419952393,
      "furthest": -6.726635932922363
    },
    "1": {
      "closest": -0.022060610353946686,
      "centroid": 2.7096798419952393,
      "furthest": 6.686224937438965
    }
  },
  "27": {
    "0": {
      "closest": 0.007573157548904419,
      "centroid": -2.8555614948272705,
      "furthest": -7.140826225280762
    },
    "1": {
      "closest": -0.013505857437849045,
      "centroid": 2.8555614948272705,
      "furthest": 7.022933006286621
    }
  },
  "28": {
    "0": {
      "closest": -0.021505452692508698,
      "centroid": -3.075438976287842,
      "furthest": -7.5615010261535645
    },