{
  "0": {
    "0": {
      "closest": -0.0007289238274097443,
      "centroid": -0.02475557290017605,
      "furthest": -0.0641237422823906
    },
    "1": {
      "closest": 0.0027353763580322266,
      "centroid": 0.02277994155883789,
      "furthest": 0.04710693657398224
    }
  },
  "1": {
    "0": {
      "closest": -0.004244226962327957,
      "centroid": -0.03809835761785507,
      "furthest": -0.09531242400407791
    },
    "1": {
      "closest": 0.008329996839165688,
      "centroid": 0.03443751484155655,
      "furthest": 0.07414951175451279
    }
  },
  "2": {
    "0": {
      "closest": -0.0037166019901633263,
      "centroid": -0.05580585449934006,
      "furthest": -0.1340397298336029
    },
    "1": {
      "closest": 0.010204309597611427,
      "centroid": 0.05244706943631172,
      "furthest": 0.10297928005456924
    }
  },
  "3": {
    "0": {
      "closest": -0.015378398820757866,
      "centroid": -0.096448615193367,
      "furthest": -0.22651754319667816
    },
    "1": {
      "closest": 0.022688226774334908,
      "centroid": 0.08999782800674438,
      "furthest": 0.18166939914226532
    }
  },
  "4": {
    "0": {
      "closest": -0.02618034929037094,
      "centroid": -0.13876324892044067,
      "furthest": -0.2982958257198334
    },
    "1": {
      "closest": 0.03126293793320656,
      "centroid": 0.1268141120672226,
      "furthest": 0.2791702151298523
    }
  },
  "5": {
    "0": {
      "closest": -0.03785193711519241,
      "centroid": -0.1797950714826584,
      "furthest": -0.38982105255126953
    },
    "1": {
      "closest": 0.03791581466794014,
      "centroid": 0.16233032941818237,
      "furthest": 0.34793955087661743
    }
  },
  "6": {
    "0": {
      "closest": -0.0023330235853791237,
      "centroid": -0.14382056891918182,
      "furthest": -0.3121021091938019
    },
    "1": {
      "closest": 0.005340716801583767,
      "centroid": 0.13389776647090912,
      "furthest": 0.2980055510997772
    }
  },
  "7": {
    "0": {
      "closest": -0.020786374807357788,
      "centroid": -0.1718619465827942,
      "furthest": -0.3554726541042328
    },
    "1": {
      "closest": 0.009753015823662281,
      "centroid": 0.15981532633304596,
      "furthest": 0.3318805396556854
    }
  },
  "8": {
    "0": {
      "closest": -0.02581849880516529,
      "centroid": -0.19619451463222504,
      "furthest": -0.41912129521369934
    },
    "1": {
      "closest": 0.026339849457144737,
      "centroid": 0.17985916137695312,
      "furthest": 0.3479314148426056
    }
  },
  "9": {
    "0": {
      "closest": -0.027371728792786598,
      "centroid": -0.20863626897335052,
      "furthest": -0.4589482545852661
    },
    "1": {
      "closest": 0.02152090333402157,
      "centroid": 0.19587841629981995,
      "furthest": 0.3749535083770752
    }
  },
  "10": {
    "0": {
      "closest": -0.042249251157045364,
      "centroid": -0.24088293313980103,
      "furthest": -0.4900314509868622
    },
    "1": {
      "closest": 0.027300767600536346,
      "centroid": 0.22482867538928986,
      "furthest": 0.39731594920158386
    }
  },
  "11": {
    "0": {
      "closest": -0.041311636567115784,
      "centroid": -0.2354627549648285,
      "furthest": -0.48334333300590515
    },
    "1": {
      "closest": 0.032833799719810486,
      "centroid": 0.220896914601326,
      "furthest": 0.42419007420539856
    }
  },
  "12": {
    "0": {
      "closest": -0.04706011340022087,
      "centroid": -0.279756098985672,
      "furthest": -0.5599079728126526
    },
    "1": {
      "closest": 0.034999530762434006,
      "centroid": 0.2650769352912903,
      "furthest": 0.48404306173324585
    }
  },
  "13": {
    "0": {
      "closest": -0.11664988100528717,
      "centroid": -0.44519972801208496,
      "furthest": -0.8601191639900208
    },
    "1": {
      "closest": 0.1288197785615921,
      "centroid": 0.40890273451805115,
      "furthest": 0.7683737874031067
    }
  },
  "14": {
    "0": {
      "closest": -0.12431296706199646,
      "centroid": -0.46758750081062317,
      "furthest": -0.9163290858268738
    },
    "1": {
      "closest": 0.13960030674934387,
      "centroid": 0.4330020248889923,
      "furthest": 0.8174002170562744
    }
  },
  "15": {
    "0": {
      "closest": -0.1296232044696808,
      "centroid": -0.5063201785087585,
      "furthest": -1.0017229318618774
    },
    "1": {
      "closest": 0.14925889670848846,
      "centroid": 0.47236984968185425,
      "furthest": 0.8915180563926697
    }
  },
  "16": {
    "0": {
      "closest": -0.13776740431785583,
      "centroid": -0.5387135148048401,
      "furthest": -1.0677342414855957
    },
    "1": {
      "closest": 0.16315379738807678,
      "centroid": 0.5126894116401672,
      "furthest": 0.9810597896575928
    }
  },
  "17": {
    "0": {
      "closest": -0.14915817975997925,
      "centroid": -0.5987758636474609,
      "furthest": -1.1532635688781738
    },
    "1": {
      "closest": 0.17883068323135376,
      "centroid": 0.5768157839775085,
      "furthest": 1.115492820739746
    }
  },
  "18": {
    "0": {
      "closest": -0.14858515560626984,
      "centroid": -0.6361809372901917,
      "furthest": -1.2682448625564575
    },
    "1": {
      "closest": 0.18304751813411713,
      "centroid": 0.609398603439331,
      "furthest": 1.257400631904602
    }
  },
  "19": {
    "0": {
      "closest": -0.16697196662425995,
      "centroid": -0.6877639889717102,
      "furthest": -1.3363903760910034
    },
    "1": {
      "closest": 0.20004434883594513,
      "centroid": 0.6538511514663696,
      "furthest": 1.3241020441055298
    }
  },
  "20": {
    "0": {
      "closest": -0.18354251980781555,
      "centroid": -0.7326622009277344,
      "furthest": -1.408935308456421
    },
    "1": {
      "closest": 0.22164425253868103,
      "centroid": 0.698459804058075,
      "furthest": 1.4093739986419678
    }
  },
  "21": {
    "0": {
      "closest": -0.1938267946243286,
      "centroid": -0.7896780371665955,
      "furthest": -1.507997989654541
    },
    "1": {
      "closest": 0.23362058401107788,
      "centroid": 0.7651953101158142,
      "furthest": 1.5966041088104248
    }
  },
  "22": {
    "0": {
      "closest": -0.10880078375339508,
      "centroid": -0.7303398251533508,
      "furthest": -1.3972259759902954
    },
    "1": {
      "closest": 0.17445941269397736,
      "centroid": 0.7181101441383362,
      "furthest": 1.5234466791152954
    }
  },
  "23": {
    "0": {
      "closest": -0.12588566541671753,
      "centroid": -0.789635181427002,
      "furthest": -1.4861676692962646
    },
    "1": {
      "closest": 0.20433810353279114,
      "centroid": 0.7823286652565002,
      "furthest": 1.6027754545211792
    }
  },
  "24": {
    "0": {
      "closest": -0.1413055807352066,
      "centroid": -0.860322892665863,
      "furthest": -1.6300662755966187
    },
    "1": {
      "closest": 0.20643173158168793,
      "centroid": 0.8470485210418701,
      "furthest": 1.7892215251922607
    }
  },
  "25": {
    "0": {
      "closest": -0.15165673196315765,
      "centroid": -0.9546511769294739,
      "furthest": -1.8177646398544312
    },
    "1": {
      "closest": 0.21883811056613922,
      "centroid": 0.9443204402923584,
      "furthest": 1.9977562427520752
    }
  },
  "26": {
    "0": {
      "closest": -0.17667193710803986,
      "centroid": -1.045824408531189,
      "furthest": -1.992853045463562
    },
    "1": {
      "closest": 0.22872965037822723,
      "centroid": 1.0327633619308472,
      "furthest": 2.242088794708252
    }
  },
  "27": {
    "0": {
      "closest": -0.18782424926757812,
      "centroid": -1.151943325996399,
      "furthest": -2.222399950027466
    },
    "1": {
      "closest": 0.2657608985900879,
      "centroid": 1.1308618783950806,
      "furthest": 2.4570295810699463
    }
  },
  "28": {
    "0": {
      "closest": -0.2057047039270401,
      "centroid": -1.2567923069000244,
      "furthest": -2.4096617698669434
    },