{
  "0": {
    "0": {
      "closest": -0.5985264604598399,
      "centroid": -0.6086699168672108,
      "furthest": -0.618627768529376
    },
    "1": {
      "closest": 0.6191354799963662,
      "centroid": 0.6334297625819733,
      "furthest": 0.6441972126222797
    }
  },
  "1": {
    "0": {
      "closest": -0.7284900952050226,
      "centroid": -0.7435930999396179,
      "furthest": -0.7551862167997891
    },
    "1": {
      "closest": 0.7462049311478747,
      "centroid": 0.7600784134264137,
      "furthest": 0.7686804173468869
    }
  },
  "2": {
    "0": {
      "closest": -0.991978225774594,
      "centroid": -1.0188388022819266,
      "furthest": -1.0426946120081722
    },
    "1": {
      "closest": 0.9829727021635698,
      "centroid": 0.9974721395358442,
      "furthest": 1.0114180895173088
    }
  },
  "3": {
    "0": {
      "closest": -1.185632474450632,
      "centroid": -1.2198679242976351,
      "furthest": -1.2536666672714358
    },
    "1": {
      "closest": 1.1830849248851147,
      "centroid": 1.204911922074617,
      "furthest": 1.2259268445164881
    }
  },
  "4": {
    "0": {
      "closest": -1.4130326356584908,
      "centroid": -1.4626974034053748,
      "furthest": -1.5046700966327373
    },
    "1": {
      "closest": 1.3956092699699294,
      "centroid": 1.4472929526538376,
      "furthest": 1.4956015376619216
    }
  },
  "5": {
    "0": {
      "closest": -1.515146616232855,
      "centroid": -1.5687405998842214,
      "furthest": -1.609932650551163
    },
    "1": {
      "closest": 1.5129841206945345,
      "centroid": 1.574938286306434,
      "furthest": 1.628400665252063
    }
  },
  "6": {
    "0": {
      "closest": -1.5140874481075675,
      "centroid": -1.5962142791801748,
      "furthest": -1.6593155042127932
    },
    "1": {
      "closest": 1.5129335480227155,
      "centroid": 1.5776479102587242,
      "furthest": 1.6457763491612896
    }
  },
  "7": {
    "0": {
      "closest": -1.6627523250901495,
      "centroid": -1.7613357778419318,
      "furthest": -1.8261009372392865
    },
    "1": {
      "closest": 1.668586988282725,
      "centroid": 1.7486802859283312,
      "furthest": 1.8200312946397053
    }
  },
  "8": {
    "0": {
      "closest": -1.6615606425472047,
      "centroid": -1.7763863044185115,
      "furthest": -1.8573105297261467
    },
    "1": {
      "closest": 1.6836251686160641,
      "centroid": 1.7759973763564627,
      "furthest": 1.8552752945976894
    }
  },
  "9": {
    "0": {
      "closest": -1.8084104202570597,
      "centroid": -2.0556736018306108,
      "furthest": -2.154642731714821
    },
    "1": {
      "closest": 1.9117990935124225,
      "centroid": 2.0604020319359524,
      "furthest": 2.165187729489505
    }
  },
  "10": {
    "0": {
      "closest": -1.914669957979738,
      "centroid": -2.2905297302558147,
      "furthest": -2.4413443645538973
    },
    "1": {
      "closest": 2.1082554678129766,
      "centroid": 2.2930717199839665,
      "furthest": 2.3829665417428947
    }
  },
  "11": {
    "0": {
      "closest": -1.9880835810751925,
      "centroid": -2.3990902832526144,
      "furthest": -2.595265031184572
    },
    "1": {
      "closest": 2.2243251375236905,
      "centroid": 2.3993911107835935,
      "furthest": 2.5473678023071558
    }
  },
  "12": {
    "0": {
      "closest": -1.7504590759320577,
      "centroid": -2.477164459302191,
      "furthest": -2.7488228519084337
    },
    "1": {
      "closest": 2.152204208246546,
      "centroid": 2.4719604928272854,
      "furthest": 2.735423826792953
    }
  },
  "13": {
    "0": {
      "closest": -1.6940783494505256,
      "centroid": -2.5598713469064465,
      "furthest": -2.9355585516905793
    },
    "1": {
      "closest": 1.9831263566082018,
      "centroid": 2.549241966406217,
      "furthest": 2.9483608795822613
    }
  },
  "14": {
    "0": {
      "closest": -1.9694905504520677,
      "centroid": -2.844011696242453,
      "furthest": -3.274592249295427
    },
    "1": {
      "closest": 1.3477151399903302,
      "centroid": 2.8615294577894317,
      "furthest": 3.6957199718349987
    }
  },
  "15": {
    "0": {
      "closest": -2.152002664019053,
      "centroid": -3.002162535862758,
      "furthest": -3.475177198277167
    },
    "1": {
      "closest": 1.1134937613754698,
      "centroid": 3.0564410034049523,
      "furthest": 4.181627863089032
    }
  },
  "16": {
    "0": {
      "closest": -2.524991769940293,
      "centroid": -3.3563074376975184,
      "furthest": -3.8014052043037427
    },
    "1": {
      "closest": 1.2172566652877677,
      "centroid": 3.4289490688520003,
      "furthest": 4.589734055630641
    }
  },
  "17": {
    "0": {
      "closest": -2.72978356092104,
      "centroid": -3.536222653573842,
      "furthest": -3.9548643179259133
    },
    "1": {
      "closest": 1.383313664271589,
      "centroid": 3.645054704380742,
      "furthest": 4.793199052046445
    }
  },
  "18": {
    "0": {
      "closest": -2.912968861157039,
      "centroid": -3.7610212946340926,
      "furthest": -4.208829131936155
    },
    "1": {
      "closest": 1.4535674225356519,
      "centroid": 3.855289856718423,
      "furthest": 5.224833818764053
    }
  },
  "19": {
    "0": {
      "closest": -3.2607038779491724,
      "centroid": -4.050242115266684,
      "furthest": -4.4871373142678666
    },
    "1": {
      "closest": 1.6751347549016302,
      "centroid": 4.217765978810278,
      "furthest": 5.731587523413087
    }
  },
  "20": {
    "0": {
      "closest": -3.6063843990943427,
      "centroid": -4.407130426881798,
      "furthest": -4.8623094353434935
    },
    "1": {
      "closest": 1.7193766493395755,
      "centroid": 4.5753360994196735,
      "furthest": 6.235518126929055
    }
  },
  "21": {
    "0": {
      "closest": -4.010991750618848,
      "centroid": -4.825513587857629,
      "furthest": -5.26315514005254
    },
    "1": {
      "closest": 1.846655979362757,
      "centroid": 5.0372357830747925,
      "furthest": 6.927989440075002
    }
  },
  "22": {
    "0": {
      "closest": -4.307968755779025,
      "centroid": -5.1297737466489455,
      "furthest": -5.622811875956241
    },
    "1": {
      "closest": 2.087525831709436,
      "centroid": 5.370125179634524,
      "furthest": 7.238861005969483
    }
  },
  "23": {
    "0": {
      "closest": -4.6966906914942435,
      "centroid": -5.465050034895213,
      "furthest": -5.975567903681787
    },
    "1": {
      "closest": 2.2171715687704037,
      "centroid": 5.803608704556244,
      "furthest": 7.921961925410551
    }
  },
  "24": {
    "0": {
      "closest": -4.921572504856948,
      "centroid": -5.748045791063664,
      "furthest": -6.338990431749835
    },
    "1": {
      "closest": 2.343995060011097,
      "centroid": 6.128898669074033,
      "furthest": 8.269932757927787
    }
  },
  "25": {
    "0": {
      "closest": -5.046359611744573,
      "centroid": -6.0911006144754785,
      "furthest": -6.902958221590466
    },
    "1": {
      "closest": 2.7101107899002352,
      "centroid": 6.360107474412287,
      "furthest": 8.16680056647316
    }
  },
  "26": {
    "0": {
      "closest": -5.330685881553787,
      "centroid": -6.547651457973232,
      "furthest": -7.435334111806188
    },
    "1": {
      "closest": 2.9601848425756336,
      "centroid": 6.843772298800534,
      "furthest": 8.727462875845827
    }
  },
  "27": {
    "0": {
      "closest": -5.631711417676947,
      "centroid": -6.933060997267876,
      "furthest": -7.8935124974634565
    },
    "1": {
      "closest": 3.1243724762847145,
      "centroid": 7.276271495206431,
      "furthest": 9.304697629676001
    }
  },
  "28": {
    "0": {
      "closest": -5.95688567822395,
      "centroid": -7.524661954910614,
      "furthest": -8.719209198508668
    },
    "1": {
      "closest": 3.688089521592429,
      "centroid": 7.9704088476875,
      "furthest": 10.209602817422615
    }
  },
  "29": {
    "0": {
      "closest": -6.422819585752809,