{
  "0": {
    "0": {
      "closest": -0.5993322231711177,
      "centroid": -0.6082932450189152,
      "furthest": -0.618862231129817
    },
    "1": {
      "closest": 0.6220999777786231,
      "centroid": 0.6345396834756094,
      "furthest": 0.6438624321282232
    }
  },
  "1": {
    "0": {
      "closest": -0.7221973436822129,
      "centroid": -0.7412317833913185,
      "furthest": -0.7526157116707274
    },
    "1": {
      "closest": 0.7526669169155626,
      "centroid": 0.7632802750090119,
      "furthest": 0.7722243709624728
    }
  },
  "2": {
    "0": {
      "closest": -0.9979929680362221,
      "centroid": -1.0168072856970414,
      "furthest": -1.0354536789414126
    },
    "1": {
      "closest": 0.9847875622901225,
      "centroid": 0.9964333313245762,
      "furthest": 1.008975850444893
    }
  },
  "3": {
    "0": {
      "closest": -1.1761307685035072,
      "centroid": -1.2192109959740207,
      "furthest": -1.248640255225358
    },
    "1": {
      "closest": 1.1836586895484544,
      "centroid": 1.2065916724646542,
      "furthest": 1.223766472663996
    }
  },
  "4": {
    "0": {
      "closest": -1.389393596589056,
      "centroid": -1.46388463063712,
      "furthest": -1.502732381255099
    },
    "1": {
      "closest": 1.3960190999612938,
      "centroid": 1.4478735606679636,
      "furthest": 1.5014268390020378
    }
  },
  "5": {
    "0": {
      "closest": -1.4918895930490355,
      "centroid": -1.5697271105551494,
      "furthest": -1.6016700106724286
    },
    "1": {
      "closest": 1.5269095491024465,
      "centroid": 1.578092433076303,
      "furthest": 1.6238138795147978
    }
  },
  "6": {
    "0": {
      "closest": -1.5230152977483973,
      "centroid": -1.5942808876794845,
      "furthest": -1.6478139689244666
    },
    "1": {
      "closest": 1.512381911265507,
      "centroid": 1.5789137416824406,
      "furthest": 1.6333208984357108
    }
  },
  "7": {
    "0": {
      "closest": -1.6667966382294819,
      "centroid": -1.754181434150704,
      "furthest": -1.8143840178315433
    },
    "1": {
      "closest": 1.664723867855312,
      "centroid": 1.75446360892956,
      "furthest": 1.8323450250704028
    }
  },
  "8": {
    "0": {
      "closest": -1.6653126651504109,
      "centroid": -1.7751578913581658,
      "furthest": -1.8346880610391432
    },
    "1": {
      "closest": 1.694090842245934,
      "centroid": 1.7748385099953898,
      "furthest": 1.8573036768487308
    }
  },
  "9": {
    "0": {
      "closest": -1.8234449184935908,
      "centroid": -2.0416111269438595,
      "furthest": -2.1524602980307703
    },
    "1": {
      "closest": 1.8692677897335224,
      "centroid": 2.0465603880041074,
      "furthest": 2.145563400281382
    }
  },
  "10": {
    "0": {
      "closest": -1.9611480461595432,
      "centroid": -2.2562483870948356,
      "furthest": -2.4058966034960934
    },
    "1": {
      "closest": 2.111843442777909,
      "centroid": 2.2590514172681053,
      "furthest": 2.3695274626264933
    }
  },
  "11": {
    "0": {
      "closest": -2.000885438490371,
      "centroid": -2.373938019332511,
      "furthest": -2.557938293772137
    },
    "1": {
      "closest": 2.1823471813268025,
      "centroid": 2.375911692945162,
      "furthest": 2.532003078023755
    }
  },
  "12": {
    "0": {
      "closest": -1.7222809527053737,
      "centroid": -2.432441020883334,
      "furthest": -2.7100642242694115
    },
    "1": {
      "closest": 2.042526492644131,
      "centroid": 2.4316972918827697,
      "furthest": 2.6913902631030657
    }
  },
  "13": {
    "0": {
      "closest": -1.6458681640183088,
      "centroid": -2.514418376603778,
      "furthest": -2.8731787693307496
    },
    "1": {
      "closest": 1.8738908079076135,
      "centroid": 2.512136029293881,
      "furthest": 2.947509234929732
    }
  },
  "14": {
    "0": {
      "closest": -1.68102670782271,
      "centroid": -2.76746578135047,
      "furthest": -3.222934887022548
    },
    "1": {
      "closest": 1.612412609648419,
      "centroid": 2.79054458593667,
      "furthest": 3.886316127676151
    }
  },
  "15": {
    "0": {
      "closest": -1.8967741066656456,
      "centroid": -2.9305082821329216,
      "furthest": -3.322082560012917
    },
    "1": {
      "closest": 1.4000413079120675,
      "centroid": 2.9382427050563886,
      "furthest": 4.184126814807288
    }
  },
  "16": {
    "0": {
      "closest": -2.24062872594883,
      "centroid": -3.2611744347785687,
      "furthest": -3.715983181950148
    },
    "1": {
      "closest": 1.5972873383884698,
      "centroid": 3.3065492325326966,
      "furthest": 4.4315091612985125
    }
  },
  "17": {
    "0": {
      "closest": -2.443091715392971,
      "centroid": -3.435909546072539,
      "furthest": -3.851711245869613
    },
    "1": {
      "closest": 1.7207799484907882,
      "centroid": 3.505790689393383,
      "furthest": 4.531959947998331
    }
  },
  "18": {
    "0": {
      "closest": -2.5650029378925767,
      "centroid": -3.615525698609838,
      "furthest": -4.059118667047385
    },
    "1": {
      "closest": 1.7543094777696664,
      "centroid": 3.677405212880315,
      "furthest": 4.9473154333604725
    }
  },
  "19": {
    "0": {
      "closest": -3.0078260765027456,
      "centroid": -3.898975945838974,
      "furthest": -4.418855739460045
    },
    "1": {
      "closest": 1.972744536936783,
      "centroid": 3.982674222792083,
      "furthest": 5.360703515006827
    }
  },
  "20": {
    "0": {
      "closest": -3.315777699978204,
      "centroid": -4.219125395809048,
      "furthest": -4.729966075879665
    },
    "1": {
      "closest": 2.112507128537395,
      "centroid": 4.326274993663307,
      "furthest": 5.941639660367625
    }
  },
  "21": {
    "0": {
      "closest": -3.6472275880851814,
      "centroid": -4.583045005210084,
      "furthest": -5.056470959772032
    },
    "1": {
      "closest": 2.4013324337054014,
      "centroid": 4.737713225307841,
      "furthest": 6.6614109348605295
    }
  },
  "22": {
    "0": {
      "closest": -3.9845752359977458,
      "centroid": -4.87244528990951,
      "furthest": -5.398814477025637
    },
    "1": {
      "closest": 2.6647529367270333,
      "centroid": 5.03306764564454,
      "furthest": 7.00667734547044
    }
  },
  "23": {
    "0": {
      "closest": -4.3315842424280655,
      "centroid": -5.154693518571365,
      "furthest": -5.6728867600772785
    },
    "1": {
      "closest": 2.8890268428240033,
      "centroid": 5.409314886215568,
      "furthest": 7.676941571056161
    }
  },
  "24": {
    "0": {
      "closest": -4.607469503017748,
      "centroid": -5.452349883906402,
      "furthest": -6.055265547489756
    },
    "1": {
      "closest": 2.9859470629001623,
      "centroid": 5.662736927499773,
      "furthest": 7.8909865372310755
    }
  },
  "25": {
    "0": {
      "closest": -4.773833134204549,
      "centroid": -5.773707230888299,
      "furthest": -6.564874919609482
    },
    "1": {
      "closest": 3.2881259791334587,
      "centroid": 5.942811511949702,
      "furthest": 7.96475024732286
    }
  },
  "26": {
    "0": {
      "closest": -5.107748888983139,
      "centroid": -6.198877943958442,
      "furthest": -7.107413180846162
    },
    "1": {
      "closest": 3.585572931799262,
      "centroid": 6.392921984117896,
      "furthest": 8.525212017623058
    }
  },
  "27": {
    "0": {
      "closest": -5.357774779202629,
      "centroid": -6.587869761213999,
      "furthest": -7.589848274043742
    },
    "1": {
      "closest": 3.7672861632924146,
      "centroid": 6.807304758161297,
      "furthest": 9.064609426785722
    }
  },
  "28": {
    "0": {
      "closest": -5.765026624719361,
      "centroid": -7.2113943613279,
      "furthest": -8.490456028902972
    },
    "1": {
      "closest": 4.243005781605377,
      "centroid": 7.4320536946902624,
      "furthest": 9.802556955420961
    }
  },
  "29": {
    "0": {
      "closest": -6.181228894580157,