{
  "0": {
    "0": {
      "closest": -0.00023796226834164706,
      "centroid": -0.04387772038366402,
      "furthest": -0.16176931457285448
    },
    "1": {
      "closest": 0.00013469472654343076,
      "centroid": 0.04037657519702648,
      "furthest": 0.10285523343921446
    }
  },
  "1": {
    "0": {
      "closest": 0.00035446970090234793,
      "centroid": -0.06580830829335951,
      "furthest": -0.2267861401780521
    },
    "1": {
      "closest": 0.0003133049206944724,
      "centroid": 0.06326989080531041,
      "furthest": 0.15464569293016872
    }
  },
  "2": {
    "0": {
      "closest": -0.001436957671915008,
      "centroid": -0.09977011061330711,
      "furthest": -0.31455252254212973
    },
    "1": {
      "closest": 0.00029557560248710466,
      "centroid": 0.09822443116618892,
      "furthest": 0.23236855920225202
    }
  },
  "3": {
    "0": {
      "closest": 0.00011314569292985958,
      "centroid": -0.17328879020225949,
      "furthest": -0.4646117326137205
    },
    "1": {
      "closest": -0.001573249928351582,
      "centroid": 0.17890039757777518,
      "furthest": 0.413312328053209
    }
  },
  "4": {
    "0": {
      "closest": -2.0869352192129376e-05,
      "centroid": -0.23470781738074678,
      "furthest": -0.5952034088704838
    },
    "1": {
      "closest": -0.0021596113165474676,
      "centroid": 0.24696799121282342,
      "furthest": 0.533146255815602
    }
  },
  "5": {
    "0": {
      "closest": -0.002282195446131126,
      "centroid": -0.27106997850206077,
      "furthest": -0.5967330793219953
    },
    "1": {
      "closest": -0.004448408421590623,
      "centroid": 0.2682236243742234,
      "furthest": 0.6368688087673688
    }
  },
  "6": {
    "0": {
      "closest": -0.033989867689362976,
      "centroid": -0.31149571895047207,
      "furthest": -0.6732467955493631
    },
    "1": {
      "closest": -0.0037902006571751065,
      "centroid": 0.32572869929774206,
      "furthest": 0.7032720126749021
    }
  },
  "7": {
    "0": {
      "closest": -0.0034244153364857075,
      "centroid": -0.3979840548380615,
      "furthest": -0.8184079060544971
    },
    "1": {
      "closest": -4.045128613202817e-05,
      "centroid": 0.42873239794211726,
      "furthest": 0.8496173925572383
    }
  },
  "8": {
    "0": {
      "closest": 0.0006206886844138185,
      "centroid": -0.4850122234636225,
      "furthest": -1.1130237337047908
    },
    "1": {
      "closest": 0.014532508520307984,
      "centroid": 0.515906661122169,
      "furthest": 0.9813123598745721
    }
  },
  "9": {
    "0": {
      "closest": -0.0038728288102132385,
      "centroid": -0.5256263135218753,
      "furthest": -1.2040300162456092
    },
    "1": {
      "closest": 0.011780883568972403,
      "centroid": 0.5764822809524192,
      "furthest": 1.1106648338683351
    }
  },
  "10": {
    "0": {
      "closest": 0.0001634791335037647,
      "centroid": -0.4914908823676285,
      "furthest": -1.019855813831962
    },
    "1": {
      "closest": 0.011545406514445633,
      "centroid": 0.52753101424396,
      "furthest": 0.9969447602024409
    }
  },
  "11": {
    "0": {
      "closest": -0.0017166158644446247,
      "centroid": -0.4964194987914981,
      "furthest": -1.0517777705159332
    },
    "1": {
      "closest": 0.006072968104090502,
      "centroid": 0.5362813329045865,
      "furthest": 1.0347611251283597
    }
  },
  "12": {
    "0": {
      "closest": -0.010070907666438596,
      "centroid": -0.5535744276539765,
      "furthest": -1.1333661735187557
    },
    "1": {
      "closest": -0.006019154764072877,
      "centroid": 0.5952161586159378,
      "furthest": 1.1278214782021503
    }
  },
  "13": {
    "0": {
      "closest": 0.01062096909279526,
      "centroid": -0.5570620361050659,
      "furthest": -1.0458504598004352
    },
    "1": {
      "closest": -0.0034866178254277583,
      "centroid": 0.6232761119293063,
      "furthest": 1.2061803701072995
    }
  },
  "14": {
    "0": {
      "closest": 0.000691932567628506,
      "centroid": -0.5619108722017611,
      "furthest": -1.060880663947112
    },
    "1": {
      "closest": -0.0054647026711158245,
      "centroid": 0.640772287319757,
      "furthest": 1.2676946965660307
    }
  },
  "15": {
    "0": {
      "closest": 0.019126445554113428,
      "centroid": -0.6026557381501499,
      "furthest": -1.168939348966976
    },
    "1": {
      "closest": 0.012786045265397297,
      "centroid": 0.7043924573338038,
      "furthest": 1.427847365696023
    }
  },
  "16": {
    "0": {
      "closest": 0.006683835085440973,
      "centroid": -0.6318521726330827,
      "furthest": -1.258402081240602
    },
    "1": {
      "closest": 0.023472676080580818,
      "centroid": 0.7277583817843076,
      "furthest": 1.504857365699519
    }
  },
  "17": {
    "0": {
      "closest": -0.006907777655563399,
      "centroid": -0.7511598453883672,
      "furthest": -1.6811149040115705
    },
    "1": {
      "closest": -0.003482621232030289,
      "centroid": 0.8625593686813207,
      "furthest": 1.943181544642068
    }
  },
  "18": {
    "0": {
      "closest": 0.02271910147917436,
      "centroid": -0.9261006452897707,
      "furthest": -1.8607266894535348
    },
    "1": {
      "closest": -0.018007867265399324,
      "centroid": 1.0821092491178046,
      "furthest": 2.350493517965644
    }
  },
  "19": {
    "0": {
      "closest": -0.008968459830122621,
      "centroid": -0.8201903432071469,
      "furthest": -1.7553594742465384
    },
    "1": {
      "closest": -0.021873699739682173,
      "centroid": 0.9519181584220382,
      "furthest": 2.1618982338759443
    }
  },
  "20": {
    "0": {
      "closest": 0.013832349852319181,
      "centroid": -1.0461791849404503,
      "furthest": -2.0913610451858102
    },
    "1": {
      "closest": -0.010188756948208588,
      "centroid": 1.2694332230053695,
      "furthest": 2.7768117784386526
    }
  },
  "21": {
    "0": {
      "closest": 0.0001873784125565603,
      "centroid": -1.1178511061339504,
      "furthest": -2.28076283755599
    },
    "1": {
      "closest": -0.012866300774239003,
      "centroid": 1.3533079912898252,
      "furthest": 2.9954593863281493
    }
  },
  "22": {
    "0": {
      "closest": 0.0011068418689613169,
      "centroid": -1.172723449959573,
      "furthest": -2.4291941128409285
    },
    "1": {
      "closest": 0.019310572279979676,
      "centroid": 1.4279613978208971,
      "furthest": 3.216702243952146
    }
  },
  "23": {
    "0": {
      "closest": -0.014295374960107077,
      "centroid": -1.240743505334713,
      "furthest": -2.583525758022837
    },
    "1": {
      "closest": 0.0034599151558728503,
      "centroid": 1.4978822329186392,
      "furthest": 3.373340738830976
    }
  },
  "24": {
    "0": {
      "closest": -0.014035607960049212,
      "centroid": -1.2932686544300325,
      "furthest": -2.723076785362571
    },
    "1": {
      "closest": 0.03917689654688983,
      "centroid": 1.5620484621329769,
      "furthest": 3.4994549528292787
    }
  },
  "25": {
    "0": {
      "closest": -0.21329594464279955,
      "centroid": -1.1062962936331542,
      "furthest": -2.3979268669638696
    },
    "1": {
      "closest": 0.2575682908113227,
      "centroid": 1.3552917082237714,
      "furthest": 3.1200696758858366
    }
  },
  "26": {
    "0": {
      "closest": -0.0476109491669624,
      "centroid": -1.4189946438539778,
      "furthest": -3.027021012725568
    },
    "1": {
      "closest": 0.0063880448690113445,
      "centroid": 1.7190603794342945,
      "furthest": 3.8339822896394615
    }
  },
  "27": {
    "0": {
      "closest": -0.040751127037367385,
      "centroid": -1.479090635823,
      "furthest": -3.1428428997407907
    },
    "1": {
      "closest": 0.04036478403576349,
      "centroid": 1.7859224448315398,
      "furthest": 3.9861366807050085
    }
  },
  "28": {
    "0": {
      "closest": -0.3042025726172657,
      "centroid": -1.3616259148634828,