{
  "0": {
    "acc": 0.89875,
    "precision": 0.8938271604938272,
    "recall": 0.905,
    "f1": 0.8993788819875776,
    "auc": 0.96805625,
    "mse": 0.07348667621302128
  },
  "1": {
    "acc": 0.9575,
    "precision": 0.9552238805970149,
    "recall": 0.96,
    "f1": 0.9576059850374065,
    "auc": 0.99108125,
    "mse": 0.03751915967468638
  },
  "2": {
    "acc": 0.98125,
    "precision": 0.9848866498740554,
    "recall": 0.9775,
    "f1": 0.9811794228356336,
    "auc": 0.99696875,
    "mse": 0.024464519750937615
  },
  "3": {
    "acc": 0.9775,
    "precision": 0.9823232323232324,
    "recall": 0.9725,
    "f1": 0.9773869346733668,
    "auc": 0.99553125,
    "mse": 0.03964102498585407
  },
  "4": {
    "acc": 0.9825,
    "precision": 0.9873737373737373,
    "recall": 0.9775,
    "f1": 0.9824120603015075,
    "auc": 0.99803125,
    "mse": 0.015299282436005984
  },
  "5": {
    "acc": 0.99625,
    "precision": 1.0,
    "recall": 0.9925,
    "f1": 0.9962358845671268,
    "auc": 0.9998812499999999,
    "mse": 0.005124842961971918
  },
  "6": {
    "acc": 0.99875,
    "precision": 1.0,
    "recall": 0.9975,
    "f1": 0.9987484355444305,
    "auc": 1.0,
    "mse": 0.002377665633185895
  },
  "7": {
    "acc": 0.99375,
    "precision": 0.9974811083123426,
    "recall": 0.99,
    "f1": 0.9937264742785445,
    "auc": 0.9999,
    "mse": 0.009852078345736232
  },
  "8": {
    "acc": 0.9875,
    "precision": 0.9875,
    "recall": 0.9875,
    "f1": 0.9875,
    "auc": 0.999325,
    "mse": 0.012586973686141433
  },
  "9": {
    "acc": 0.99125,
    "precision": 0.9924812030075187,
    "recall": 0.99,
    "f1": 0.9912390488110138,
    "auc": 0.9990125,
    "mse": 0.012717682795559874
  },
  "10": {
    "acc": 0.995,
    "precision": 0.995,
    "recall": 0.995,
    "f1": 0.995,
    "auc": 0.9999187500000001,
    "mse": 0.007152749390664212
  },
  "11": {
    "acc": 0.995,
    "precision": 0.9974874371859297,
    "recall": 0.9925,
    "f1": 0.9949874686716792,
    "auc": 0.9999312499999999,
    "mse": 0.007288846373025966
  },
  "12": {
    "acc": 0.99625,
    "precision": 0.9974937343358395,
    "recall": 0.995,
    "f1": 0.9962453066332916,
    "auc": 0.9999562500000001,
    "mse": 0.005846513475326182
  },
  "13": {
    "acc": 0.995,
    "precision": 0.995,
    "recall": 0.995,
    "f1": 0.995,
    "auc": 0.99995,
    "mse": 0.00600131947604556
  },
  "14": {
    "acc": 0.995,
    "precision": 0.995,
    "recall": 0.995,
    "f1": 0.995,
    "auc": 0.999975,
    "mse": 0.005484270646012519
  },
  "15": {
    "acc": 0.9975,
    "precision": 0.9975,
    "recall": 0.9975,
    "f1": 0.9975,
    "auc": 0.999975,
    "mse": 0.0049070649059539005
  },
  "16": {
    "acc": 0.99625,
    "precision": 0.9950124688279302,
    "recall": 0.9975,
    "f1": 0.9962546816479401,
    "auc": 0.9999875,
    "mse": 0.0046742550835524276
  },
  "17": {
    "acc": 0.99375,
    "precision": 0.9974811083123426,
    "recall": 0.99,
    "f1": 0.9937264742785445,
    "auc": 0.9999,
    "mse": 0.00451370690761089
  },
  "18": {
    "acc": 0.98125,
    "precision": 0.9848866498740554,
    "recall": 0.9775,
    "f1": 0.9811794228356336,
    "auc": 0.99874375,
    "mse": 0.019941860183537864
  },
  "19": {
    "acc": 0.9975,
    "precision": 0.9975,
    "recall": 0.9975,
    "f1": 0.9975,
    "auc": 0.9999875,
    "mse": 0.003911556656793996
  },
  "20": {
    "acc": 0.98375,
    "precision": 0.9874055415617129,
    "recall": 0.98,
    "f1": 0.9836888331242158,
    "auc": 0.99920625,
    "mse": 0.01699316875992912
  },
  "21": {
    "acc": 0.98625,
    "precision": 0.9874686716791979,
    "recall": 0.985,
    "f1": 0.986232790988736,
    "auc": 0.99943125,
    "mse": 0.0148844997098048
  },
  "22": {
    "acc": 0.9875,
    "precision": 0.9875,
    "recall": 0.9875,
    "f1": 0.9875,
    "auc": 0.9994624999999999,
    "mse": 0.014055826616539074
  },
  "23": {
    "acc": 0.9925,
    "precision": 0.9925,
    "recall": 0.9925,
    "f1": 0.9925,
    "auc": 0.9996375,
    "mse": 0.012729112430167042
  },
  "24": {
    "acc": 0.99375,
    "precision": 0.9949874686716792,
    "recall": 0.9925,
    "f1": 0.9937421777221527,
    "auc": 0.999725,
    "mse": 0.01157704338039256
  },
  "25": {
    "acc": 1.0,
    "precision": 1.0,
    "recall": 1.0,
    "f1": 1.0,
    "auc": 1.0,
    "mse": 0.0010127499696156194
  },
  "26": {
    "acc": 0.995,
    "precision": 0.995,
    "recall": 0.995,
    "f1": 0.995,
    "auc": 0.9998625000000001,
    "mse": 0.00951432304357007
  },
  "27": {
    "acc": 0.995,
    "precision": 0.995,
    "recall": 0.995,
    "f1": 0.995,
    "auc": 0.99990625,
    "mse": 0.008549103104156961
  },
  "28": {
    "acc": 1.0,
    "precision": 1.0,
    "recall": 1.0,
    "f1": 1.0,
    "auc": 1.0,
    "mse": 0.0005916009823542369
  },
  "29": {
    "acc": 1.0,
    "precision": 1.0,
    "recall": 1.0,
    "f1": 1.0,
    "auc": 1.0,
    "mse": 0.0004058591317283385
  },
  "30": {
    "acc": 1.0,
    "precision": 1.0,
    "recall": 1.0,
    "f1": 1.0,
    "auc": 1.0,
    "mse": 0.0004826534578940392
  },
  "31": {
    "acc": 1.0,
    "precision": 1.0,
    "recall": 1.0,
    "f1": 1.0,
    "auc": 1.0,
    "mse": 0.004382758418553817
  },
  "aggregation": {
    "acc": 99.375,
    "precision": 0.9974811083123426,
    "recall": 0.99,
    "f1": 0.9937264742785445,
    "auc": 0.99995,
    "mse": 0.008266676942422177
  }
}