{
  "0": {
    "0": {
      "closest": -0.5970533490180969,
      "centroid": -0.6120343804359436,
      "furthest": -0.6244566440582275
    },
    "1": {
      "closest": 0.5912582874298096,
      "centroid": 0.6120343804359436,
      "furthest": 0.6278379559516907
    }
  },
  "1": {
    "0": {
      "closest": -0.7267385125160217,
      "centroid": -0.74601149559021,
      "furthest": -0.7594842314720154
    },
    "1": {
      "closest": 0.7311344742774963,
      "centroid": 0.74601149559021,
      "furthest": 0.7607681155204773
    }
  },
  "2": {
    "0": {
      "closest": -0.9408421516418457,
      "centroid": -0.9791100025177002,
      "furthest": -1.0065898895263672
    },
    "1": {
      "closest": 0.9619578123092651,
      "centroid": 0.979110062122345,
      "furthest": 0.9931752681732178
    }
  },
  "3": {
    "0": {
      "closest": -1.0881304740905762,
      "centroid": -1.1373153924942017,
      "furthest": -1.1802597045898438
    },
    "1": {
      "closest": 1.1072733402252197,
      "centroid": 1.1373153924942017,
      "furthest": 1.1639773845672607
    }
  },
  "4": {
    "0": {
      "closest": -1.3168048858642578,
      "centroid": -1.3800666332244873,
      "furthest": -1.434424877166748
    },
    "1": {
      "closest": 1.3215761184692383,
      "centroid": 1.3800667524337769,
      "furthest": 1.4279236793518066
    }
  },
  "5": {
    "0": {
      "closest": -1.4889312982559204,
      "centroid": -1.6145819425582886,
      "furthest": -1.7123491764068604
    },
    "1": {
      "closest": 1.5165369510650635,
      "centroid": 1.6145819425582886,
      "furthest": 1.6994447708129883
    }
  },
  "6": {
    "0": {
      "closest": -1.5069414377212524,
      "centroid": -1.7358981370925903,
      "furthest": -1.89158296585083
    },
    "1": {
      "closest": 1.654457688331604,
      "centroid": 1.7358981370925903,
      "furthest": 1.7976875305175781
    }
  },
  "7": {
    "0": {
      "closest": -1.6689865589141846,
      "centroid": -2.0536911487579346,
      "furthest": -2.2861647605895996
    },
    "1": {
      "closest": 1.9084134101867676,
      "centroid": 2.0536911487579346,
      "furthest": 2.1612396240234375
    }
  },
  "8": {
    "0": {
      "closest": -1.6635057926177979,
      "centroid": -2.084923267364502,
      "furthest": -2.340392589569092
    },
    "1": {
      "closest": 1.8599066734313965,
      "centroid": 2.084923267364502,
      "furthest": 2.241218090057373
    }
  },
  "9": {
    "0": {
      "closest": -1.9457199573516846,
      "centroid": -2.3813633918762207,
      "furthest": -2.6975882053375244
    },
    "1": {
      "closest": 2.1229734420776367,
      "centroid": 2.3813633918762207,
      "furthest": 2.578841209411621
    }
  },
  "10": {
    "0": {
      "closest": -2.0729122161865234,
      "centroid": -2.599149703979492,
      "furthest": -2.9477906227111816
    },
    "1": {
      "closest": 2.312866687774658,
      "centroid": 2.599149465560913,
      "furthest": 2.8620645999908447
    }
  },
  "11": {
    "0": {
      "closest": -2.0390522480010986,
      "centroid": -2.661242723464966,
      "furthest": -2.921908378601074
    },
    "1": {
      "closest": 2.3414230346679688,
      "centroid": 2.661242723464966,
      "furthest": 2.9417991638183594
    }
  },
  "12": {
    "0": {
      "closest": -2.0780556201934814,
      "centroid": -2.823788642883301,
      "furthest": -3.2903265953063965
    },
    "1": {
      "closest": 2.357893466949463,
      "centroid": 2.82378888130188,
      "furthest": 3.190585136413574
    }
  },
  "13": {
    "0": {
      "closest": -2.199338436126709,
      "centroid": -2.9764695167541504,
      "furthest": -3.429150104522705
    },
    "1": {
      "closest": 2.2945330142974854,
      "centroid": 2.9764697551727295,
      "furthest": 3.497177839279175
    }
  },
  "14": {
    "0": {
      "closest": -2.5138192176818848,
      "centroid": -3.1941394805908203,
      "furthest": -3.580936908721924
    },
    "1": {
      "closest": 2.1430397033691406,
      "centroid": 3.1941397190093994,
      "furthest": 3.850192070007324
    }
  },
  "15": {
    "0": {
      "closest": -2.8435707092285156,
      "centroid": -3.5135412216186523,
      "furthest": -3.9475488662719727
    },
    "1": {
      "closest": 2.0749197006225586,
      "centroid": 3.5135414600372314,
      "furthest": 4.320558547973633
    }
  },
  "16": {
    "0": {
      "closest": -3.194437026977539,
      "centroid": -3.9351701736450195,
      "furthest": -4.5104265213012695
    },
    "1": {
      "closest": 2.1048128604888916,
      "centroid": 3.9351704120635986,
      "furthest": 4.903730392456055
    }
  },
  "17": {
    "0": {
      "closest": -3.545637607574463,
      "centroid": -4.338913917541504,
      "furthest": -5.001129150390625
    },
    "1": {
      "closest": 2.268918991088867,
      "centroid": 4.338913917541504,
      "furthest": 5.2172698974609375
    }
  },
  "18": {
    "0": {
      "closest": -3.837120771408081,
      "centroid": -4.654099464416504,
      "furthest": -5.3537116050720215
    },
    "1": {
      "closest": 2.2910232543945312,
      "centroid": 4.654099464416504,
      "furthest": 5.552943229675293
    }
  },
  "19": {
    "0": {
      "closest": -4.424227714538574,
      "centroid": -5.129240989685059,
      "furthest": -5.7610764503479
    },
    "1": {
      "closest": 2.6984710693359375,
      "centroid": 5.129240989685059,
      "furthest": 6.126552104949951
    }
  },
  "20": {
    "0": {
      "closest": -4.8542680740356445,
      "centroid": -5.588024616241455,
      "furthest": -6.297519683837891
    },
    "1": {
      "closest": 2.7246041297912598,
      "centroid": 5.588024616241455,
      "furthest": 6.804693222045898
    }
  },
  "21": {
    "0": {
      "closest": -5.39879035949707,
      "centroid": -6.237242221832275,
      "furthest": -7.125816822052002
    },
    "1": {
      "closest": 2.877248764038086,
      "centroid": 6.237243175506592,
      "furthest": 7.714996337890625
    }
  },
  "22": {
    "0": {
      "closest": -6.082111358642578,
      "centroid": -6.890702724456787,
      "furthest": -7.795891284942627
    },
    "1": {
      "closest": 3.1764700412750244,
      "centroid": 6.890702247619629,
      "furthest": 8.66708755493164
    }
  },
  "23": {
    "0": {
      "closest": -6.5858154296875,
      "centroid": -7.492341995239258,
      "furthest": -8.527097702026367
    },
    "1": {
      "closest": 3.232351064682007,
      "centroid": 7.492341995239258,
      "furthest": 9.596357345581055
    }
  },
  "24": {
    "0": {
      "closest": -6.842206001281738,
      "centroid": -7.87153959274292,
      "furthest": -8.98210620880127
    },
    "1": {
      "closest": 3.1453137397766113,
      "centroid": 7.871539115905762,
      "furthest": 10.071109771728516
    }
  },
  "25": {
    "0": {
      "closest": -7.021642684936523,
      "centroid": -8.166584968566895,
      "furthest": -9.322628021240234
    },
    "1": {
      "closest": 3.318286418914795,
      "centroid": 8.166584968566895,
      "furthest": 10.37265396118164
    }
  },
  "26": {
    "0": {
      "closest": -7.554687023162842,
      "centroid": -8.866507530212402,
      "furthest": -10.122172355651855
    },
    "1": {
      "closest": 3.49589204788208,
      "centroid": 8.866507530212402,
      "furthest": 11.255556106567383
    }
  },
  "27": {
    "0": {
      "closest": -8.014412879943848,
      "centroid": -9.579240798950195,
      "furthest": -10.935136795043945
    },
    "1": {
      "closest": 3.565378189086914,
      "centroid": 9.579239845275879,
      "furthest": 12.216341018676758
    }
  },
  "28": {
    "0": {
      "closest": -9.076769828796387,
      "centroid": -10.779537200927734,
      "furthest": -12.270092964172363
    },
    "1": {
      "closest": 3.9065003395080566,
      "centroid": 10.779537200927734,
      "furthest": 13.722753524780273
    }
  },
  "29": {
    "0": {
      "closest": -10.37025260925293,