{
  "0": {
    "0": {
      "closest": -0.008087349124252796,
      "centroid": -0.040493182837963104,
      "furthest": -0.10200893878936768
    },
    "1": {
      "closest": 0.006758271716535091,
      "centroid": 0.03995777294039726,
      "furthest": 0.08599590510129929
    }
  },
  "1": {
    "0": {
      "closest": -0.017176693305373192,
      "centroid": -0.06493186950683594,
      "furthest": -0.14806155860424042
    },
    "1": {
      "closest": 0.01400839164853096,
      "centroid": 0.06441248208284378,
      "furthest": 0.1351623386144638
    }
  },
  "2": {
    "0": {
      "closest": -0.029628105461597443,
      "centroid": -0.10422259569168091,
      "furthest": -0.22493195533752441
    },
    "1": {
      "closest": 0.026522120460867882,
      "centroid": 0.10201141983270645,
      "furthest": 0.19906142354011536
    }
  },
  "3": {
    "0": {
      "closest": -0.04623283073306084,
      "centroid": -0.15044823288917542,
      "furthest": -0.3175712823867798
    },
    "1": {
      "closest": 0.03343649581074715,
      "centroid": 0.156139075756073,
      "furthest": 0.32044583559036255
    }
  },
  "4": {
    "0": {
      "closest": -0.07104188948869705,
      "centroid": -0.21467570960521698,
      "furthest": -0.4454237222671509
    },
    "1": {
      "closest": 0.05228360369801521,
      "centroid": 0.23359890282154083,
      "furthest": 0.46318933367729187
    }
  },
  "5": {
    "0": {
      "closest": -0.08965989947319031,
      "centroid": -0.2576667070388794,
      "furthest": -0.5507301688194275
    },
    "1": {
      "closest": 0.06800162047147751,
      "centroid": 0.28212225437164307,
      "furthest": 0.5573073029518127
    }
  },
  "6": {
    "0": {
      "closest": -0.10525688529014587,
      "centroid": -0.3177530765533447,
      "furthest": -0.6376708149909973
    },
    "1": {
      "closest": 0.08926136791706085,
      "centroid": 0.3538888096809387,
      "furthest": 0.6870825290679932
    }
  },
  "7": {
    "0": {
      "closest": -0.0525176003575325,
      "centroid": -0.2403077632188797,
      "furthest": -0.5033702850341797
    },
    "1": {
      "closest": 0.009114867076277733,
      "centroid": 0.2795003652572632,
      "furthest": 0.5536410808563232
    }
  },
  "8": {
    "0": {
      "closest": -0.14859332144260406,
      "centroid": -0.41136306524276733,
      "furthest": -0.7711654305458069
    },
    "1": {
      "closest": 0.12204866111278534,
      "centroid": 0.4873746633529663,
      "furthest": 0.9337392449378967
    }
  },
  "9": {
    "0": {
      "closest": -0.06354174017906189,
      "centroid": -0.2937225103378296,
      "furthest": -0.571482241153717
    },
    "1": {
      "closest": 0.004049431532621384,
      "centroid": 0.35675469040870667,
      "furthest": 0.706687331199646
    }
  },
  "10": {
    "0": {
      "closest": -0.06243959069252014,
      "centroid": -0.3143256902694702,
      "furthest": -0.5984901785850525
    },
    "1": {
      "closest": 0.0023331642150878906,
      "centroid": 0.3832911550998688,
      "furthest": 0.770612359046936
    }
  },
  "11": {
    "0": {
      "closest": 0.0012400783598423004,
      "centroid": -0.22859619557857513,
      "furthest": -0.5082854628562927
    },
    "1": {
      "closest": 0.0013390444219112396,
      "centroid": 0.2484600841999054,
      "furthest": 0.5097468495368958
    }
  },
  "12": {
    "0": {
      "closest": -0.008424952626228333,
      "centroid": -0.22769254446029663,
      "furthest": -0.5005261301994324
    },
    "1": {
      "closest": 0.004548989236354828,
      "centroid": 0.25692009925842285,
      "furthest": 0.5290193557739258
    }
  },
  "13": {
    "0": {
      "closest": -0.007040329277515411,
      "centroid": -0.23292706906795502,
      "furthest": -0.5195294618606567
    },
    "1": {
      "closest": -0.0009028464555740356,
      "centroid": 0.2631794214248657,
      "furthest": 0.5568071603775024
    }
  },
  "14": {
    "0": {
      "closest": -0.0026711076498031616,
      "centroid": -0.23823535442352295,
      "furthest": -0.5088291168212891
    },
    "1": {
      "closest": -0.0006374269723892212,
      "centroid": 0.27445489168167114,
      "furthest": 0.655284583568573
    }
  },
  "15": {
    "0": {
      "closest": -0.01013357937335968,
      "centroid": -0.2857304811477661,
      "furthest": -0.6105996966362
    },
    "1": {
      "closest": 0.01069292426109314,
      "centroid": 0.3283487558364868,
      "furthest": 0.7574082016944885
    }
  },
  "16": {
    "0": {
      "closest": -0.10737518966197968,
      "centroid": -0.4749758243560791,
      "furthest": -0.8845356106758118
    },
    "1": {
      "closest": 0.03733813017606735,
      "centroid": 0.5715370774269104,
      "furthest": 1.3311160802841187
    }
  },
  "17": {
    "0": {
      "closest": -0.255498468875885,
      "centroid": -0.7160170674324036,
      "furthest": -1.321617841720581
    },
    "1": {
      "closest": 0.2193300426006317,
      "centroid": 0.8927066326141357,
      "furthest": 1.9705020189285278
    }
  },
  "18": {
    "0": {
      "closest": -0.2789326012134552,
      "centroid": -0.7704458832740784,
      "furthest": -1.4270678758621216
    },
    "1": {
      "closest": 0.24366723001003265,
      "centroid": 0.9633185863494873,
      "furthest": 2.117241621017456
    }
  },
  "19": {
    "0": {
      "closest": -0.1538316011428833,
      "centroid": -0.6407774090766907,
      "furthest": -1.342073917388916
    },
    "1": {
      "closest": 0.09578356891870499,
      "centroid": 0.7768993973731995,
      "furthest": 1.6788091659545898
    }
  },
  "20": {
    "0": {
      "closest": -0.31204065680503845,
      "centroid": -0.8701326251029968,
      "furthest": -1.6675267219543457
    },
    "1": {
      "closest": 0.273519366979599,
      "centroid": 1.0669902563095093,
      "furthest": 2.3124420642852783
    }
  },
  "21": {
    "0": {
      "closest": -0.22027280926704407,
      "centroid": -0.7967939972877502,
      "furthest": -1.6781080961227417
    },
    "1": {
      "closest": 0.14135296642780304,
      "centroid": 0.9550544023513794,
      "furthest": 2.072362184524536
    }
  },
  "22": {
    "0": {
      "closest": -0.02877449244260788,
      "centroid": -0.5944281816482544,
      "furthest": -1.39509916305542
    },
    "1": {
      "closest": 0.005588166415691376,
      "centroid": 0.6803651452064514,
      "furthest": 1.4412038326263428
    }
  },
  "23": {
    "0": {
      "closest": -0.02448853850364685,
      "centroid": -0.6351144909858704,
      "furthest": -1.4059420824050903
    },
    "1": {
      "closest": 0.01653771847486496,
      "centroid": 0.717883825302124,
      "furthest": 1.46112060546875
    }
  },
  "24": {
    "0": {
      "closest": -0.05920764058828354,
      "centroid": -0.6850094795227051,
      "furthest": -1.558613657951355
    },
    "1": {
      "closest": -0.010285228490829468,
      "centroid": 0.7751727104187012,
      "furthest": 1.647717833518982
    }
  },
  "25": {
    "0": {
      "closest": 0.010967310518026352,
      "centroid": -0.7323704361915588,
      "furthest": -1.5354888439178467
    },
    "1": {
      "closest": -0.002817545086145401,
      "centroid": 0.8472775220870972,
      "furthest": 1.8211119174957275
    }
  },
  "26": {
    "0": {
      "closest": -0.022069454193115234,
      "centroid": -0.7822444438934326,
      "furthest": -1.7219088077545166
    },
    "1": {
      "closest": -0.002585827372968197,
      "centroid": 0.8921990990638733,
      "furthest": 1.9167728424072266
    }
  },
  "27": {
    "0": {
      "closest": -0.3437316417694092,
      "centroid": -1.2622861862182617,
      "furthest": -2.598658800125122
    },
    "1": {
      "closest": 0.2879220247268677,
      "centroid": 1.5213675498962402,
      "furthest": 3.201786756515503
    }
  },
  "28": {
    "0": {
      "closest": -0.009827377274632454,
      "centroid": -0.9160434007644653,
      "furthest": -2.0511538982391357
    },