{
  "0": {
    "acc": 1.0,
    "precision": 1.0,
    "recall": 1.0,
    "f1": 1.0,
    "auc": 1.0,
    "mse": 0.0008046973907552389
  },
  "1": {
    "acc": 1.0,
    "precision": 1.0,
    "recall": 1.0,
    "f1": 1.0,
    "auc": 1.0,
    "mse": 0.00024776607680207605
  },
  "2": {
    "acc": 1.0,
    "precision": 1.0,
    "recall": 1.0,
    "f1": 1.0,
    "auc": 1.0,
    "mse": 0.0001310716355343808
  },
  "3": {
    "acc": 1.0,
    "precision": 1.0,
    "recall": 1.0,
    "f1": 1.0,
    "auc": 1.0,
    "mse": 0.00024220119175355533
  },
  "4": {
    "acc": 1.0,
    "precision": 1.0,
    "recall": 1.0,
    "f1": 1.0,
    "auc": 1.0,
    "mse": 0.00016696178027528742
  },
  "5": {
    "acc": 1.0,
    "precision": 1.0,
    "recall": 1.0,
    "f1": 1.0,
    "auc": 1.0,
    "mse": 0.00011456015757443454
  },
  "6": {
    "acc": 1.0,
    "precision": 1.0,
    "recall": 1.0,
    "f1": 1.0,
    "auc": 1.0,
    "mse": 9.019280019548493e-05
  },
  "7": {
    "acc": 1.0,
    "precision": 1.0,
    "recall": 1.0,
    "f1": 1.0,
    "auc": 1.0,
    "mse": 0.0015632418716241853
  },
  "8": {
    "acc": 1.0,
    "precision": 1.0,
    "recall": 1.0,
    "f1": 1.0,
    "auc": 1.0,
    "mse": 5.8406929296972513e-05
  },
  "9": {
    "acc": 1.0,
    "precision": 1.0,
    "recall": 1.0,
    "f1": 1.0,
    "auc": 1.0,
    "mse": 0.001418349600400521
  },
  "10": {
    "acc": 1.0,
    "precision": 1.0,
    "recall": 1.0,
    "f1": 1.0,
    "auc": 1.0,
    "mse": 0.0013412864360384418
  },
  "11": {
    "acc": 0.9875,
    "precision": 0.9924242424242424,
    "recall": 0.9825,
    "f1": 0.9874371859296482,
    "auc": 0.99773125,
    "mse": 0.016533556884925412
  },
  "12": {
    "acc": 0.98875,
    "precision": 0.9974554707379135,
    "recall": 0.98,
    "f1": 0.9886506935687264,
    "auc": 0.9981437500000001,
    "mse": 0.014733424267219327
  },
  "13": {
    "acc": 0.9875,
    "precision": 0.9974489795918368,
    "recall": 0.9775,
    "f1": 0.9873737373737373,
    "auc": 0.9985875,
    "mse": 0.0139218484734754
  },
  "14": {
    "acc": 0.985,
    "precision": 0.9948979591836735,
    "recall": 0.975,
    "f1": 0.9848484848484849,
    "auc": 0.99809375,
    "mse": 0.014433890031726952
  },
  "15": {
    "acc": 0.98875,
    "precision": 0.9949367088607595,
    "recall": 0.9825,
    "f1": 0.9886792452830189,
    "auc": 0.99789375,
    "mse": 0.013051867304109576
  },
  "16": {
    "acc": 1.0,
    "precision": 1.0,
    "recall": 1.0,
    "f1": 1.0,
    "auc": 1.0,
    "mse": 0.0008437420876060347
  },
  "17": {
    "acc": 1.0,
    "precision": 1.0,
    "recall": 1.0,
    "f1": 1.0,
    "auc": 1.0,
    "mse": 5.572645328507547e-05
  },
  "18": {
    "acc": 1.0,
    "precision": 1.0,
    "recall": 1.0,
    "f1": 1.0,
    "auc": 1.0,
    "mse": 6.354864751294164e-05
  },
  "19": {
    "acc": 1.0,
    "precision": 1.0,
    "recall": 1.0,
    "f1": 1.0,
    "auc": 1.0,
    "mse": 0.0006650975964324929
  },
  "20": {
    "acc": 1.0,
    "precision": 1.0,
    "recall": 1.0,
    "f1": 1.0,
    "auc": 1.0,
    "mse": 6.11490252463286e-05
  },
  "21": {
    "acc": 1.0,
    "precision": 1.0,
    "recall": 1.0,
    "f1": 1.0,
    "auc": 1.0,
    "mse": 0.0005429253946923786
  },
  "22": {
    "acc": 0.9925,
    "precision": 0.9949748743718593,
    "recall": 0.99,
    "f1": 0.9924812030075187,
    "auc": 0.999075,
    "mse": 0.01036786127400453
  },
  "23": {
    "acc": 0.99125,
    "precision": 0.9949622166246851,
    "recall": 0.9875,
    "f1": 0.9912170639899623,
    "auc": 0.9992937500000001,
    "mse": 0.009930789127576412
  },
  "24": {
    "acc": 0.99,
    "precision": 0.9949494949494949,
    "recall": 0.985,
    "f1": 0.9899497487437185,
    "auc": 0.999275,
    "mse": 0.00988754131195739
  },
  "25": {
    "acc": 0.99,
    "precision": 0.9949494949494949,
    "recall": 0.985,
    "f1": 0.9899497487437185,
    "auc": 0.9995375,
    "mse": 0.009181445884033893
  },
  "26": {
    "acc": 0.99125,
    "precision": 0.9949622166246851,
    "recall": 0.9875,
    "f1": 0.9912170639899623,
    "auc": 0.9996624999999999,
    "mse": 0.008538185481551335
  },
  "27": {
    "acc": 1.0,
    "precision": 1.0,
    "recall": 1.0,
    "f1": 1.0,
    "auc": 1.0,
    "mse": 0.00037990891168002
  },
  "28": {
    "acc": 0.99625,
    "precision": 1.0,
    "recall": 0.9925,
    "f1": 0.9962358845671268,
    "auc": 0.99989375,
    "mse": 0.00695264108328866
  },
  "29": {
    "acc": 1.0,
    "precision": 1.0,
    "recall": 1.0,
    "f1": 1.0,
    "auc": 1.0,
    "mse": 0.000324444097011863
  },
  "30": {
    "acc": 0.99625,
    "precision": 1.0,
    "recall": 0.9925,
    "f1": 0.9962358845671268,
    "auc": 0.99996875,
    "mse": 0.005327963139290169
  },
  "31": {
    "acc": 0.985,
    "precision": 0.98989898989899,
    "recall": 0.98,
    "f1": 0.9849246231155779,
    "auc": 0.9985499999999999,
    "mse": 0.015782649293759294
  },
  "aggregation": {
    "acc": 100.0,
    "precision": 1.0,
    "recall": 1.0,
    "f1": 1.0,
    "auc": 1.0,
    "mse": 0.0026070445724126574
  }
}