{
  "0": {
    "0": {
      "closest": -0.04741239920258522,
      "centroid": -0.049886155873537064,
      "furthest": -0.05278349295258522
    },
    "1": {
      "closest": 0.04584931954741478,
      "centroid": 0.04984651133418083,
      "furthest": 0.05268525704741478
    }
  },
  "1": {
    "0": {
      "closest": -0.058964312076568604,
      "centroid": -0.06324775516986847,
      "furthest": -0.0677533745765686
    },
    "1": {
      "closest": 0.058467328548431396,
      "centroid": 0.06326347589492798,
      "furthest": 0.0679888129234314
    }
  },
  "2": {
    "0": {
      "closest": -0.08231815695762634,
      "centroid": -0.0917603075504303,
      "furthest": -0.09940800070762634
    },
    "1": {
      "closest": 0.08467403054237366,
      "centroid": 0.09174676984548569,
      "furthest": 0.10274043679237366
    }
  },
  "3": {
    "0": {
      "closest": -0.09396695345640182,
      "centroid": -0.10170132666826248,
      "furthest": -0.11154507845640182
    },
    "1": {
      "closest": 0.09109164029359818,
      "centroid": 0.10163607448339462,
      "furthest": 0.11013460904359818
    }
  },
  "4": {
    "0": {
      "closest": -0.16845697164535522,
      "centroid": -0.1835235357284546,
      "furthest": -0.2006320208311081
    },
    "1": {
      "closest": 0.17097975313663483,
      "centroid": 0.18352265655994415,
      "furthest": 0.19967947900295258
    }
  },
  "5": {
    "0": {
      "closest": -0.18006904423236847,
      "centroid": -0.1969504952430725,
      "furthest": -0.21746376156806946
    },
    "1": {
      "closest": 0.18291635811328888,
      "centroid": 0.19701549410820007,
      "furthest": 0.21308840811252594
    }
  },
  "6": {
    "0": {
      "closest": -0.14473828673362732,
      "centroid": -0.15437942743301392,
      "furthest": -0.16573438048362732
    },
    "1": {
      "closest": 0.13651171326637268,
      "centroid": 0.1544267237186432,
      "furthest": 0.16483202576637268
    }
  },
  "7": {
    "0": {
      "closest": -0.15819138288497925,
      "centroid": -0.17161792516708374,
      "furthest": -0.18651169538497925
    },
    "1": {
      "closest": 0.14942580461502075,
      "centroid": 0.17171336710453033,
      "furthest": 0.18458205461502075
    }
  },
  "8": {
    "0": {
      "closest": -0.16796399652957916,
      "centroid": -0.1823585331439972,
      "furthest": -0.19628430902957916
    },
    "1": {
      "closest": 0.16797350347042084,
      "centroid": 0.18240220844745636,
      "furthest": 0.19531725347042084
    }
  },
  "9": {
    "0": {
      "closest": -0.1774960607290268,
      "centroid": -0.19686371088027954,
      "furthest": -0.2175351232290268
    },
    "1": {
      "closest": 0.1750430017709732,
      "centroid": 0.19684964418411255,
      "furthest": 0.2141055017709732
    }
  },
  "10": {
    "0": {
      "closest": -0.18180981278419495,
      "centroid": -0.2060871720314026,
      "furthest": -0.23063793778419495
    },
    "1": {
      "closest": 0.17756518721580505,
      "centroid": 0.20591478049755096,
      "furthest": 0.22444018721580505
    }
  },
  "11": {
    "0": {
      "closest": -0.12331366539001465,
      "centroid": -0.3035118579864502,
      "furthest": -0.44072067737579346
    },
    "1": {
      "closest": 0.19450384378433228,
      "centroid": 0.30054771900177,
      "furthest": 0.47138452529907227
    }
  },
  "12": {
    "0": {
      "closest": -0.09780263900756836,
      "centroid": -0.4439357817173004,
      "furthest": -0.6719721555709839
    },
    "1": {
      "closest": 0.2495894432067871,
      "centroid": 0.41862326860427856,
      "furthest": 0.6687724590301514
    }
  },
  "13": {
    "0": {
      "closest": -0.12936663627624512,
      "centroid": -0.25142988562583923,
      "furthest": -0.3663431406021118
    },
    "1": {
      "closest": 0.16202431917190552,
      "centroid": 0.24613922834396362,
      "furthest": 0.3287220001220703
    }
  },
  "14": {
    "0": {
      "closest": -0.14396029710769653,
      "centroid": -0.3004801571369171,
      "furthest": -0.505324125289917
    },
    "1": {
      "closest": 0.1576577126979828,
      "centroid": 0.30558574199676514,
      "furthest": 0.56760573387146
    }
  },
  "15": {
    "0": {
      "closest": -0.11166858673095703,
      "centroid": -0.46942847967147827,
      "furthest": -0.7696747779846191
    },
    "1": {
      "closest": 0.1808762550354004,
      "centroid": 0.482723593711853,
      "furthest": 0.9966216087341309
    }
  },
  "16": {
    "0": {
      "closest": -0.28439122438430786,
      "centroid": -0.44988423585891724,
      "furthest": -0.5845763087272644
    },
    "1": {
      "closest": 0.2666383385658264,
      "centroid": 0.46038803458213806,
      "furthest": 0.6864631772041321
    }
  },
  "17": {
    "0": {
      "closest": -0.24649348855018616,
      "centroid": -0.41391512751579285,
      "furthest": -0.4769321382045746
    },
    "1": {
      "closest": 0.2374676764011383,
      "centroid": 0.4337122440338135,
      "furthest": 0.6829155683517456
    }
  },
  "18": {
    "0": {
      "closest": -0.17986685037612915,
      "centroid": -0.3034215271472931,
      "furthest": -0.36541372537612915
    },
    "1": {
      "closest": 0.16730111837387085,
      "centroid": 0.30359509587287903,
      "furthest": 0.5213050246238708
    }
  },
  "19": {
    "0": {
      "closest": -0.13814973831176758,
      "centroid": -0.2929885983467102,
      "furthest": -0.3822903633117676
    },
    "1": {
      "closest": 0.14065885543823242,
      "centroid": 0.29315274953842163,
      "furthest": 0.4966158866882324
    }
  },
  "20": {
    "0": {
      "closest": -0.07641685009002686,
      "centroid": -0.37835273146629333,
      "furthest": -0.5051335692405701
    },
    "1": {
      "closest": 0.06685954332351685,
      "centroid": 0.3786599636077881,
      "furthest": 0.808091938495636
    }
  },
  "21": {
    "0": {
      "closest": -0.3096032738685608,
      "centroid": -0.6973678469657898,
      "furthest": -0.9245441555976868
    },
    "1": {
      "closest": 0.3230554461479187,
      "centroid": 0.7334080338478088,
      "furthest": 1.2533290386199951
    }
  },
  "22": {
    "0": {
      "closest": -0.43924498558044434,
      "centroid": -0.765164315700531,
      "furthest": -1.0425738096237183
    },
    "1": {
      "closest": 0.3490464687347412,
      "centroid": 0.796830415725708,
      "furthest": 1.2679469585418701
    }
  },
  "23": {
    "0": {
      "closest": -0.5584164261817932,
      "centroid": -0.8429344296455383,
      "furthest": -0.9576812386512756
    },
    "1": {
      "closest": 0.5630776286125183,
      "centroid": 0.8724012970924377,
      "furthest": 1.3191487789154053
    }
  },
  "24": {
    "0": {
      "closest": -0.7693722248077393,
      "centroid": -1.016839861869812,
      "furthest": -1.1204277276992798
    },
    "1": {
      "closest": 0.6244592666625977,
      "centroid": 1.060724139213562,
      "furthest": 1.6183629035949707
    }
  },
  "25": {
    "0": {
      "closest": -0.27242350578308105,
      "centroid": -0.46202412247657776,
      "furthest": -0.7363364696502686
    },
    "1": {
      "closest": 0.08625958859920502,
      "centroid": 0.46321579813957214,
      "furthest": 0.880219578742981
    }
  },
  "26": {
    "0": {
      "closest": -0.31312352418899536,
      "centroid": -0.49943625926971436,
      "furthest": -0.7604918479919434
    },
    "1": {
      "closest": 0.11956758797168732,
      "centroid": 0.5015901327133179,
      "furthest": 0.9577968716621399
    }
  },
  "27": {
    "0": {
      "closest": -0.29123157262802124,
      "centroid": -0.509045422077179,
      "furthest": -0.8183638453483582
    },
    "1": {
      "closest": 0.09736664593219757,
      "centroid": 0.5108449459075928,
      "furthest": 0.8833504319190979
    }
  },
  "28": {
    "0": {
      "closest": -0.26964113116264343,
      "centroid": -0.4721428155899048,
      "furthest": -0.6827270984649658
    },