{
  "0": {
    "0": {
      "closest": 0.00028511442277336096,
      "centroid": -0.032147344967760366,
      "furthest": -0.09593245725455538
    },
    "1": {
      "closest": 9.779799465340841e-05,
      "centroid": 0.03163624863694256,
      "furthest": 0.0841885108352401
    }
  },
  "1": {
    "0": {
      "closest": -0.00017429181876854605,
      "centroid": -0.049782661777519464,
      "furthest": -0.132737607612425
    },
    "1": {
      "closest": 0.0009578955451217744,
      "centroid": 0.04837088829176776,
      "furthest": 0.13410583341765386
    }
  },
  "2": {
    "0": {
      "closest": -0.0007473576643931903,
      "centroid": -0.08023403394667439,
      "furthest": -0.1878273154655146
    },
    "1": {
      "closest": 0.0009336578391747619,
      "centroid": 0.0776447368819728,
      "furthest": 0.20577171318544493
    }
  },
  "3": {
    "0": {
      "closest": -0.001493861795650725,
      "centroid": -0.13531377460414626,
      "furthest": -0.3312466156745178
    },
    "1": {
      "closest": 0.0002516076749588189,
      "centroid": 0.13530738390844083,
      "furthest": 0.34901164194242196
    }
  },
  "4": {
    "0": {
      "closest": -0.00047024080316965255,
      "centroid": -0.21428423205255773,
      "furthest": -0.4557497940057937
    },
    "1": {
      "closest": 0.0021458264519767095,
      "centroid": 0.2118166054737069,
      "furthest": 0.5345296121386988
    }
  },
  "5": {
    "0": {
      "closest": -0.0014209494829771664,
      "centroid": -0.21530810496917893,
      "furthest": -0.5355918751436847
    },
    "1": {
      "closest": 0.0003490395063521848,
      "centroid": 0.2204888635415201,
      "furthest": 0.5469439571938508
    }
  },
  "6": {
    "0": {
      "closest": 0.0022508659677181048,
      "centroid": -0.30614701628099444,
      "furthest": -0.675724325329926
    },
    "1": {
      "closest": -0.0024948100333216996,
      "centroid": 0.300792050805723,
      "furthest": 0.6947554665120493
    }
  },
  "7": {
    "0": {
      "closest": 0.00893951142754236,
      "centroid": -0.2919997924694679,
      "furthest": -0.6844479429774157
    },
    "1": {
      "closest": -0.006843197652693728,
      "centroid": 0.27640010723785985,
      "furthest": 0.6761128340306726
    }
  },
  "8": {
    "0": {
      "closest": -0.0017441655094290985,
      "centroid": -0.33152749680684196,
      "furthest": -0.7689048862391541
    },
    "1": {
      "closest": 0.006282700610699316,
      "centroid": 0.31287452089652296,
      "furthest": 0.738993267491433
    }
  },
  "9": {
    "0": {
      "closest": 0.00293790215132142,
      "centroid": -0.4045385374592156,
      "furthest": -0.9128899125197975
    },
    "1": {
      "closest": 0.0070241981137555976,
      "centroid": 0.3709242500005277,
      "furthest": 0.8495024020412311
    }
  },
  "10": {
    "0": {
      "closest": -0.002814341775762879,
      "centroid": -0.42420630608650517,
      "furthest": -0.9271048885053333
    },
    "1": {
      "closest": 0.01205745909457635,
      "centroid": 0.3892589773091336,
      "furthest": 0.8683394799356493
    }
  },
  "11": {
    "0": {
      "closest": -0.0034222050109493155,
      "centroid": -0.4235759094959356,
      "furthest": -0.9005894500060247
    },
    "1": {
      "closest": -0.026029703850897812,
      "centroid": 0.39052974722843314,
      "furthest": 0.8970899413748462
    }
  },
  "12": {
    "0": {
      "closest": 0.0013266937542223724,
      "centroid": -0.404919522039893,
      "furthest": -0.9053440173076983
    },
    "1": {
      "closest": 0.007989105872999992,
      "centroid": 0.3690984431480159,
      "furthest": 0.894140679944406
    }
  },
  "13": {
    "0": {
      "closest": -0.0032592681358287363,
      "centroid": -0.501302096122611,
      "furthest": -1.0272394271364005
    },
    "1": {
      "closest": 0.0166193379260042,
      "centroid": 0.45329086605131225,
      "furthest": 1.1089367680140647
    }
  },
  "14": {
    "0": {
      "closest": -0.0035762901947127487,
      "centroid": -0.45318865627777055,
      "furthest": -0.9291583746727408
    },
    "1": {
      "closest": 0.008743551691566175,
      "centroid": 0.40069304212668055,
      "furthest": 0.920553550086129
    }
  },
  "15": {
    "0": {
      "closest": 0.0041933814853385674,
      "centroid": -0.5124452968972526,
      "furthest": -1.0828326459143494
    },
    "1": {
      "closest": 0.00660281420396756,
      "centroid": 0.4703644950408385,
      "furthest": 1.0467380194193456
    }
  },
  "16": {
    "0": {
      "closest": 0.007221219183453245,
      "centroid": -0.5189307514769926,
      "furthest": -1.1380766295768507
    },
    "1": {
      "closest": 0.000579229947274806,
      "centroid": 0.4313025861455202,
      "furthest": 1.0709307190493595
    }
  },
  "17": {
    "0": {
      "closest": 0.003320191724563634,
      "centroid": -0.615338180205264,
      "furthest": -1.2805505912308754
    },
    "1": {
      "closest": 0.0006766927044670979,
      "centroid": 0.544521416190828,
      "furthest": 1.2606418009024065
    }
  },
  "18": {
    "0": {
      "closest": 0.0074816905268358805,
      "centroid": -0.6135735914838237,
      "furthest": -1.3215525870518927
    },
    "1": {
      "closest": 0.006909952962625366,
      "centroid": 0.5717865691207943,
      "furthest": 1.351935434384767
    }
  },
  "19": {
    "0": {
      "closest": -0.018249099113623563,
      "centroid": -0.6260691666862622,
      "furthest": -1.3329420091953978
    },
    "1": {
      "closest": -0.021065363594454118,
      "centroid": 0.5912826110487369,
      "furthest": 1.3669056438248173
    }
  },
  "20": {
    "0": {
      "closest": -0.03226415180801952,
      "centroid": -0.6307094203216254,
      "furthest": -1.4005116727180384
    },
    "1": {
      "closest": 0.01569796047019982,
      "centroid": 0.5686857029398562,
      "furthest": 1.3920265554980091
    }
  },
  "21": {
    "0": {
      "closest": 0.0636930547897538,
      "centroid": -0.7326146130030057,
      "furthest": -1.5449592146318984
    },
    "1": {
      "closest": -0.0248119609345335,
      "centroid": 0.6468164827717863,
      "furthest": 1.5442929066202502
    }
  },
  "22": {
    "0": {
      "closest": 0.016192801287092953,
      "centroid": -0.7174654673611747,
      "furthest": -1.4832885792474393
    },
    "1": {
      "closest": 0.004865767181378407,
      "centroid": 0.6353464038357218,
      "furthest": 1.5205608888386628
    }
  },
  "23": {
    "0": {
      "closest": -0.009488511703113838,
      "centroid": -0.9574967575579411,
      "furthest": -2.100223331501819
    },
    "1": {
      "closest": 0.006485668102029868,
      "centroid": 0.9107127087753778,
      "furthest": 2.076388821514454
    }
  },
  "24": {
    "0": {
      "closest": -3.506014765546723e-05,
      "centroid": -0.9879318417271645,
      "furthest": -2.143975482576401
    },
    "1": {
      "closest": -0.01000043726885929,
      "centroid": 0.940308153614167,
      "furthest": 2.12256209397448
    }
  },
  "25": {
    "0": {
      "closest": 0.0238817106478729,
      "centroid": -0.8750651883533581,
      "furthest": -1.7627902774144883
    },
    "1": {
      "closest": 0.007507957257149292,
      "centroid": 0.7964314158428795,
      "furthest": 1.7960543392579145
    }
  },
  "26": {
    "0": {
      "closest": -0.03358320250577302,
      "centroid": -0.96278672377004,
      "furthest": -2.0029904701592853
    },
    "1": {
      "closest": -0.02917205091635484,
      "centroid": 0.8441752864268889,
      "furthest": 1.8610956685850493
    }
  },
  "27": {
    "0": {
      "closest": 0.02192720311260015,
      "centroid": -1.1487963567005643,
      "furthest": -2.470052714661874
    },
    "1": {
      "closest": -0.007064280661110154,
      "centroid": 1.073384470987512,
      "furthest": 2.4095384336921595
    }
  },
  "28": {
    "0": {
      "closest": -0.06065861984690032,
      "centroid": -1.0770131336569906,