{
  "0": {
    "acc": 0.9475,
    "precision": 0.9543147208121827,
    "recall": 0.94,
    "f1": 0.947103274559194,
    "auc": 0.9844,
    "mse": 0.043528920767506384
  },
  "1": {
    "acc": 0.95125,
    "precision": 0.9523809523809523,
    "recall": 0.95,
    "f1": 0.951188986232791,
    "auc": 0.9882500000000002,
    "mse": 0.03669801258305836
  },
  "2": {
    "acc": 0.9675,
    "precision": 0.9651741293532339,
    "recall": 0.97,
    "f1": 0.9675810473815462,
    "auc": 0.99304375,
    "mse": 0.033561726668697486
  },
  "3": {
    "acc": 0.97375,
    "precision": 0.972568578553616,
    "recall": 0.975,
    "f1": 0.9737827715355806,
    "auc": 0.99488125,
    "mse": 0.02451976895006904
  },
  "4": {
    "acc": 0.9675,
    "precision": 0.9675,
    "recall": 0.9675,
    "f1": 0.9675,
    "auc": 0.9933,
    "mse": 0.03819397099698969
  },
  "5": {
    "acc": 0.99,
    "precision": 0.992462311557789,
    "recall": 0.9875,
    "f1": 0.9899749373433584,
    "auc": 0.99914375,
    "mse": 0.011180237026075134
  },
  "6": {
    "acc": 0.97875,
    "precision": 0.9775561097256857,
    "recall": 0.98,
    "f1": 0.978776529338327,
    "auc": 0.9978437500000001,
    "mse": 0.02324531869116071
  },
  "7": {
    "acc": 0.995,
    "precision": 0.995,
    "recall": 0.995,
    "f1": 0.995,
    "auc": 0.9999625,
    "mse": 0.004768139200420348
  },
  "8": {
    "acc": 0.995,
    "precision": 0.995,
    "recall": 0.995,
    "f1": 0.995,
    "auc": 0.99991875,
    "mse": 0.005239785812501471
  },
  "9": {
    "acc": 0.98375,
    "precision": 0.9825436408977556,
    "recall": 0.985,
    "f1": 0.9837702871410736,
    "auc": 0.99821875,
    "mse": 0.015023616422938247
  },
  "10": {
    "acc": 0.985,
    "precision": 0.9825870646766169,
    "recall": 0.9875,
    "f1": 0.9850374064837906,
    "auc": 0.99911875,
    "mse": 0.016124294090217782
  },
  "11": {
    "acc": 0.98375,
    "precision": 0.9801488833746899,
    "recall": 0.9875,
    "f1": 0.9838107098381071,
    "auc": 0.999275,
    "mse": 0.015902990954397057
  },
  "12": {
    "acc": 0.995,
    "precision": 0.995,
    "recall": 0.995,
    "f1": 0.995,
    "auc": 0.99994375,
    "mse": 0.003329718365139836
  },
  "13": {
    "acc": 0.9825,
    "precision": 0.9800995024875622,
    "recall": 0.985,
    "f1": 0.9825436408977556,
    "auc": 0.99903125,
    "mse": 0.01576968653413093
  },
  "14": {
    "acc": 0.99625,
    "precision": 0.9974937343358395,
    "recall": 0.995,
    "f1": 0.9962453066332916,
    "auc": 0.99995,
    "mse": 0.004061235404092293
  },
  "15": {
    "acc": 0.9875,
    "precision": 0.9826732673267327,
    "recall": 0.9925,
    "f1": 0.9875621890547264,
    "auc": 0.99971875,
    "mse": 0.01166149426034642
  },
  "16": {
    "acc": 0.99625,
    "precision": 0.9925558312655087,
    "recall": 1.0,
    "f1": 0.9962640099626401,
    "auc": 0.99994375,
    "mse": 0.004268314183265579
  },
  "17": {
    "acc": 0.9875,
    "precision": 0.9826732673267327,
    "recall": 0.9925,
    "f1": 0.9875621890547264,
    "auc": 0.9995062499999999,
    "mse": 0.011459049034293614
  },
  "18": {
    "acc": 0.99375,
    "precision": 0.9949874686716792,
    "recall": 0.9925,
    "f1": 0.9937421777221527,
    "auc": 0.9997875,
    "mse": 0.00897979863806969
  },
  "19": {
    "acc": 0.995,
    "precision": 0.9974874371859297,
    "recall": 0.9925,
    "f1": 0.9949874686716792,
    "auc": 0.99985625,
    "mse": 0.0079995088480061
  },
  "20": {
    "acc": 1.0,
    "precision": 1.0,
    "recall": 1.0,
    "f1": 1.0,
    "auc": 1.0,
    "mse": 0.0012406070177816036
  },
  "21": {
    "acc": 0.99625,
    "precision": 0.9950124688279302,
    "recall": 0.9975,
    "f1": 0.9962546816479401,
    "auc": 0.9999125,
    "mse": 0.003207201808140928
  },
  "22": {
    "acc": 0.99875,
    "precision": 0.9975062344139651,
    "recall": 1.0,
    "f1": 0.9987515605493134,
    "auc": 0.99999375,
    "mse": 0.0017984670410224218
  },
  "23": {
    "acc": 0.98125,
    "precision": 0.9824561403508771,
    "recall": 0.98,
    "f1": 0.981226533166458,
    "auc": 0.99833125,
    "mse": 0.02276068765070118
  },
  "24": {
    "acc": 0.98125,
    "precision": 0.9848866498740554,
    "recall": 0.9775,
    "f1": 0.9811794228356336,
    "auc": 0.99851875,
    "mse": 0.021589969299313057
  },
  "25": {
    "acc": 0.99625,
    "precision": 0.9950124688279302,
    "recall": 0.9975,
    "f1": 0.9962546816479401,
    "auc": 0.999975,
    "mse": 0.004969228001422977
  },
  "26": {
    "acc": 0.995,
    "precision": 0.995,
    "recall": 0.995,
    "f1": 0.995,
    "auc": 0.99995,
    "mse": 0.005265494540291757
  },
  "27": {
    "acc": 0.985,
    "precision": 0.985,
    "recall": 0.985,
    "f1": 0.985,
    "auc": 0.99915,
    "mse": 0.01723446068734443
  },
  "28": {
    "acc": 1.0,
    "precision": 1.0,
    "recall": 1.0,
    "f1": 1.0,
    "auc": 1.0,
    "mse": 0.00027918279337104984
  },
  "29": {
    "acc": 0.99125,
    "precision": 0.9924812030075187,
    "recall": 0.99,
    "f1": 0.9912390488110138,
    "auc": 0.99958125,
    "mse": 0.013381201818255497
  },
  "30": {
    "acc": 0.99375,
    "precision": 0.9925187032418953,
    "recall": 0.995,
    "f1": 0.9937578027465668,
    "auc": 0.999725,
    "mse": 0.0116130119554753
  },
  "31": {
    "acc": 1.0,
    "precision": 1.0,
    "recall": 1.0,
    "f1": 1.0,
    "auc": 1.0,
    "mse": 0.0008918585171268706
  },
  "aggregation": {
    "acc": 99.5,
    "precision": 0.9974874371859297,
    "recall": 0.9925,
    "f1": 0.9949874686716792,
    "auc": 0.999825,
    "mse": 0.009453813323572247
  }
}