{
  "0": {
    "0": {
      "closest": -0.00017812650307063096,
      "centroid": -0.03397998372515985,
      "furthest": -0.0833111535302335
    },
    "1": {
      "closest": -0.00013509144776617174,
      "centroid": 0.03821980197902876,
      "furthest": 0.09040127242946797
    }
  },
  "1": {
    "0": {
      "closest": -0.004449910058377898,
      "centroid": -0.04947911253893825,
      "furthest": -0.11204884714535664
    },
    "1": {
      "closest": 0.0001300442605614814,
      "centroid": 0.05280993821009188,
      "furthest": 0.12243872945896687
    }
  },
  "2": {
    "0": {
      "closest": -0.007137050956657988,
      "centroid": -0.09641753199891542,
      "furthest": -0.20224418851880788
    },
    "1": {
      "closest": 0.001519079668941499,
      "centroid": 0.09630381393391133,
      "furthest": 0.19858082464640348
    }
  },
  "3": {
    "0": {
      "closest": 0.0017709947461842096,
      "centroid": -0.18672698820972028,
      "furthest": -0.3974669101624009
    },
    "1": {
      "closest": 0.005322485404407815,
      "centroid": 0.18753174509515524,
      "furthest": 0.39763551277165854
    }
  },
  "4": {
    "0": {
      "closest": -0.005433039095715533,
      "centroid": -0.26163332406134815,
      "furthest": -0.5507793248802589
    },
    "1": {
      "closest": -0.0012699558335901306,
      "centroid": 0.27230848674930647,
      "furthest": 0.5595635551439068
    }
  },
  "5": {
    "0": {
      "closest": -0.05335075254215926,
      "centroid": -0.28887950619957947,
      "furthest": -0.629216754475309
    },
    "1": {
      "closest": 0.0010479927584153559,
      "centroid": 0.31120769398966835,
      "furthest": 0.6663108101899693
    }
  },
  "6": {
    "0": {
      "closest": -0.057225202980539985,
      "centroid": -0.3645475663548716,
      "furthest": -0.7462566348549617
    },
    "1": {
      "closest": -0.01179610618629584,
      "centroid": 0.39811851970273965,
      "furthest": 0.8615836951317366
    }
  },
  "7": {
    "0": {
      "closest": -0.06795815933939588,
      "centroid": -0.4458365315402524,
      "furthest": -0.8462694363513981
    },
    "1": {
      "closest": -0.008667500532702096,
      "centroid": 0.4857067275441223,
      "furthest": 0.9780726617152051
    }
  },
  "8": {
    "0": {
      "closest": 0.008773330824543422,
      "centroid": -0.5100420835782977,
      "furthest": -0.9491493147472344
    },
    "1": {
      "closest": 0.008271016785832003,
      "centroid": 0.551002108305981,
      "furthest": 1.0084842506086167
    }
  },
  "9": {
    "0": {
      "closest": 0.008364748160287122,
      "centroid": -0.5299398277787352,
      "furthest": -0.9116931167927557
    },
    "1": {
      "closest": 0.014561530617268725,
      "centroid": 0.5812050847695893,
      "furthest": 1.0449709097587863
    }
  },
  "10": {
    "0": {
      "closest": -0.02125759143390577,
      "centroid": -0.5548565385219939,
      "furthest": -0.9363639297958904
    },
    "1": {
      "closest": 0.01603025804179333,
      "centroid": 0.6032144296007316,
      "furthest": 1.0463008419418154
    }
  },
  "11": {
    "0": {
      "closest": -0.028811528568659442,
      "centroid": -0.5671581930311226,
      "furthest": -0.9706858744340088
    },
    "1": {
      "closest": 0.023600928867395655,
      "centroid": 0.6094206410463086,
      "furthest": 1.09644161948298
    }
  },
  "12": {
    "0": {
      "closest": -0.007743095921987282,
      "centroid": -0.6153050861580881,
      "furthest": -1.0642591222193982
    },
    "1": {
      "closest": -9.09569857889727e-05,
      "centroid": 0.6713595625132568,
      "furthest": 1.2115947544327526
    }
  },
  "13": {
    "0": {
      "closest": -0.029229308506934365,
      "centroid": -0.7261818840370508,
      "furthest": -1.3002006102963908
    },
    "1": {
      "closest": 0.03972961917834536,
      "centroid": 0.7531383952025618,
      "furthest": 1.4619187739080879
    }
  },
  "14": {
    "0": {
      "closest": -0.0012156665422270764,
      "centroid": -0.7675168618276057,
      "furthest": -1.502477306062255
    },
    "1": {
      "closest": 0.031786398113685166,
      "centroid": 0.7908570198004825,
      "furthest": 1.5252379930415776
    }
  },
  "15": {
    "0": {
      "closest": -0.012498044501956348,
      "centroid": -0.7040312232080589,
      "furthest": -1.3144659549136684
    },
    "1": {
      "closest": 0.0021184537660227203,
      "centroid": 0.757560108135613,
      "furthest": 1.4366512713977913
    }
  },
  "16": {
    "0": {
      "closest": -0.024939090289450353,
      "centroid": -0.7399613850064184,
      "furthest": -1.4009244278931985
    },
    "1": {
      "closest": -0.00600806221352896,
      "centroid": 0.7953860287602987,
      "furthest": 1.477945949219901
    }
  },
  "17": {
    "0": {
      "closest": 0.0061465004395114126,
      "centroid": -0.8151918528312109,
      "furthest": -1.5905898093876927
    },
    "1": {
      "closest": -0.022801938539542883,
      "centroid": 0.8866686841871889,
      "furthest": 1.6873543314743882
    }
  },
  "18": {
    "0": {
      "closest": 0.02567886967524667,
      "centroid": -0.8283998372382756,
      "furthest": -1.584808414951434
    },
    "1": {
      "closest": 0.030930902627885767,
      "centroid": 0.8688401051867782,
      "furthest": 1.7489991045505417
    }
  },
  "19": {
    "0": {
      "closest": -0.028942626555167113,
      "centroid": -1.1203415351463326,
      "furthest": -2.148240633396139
    },
    "1": {
      "closest": 0.01791241155513254,
      "centroid": 1.1904292358515476,
      "furthest": 2.378705378756471
    }
  },
  "20": {
    "0": {
      "closest": 0.03099814119131325,
      "centroid": -1.411698794828218,
      "furthest": -2.8507725178745615
    },
    "1": {
      "closest": 0.009874164823610337,
      "centroid": 1.4084819207483914,
      "furthest": 2.93767826822522
    }
  },
  "21": {
    "0": {
      "closest": -0.04318851917756171,
      "centroid": -1.543536404834354,
      "furthest": -3.1102539054125393
    },
    "1": {
      "closest": -0.003022507806480265,
      "centroid": 1.5519001673534905,
      "furthest": 3.3303072074086066
    }
  },
  "22": {
    "0": {
      "closest": -0.07810775856641435,
      "centroid": -1.6165441714272775,
      "furthest": -3.34098308724539
    },
    "1": {
      "closest": -0.033508218832864416,
      "centroid": 1.630694466419306,
      "furthest": 3.5274710163715386
    }
  },
  "23": {
    "0": {
      "closest": 0.09238598385967906,
      "centroid": -1.155940227707452,
      "furthest": -2.321845826496877
    },
    "1": {
      "closest": 0.09853772380878639,
      "centroid": 1.3437908300129648,
      "furthest": 2.717111327539621
    }
  },
  "24": {
    "0": {
      "closest": -0.2610205272583335,
      "centroid": -1.176334393533304,
      "furthest": -2.364376536351125
    },
    "1": {
      "closest": 0.022611197686017014,
      "centroid": 1.3546824675681943,
      "furthest": 2.8348919779840576
    }
  },
  "25": {
    "0": {
      "closest": 0.0013694808839382587,
      "centroid": -1.5243609034954488,
      "furthest": -2.856942944583219
    },
    "1": {
      "closest": 0.021142471640848755,
      "centroid": 1.6743748119382666,
      "furthest": 3.4961994915416517
    }
  },
  "26": {
    "0": {
      "closest": 0.005711126621953058,
      "centroid": -1.5946057537110283,
      "furthest": -3.0333618143118235
    },
    "1": {
      "closest": -0.046411985669642664,
      "centroid": 1.757884108578601,
      "furthest": 3.7164932150126737
    }
  },
  "27": {
    "0": {
      "closest": 0.017564130532794143,
      "centroid": -1.6699143436499577,
      "furthest": -3.224408511441275
    },
    "1": {
      "closest": 0.03539054148069306,
      "centroid": 1.8627625241760584,
      "furthest": 3.96513325305213
    }
  },
  "28": {
    "0": {
      "closest": 0.003135740941742103,
      "centroid": -1.7791342058065012,
      "furthest": -3.4133812912730632
    },