{
  "0": {
    "acc": 0.98125,
    "precision": 0.989821882951654,
    "recall": 0.9725,
    "f1": 0.9810844892812106,
    "auc": 0.9910812499999999,
    "mse": 0.017728912432758946
  },
  "1": {
    "acc": 0.995,
    "precision": 1.0,
    "recall": 0.99,
    "f1": 0.9949748743718593,
    "auc": 0.9968750000000001,
    "mse": 0.010408155519569012
  },
  "2": {
    "acc": 0.9925,
    "precision": 1.0,
    "recall": 0.985,
    "f1": 0.9924433249370277,
    "auc": 0.9957812499999998,
    "mse": 0.014840897824887414
  },
  "3": {
    "acc": 0.985,
    "precision": 0.98989898989899,
    "recall": 0.98,
    "f1": 0.9849246231155779,
    "auc": 0.993875,
    "mse": 0.02870864175023599
  },
  "4": {
    "acc": 0.99,
    "precision": 1.0,
    "recall": 0.98,
    "f1": 0.98989898989899,
    "auc": 0.9961125000000001,
    "mse": 0.01847625717218341
  },
  "5": {
    "acc": 0.9975,
    "precision": 1.0,
    "recall": 0.995,
    "f1": 0.9974937343358395,
    "auc": 0.99984375,
    "mse": 0.003907201148188455
  },
  "6": {
    "acc": 0.9975,
    "precision": 1.0,
    "recall": 0.995,
    "f1": 0.9974937343358395,
    "auc": 0.99999375,
    "mse": 0.0026803495921277187
  },
  "7": {
    "acc": 0.9975,
    "precision": 1.0,
    "recall": 0.995,
    "f1": 0.9974937343358395,
    "auc": 1.0,
    "mse": 0.0024441032025734177
  },
  "8": {
    "acc": 0.99625,
    "precision": 0.9974937343358395,
    "recall": 0.995,
    "f1": 0.9962453066332916,
    "auc": 0.9999687500000001,
    "mse": 0.005165770970791028
  },
  "9": {
    "acc": 0.99625,
    "precision": 0.9974937343358395,
    "recall": 0.995,
    "f1": 0.9962453066332916,
    "auc": 0.99998125,
    "mse": 0.004830972078919909
  },
  "10": {
    "acc": 0.9975,
    "precision": 1.0,
    "recall": 0.995,
    "f1": 0.9974937343358395,
    "auc": 0.9999750000000001,
    "mse": 0.00436208400334267
  },
  "11": {
    "acc": 0.9975,
    "precision": 1.0,
    "recall": 0.995,
    "f1": 0.9974937343358395,
    "auc": 0.99996875,
    "mse": 0.004430814514033278
  },
  "12": {
    "acc": 0.99625,
    "precision": 1.0,
    "recall": 0.9925,
    "f1": 0.9962358845671268,
    "auc": 0.9999687500000001,
    "mse": 0.004409062630120424
  },
  "13": {
    "acc": 0.98875,
    "precision": 0.9949367088607595,
    "recall": 0.9825,
    "f1": 0.9886792452830189,
    "auc": 0.9992375,
    "mse": 0.017555444122778704
  },
  "14": {
    "acc": 0.9875,
    "precision": 0.9924242424242424,
    "recall": 0.9825,
    "f1": 0.9874371859296482,
    "auc": 0.9989750000000001,
    "mse": 0.017700407576159347
  },
  "15": {
    "acc": 0.9975,
    "precision": 1.0,
    "recall": 0.995,
    "f1": 0.9974937343358395,
    "auc": 0.999975,
    "mse": 0.004049791950483104
  },
  "16": {
    "acc": 0.9975,
    "precision": 1.0,
    "recall": 0.995,
    "f1": 0.9974937343358395,
    "auc": 1.0,
    "mse": 0.0035205742787809318
  },
  "17": {
    "acc": 0.9975,
    "precision": 0.9975,
    "recall": 0.9975,
    "f1": 0.9975,
    "auc": 0.99999375,
    "mse": 0.0032114155693052336
  },
  "18": {
    "acc": 0.99875,
    "precision": 0.9975062344139651,
    "recall": 1.0,
    "f1": 0.9987515605493134,
    "auc": 1.0,
    "mse": 0.001454452445698316
  },
  "19": {
    "acc": 0.9875,
    "precision": 0.9924242424242424,
    "recall": 0.9825,
    "f1": 0.9874371859296482,
    "auc": 0.9987875,
    "mse": 0.01315011745050257
  },
  "20": {
    "acc": 0.97875,
    "precision": 0.982367758186398,
    "recall": 0.975,
    "f1": 0.9786700125470514,
    "auc": 0.99470625,
    "mse": 0.04084325185759127
  },
  "21": {
    "acc": 0.97625,
    "precision": 0.9847328244274809,
    "recall": 0.9675,
    "f1": 0.9760403530895334,
    "auc": 0.9948187500000001,
    "mse": 0.03755528623370064
  },
  "22": {
    "acc": 0.97625,
    "precision": 0.9847328244274809,
    "recall": 0.9675,
    "f1": 0.9760403530895334,
    "auc": 0.9948812499999999,
    "mse": 0.036025068531713694
  },
  "23": {
    "acc": 0.9975,
    "precision": 0.9975,
    "recall": 0.9975,
    "f1": 0.9975,
    "auc": 0.9999875,
    "mse": 0.0024069482115539453
  },
  "24": {
    "acc": 1.0,
    "precision": 1.0,
    "recall": 1.0,
    "f1": 1.0,
    "auc": 1.0,
    "mse": 0.0014573969288389959
  },
  "25": {
    "acc": 0.9925,
    "precision": 0.9949748743718593,
    "recall": 0.99,
    "f1": 0.9924812030075187,
    "auc": 0.9996499999999999,
    "mse": 0.00829159362760175
  },
  "26": {
    "acc": 0.99375,
    "precision": 0.9974811083123426,
    "recall": 0.99,
    "f1": 0.9937264742785445,
    "auc": 0.9997,
    "mse": 0.007447478756449767
  },
  "27": {
    "acc": 0.995,
    "precision": 0.9974874371859297,
    "recall": 0.9925,
    "f1": 0.9949874686716792,
    "auc": 0.99978125,
    "mse": 0.006863443855395561
  },
  "28": {
    "acc": 0.995,
    "precision": 0.9974874371859297,
    "recall": 0.9925,
    "f1": 0.9949874686716792,
    "auc": 0.99994375,
    "mse": 0.005738211106336739
  },
  "29": {
    "acc": 0.98625,
    "precision": 0.9924050632911392,
    "recall": 0.98,
    "f1": 0.9861635220125786,
    "auc": 0.99725,
    "mse": 0.02132489554153416
  },
  "30": {
    "acc": 1.0,
    "precision": 1.0,
    "recall": 1.0,
    "f1": 1.0,
    "auc": 1.0,
    "mse": 0.00022409731613329986
  },
  "31": {
    "acc": 1.0,
    "precision": 1.0,
    "recall": 1.0,
    "f1": 1.0,
    "auc": 1.0,
    "mse": 0.00022211288516422914
  },
  "aggregation": {
    "acc": 99.625,
    "precision": 1.0,
    "recall": 0.9925,
    "f1": 0.9962358845671268,
    "auc": 0.9999687500000001,
    "mse": 0.007123405681028625
  }
}