{
  "0": {
    "0": {
      "closest": -0.00017465278506278992,
      "centroid": -0.04647289961576462,
      "furthest": -0.23588041961193085
    },
    "1": {
      "closest": -3.654300235211849e-05,
      "centroid": 0.04647289961576462,
      "furthest": 0.1607736349105835
    }
  },
  "1": {
    "0": {
      "closest": 0.00048085767775774,
      "centroid": -0.08372437953948975,
      "furthest": -0.3244725465774536
    },
    "1": {
      "closest": -0.00027506332844495773,
      "centroid": 0.08372437953948975,
      "furthest": 0.277046263217926
    }
  },
  "2": {
    "0": {
      "closest": -0.001588996034115553,
      "centroid": -0.13462752103805542,
      "furthest": -0.48401564359664917
    },
    "1": {
      "closest": 0.0004588654264807701,
      "centroid": 0.1346275359392166,
      "furthest": 0.42696434259414673
    }
  },
  "3": {
    "0": {
      "closest": 0.0008163973689079285,
      "centroid": -0.22864671051502228,
      "furthest": -0.6255485415458679
    },
    "1": {
      "closest": 0.0011885883286595345,
      "centroid": 0.2286466807126999,
      "furthest": 0.7081584930419922
    }
  },
  "4": {
    "0": {
      "closest": 0.0010327715426683426,
      "centroid": -0.31200677156448364,
      "furthest": -0.8207007646560669
    },
    "1": {
      "closest": 0.0011499002575874329,
      "centroid": 0.31200680136680603,
      "furthest": 0.9284016489982605
    }
  },
  "5": {
    "0": {
      "closest": 0.002032039687037468,
      "centroid": -0.371279776096344,
      "furthest": -0.9505903720855713
    },
    "1": {
      "closest": 0.0056843385100364685,
      "centroid": 0.3712797164916992,
      "furthest": 1.0588024854660034
    }
  },
  "6": {
    "0": {
      "closest": 0.000722816213965416,
      "centroid": -0.4400097131729126,
      "furthest": -1.1205072402954102
    },
    "1": {
      "closest": 0.0033587515354156494,
      "centroid": 0.4400097727775574,
      "furthest": 1.2551491260528564
    }
  },
  "7": {
    "0": {
      "closest": 0.003488939255475998,
      "centroid": -0.5122665166854858,
      "furthest": -1.34066641330719
    },
    "1": {
      "closest": 0.0030487654730677605,
      "centroid": 0.5122664570808411,
      "furthest": 1.4753472805023193
    }
  },
  "8": {
    "0": {
      "closest": -0.003979986533522606,
      "centroid": -0.5385534763336182,
      "furthest": -1.3342623710632324
    },
    "1": {
      "closest": 0.0003709830343723297,
      "centroid": 0.5385534763336182,
      "furthest": 1.4508945941925049
    }
  },
  "9": {
    "0": {
      "closest": -0.0001058671623468399,
      "centroid": -0.5950441956520081,
      "furthest": -1.5005886554718018
    },
    "1": {
      "closest": -0.004415635019540787,
      "centroid": 0.5950441956520081,
      "furthest": 1.6367844343185425
    }
  },
  "10": {
    "0": {
      "closest": -0.006327800452709198,
      "centroid": -0.6174769997596741,
      "furthest": -1.5839742422103882
    },
    "1": {
      "closest": -0.0010395050048828125,
      "centroid": 0.6174770593643188,
      "furthest": 1.7025773525238037
    }
  },
  "11": {
    "0": {
      "closest": 0.0002417042851448059,
      "centroid": -0.6378415822982788,
      "furthest": -1.5866985321044922
    },
    "1": {
      "closest": -0.0010485798120498657,
      "centroid": 0.6378415822982788,
      "furthest": 1.8384325504302979
    }
  },
  "12": {
    "0": {
      "closest": 3.49581241607666e-05,
      "centroid": -0.7202491164207458,
      "furthest": -1.7890169620513916
    },
    "1": {
      "closest": -0.004059804603457451,
      "centroid": 0.7202489972114563,
      "furthest": 2.0912368297576904
    }
  },
  "13": {
    "0": {
      "closest": -0.0002478063106536865,
      "centroid": -0.7636219263076782,
      "furthest": -1.9234859943389893
    },
    "1": {
      "closest": -0.0005276352167129517,
      "centroid": 0.763621985912323,
      "furthest": 2.285209894180298
    }
  },
  "14": {
    "0": {
      "closest": -0.014362132176756859,
      "centroid": -0.7836980223655701,
      "furthest": -1.9957621097564697
    },
    "1": {
      "closest": -0.004145389422774315,
      "centroid": 0.7836979627609253,
      "furthest": 2.259040355682373
    }
  },
  "15": {
    "0": {
      "closest": -0.005849301815032959,
      "centroid": -0.9508147239685059,
      "furthest": -2.463392496109009
    },
    "1": {
      "closest": 0.001162680797278881,
      "centroid": 0.9508146047592163,
      "furthest": 2.724851131439209
    }
  },
  "16": {
    "0": {
      "closest": 0.007641047239303589,
      "centroid": -0.9802409410476685,
      "furthest": -2.524562120437622
    },
    "1": {
      "closest": -0.008217379450798035,
      "centroid": 0.9802409410476685,
      "furthest": 2.870237112045288
    }
  },
  "17": {
    "0": {
      "closest": -0.00013897567987442017,
      "centroid": -1.1736212968826294,
      "furthest": -3.0614013671875
    },
    "1": {
      "closest": 0.00015535950660705566,
      "centroid": 1.1736212968826294,
      "furthest": 3.4409189224243164
    }
  },
  "18": {
    "0": {
      "closest": 0.00013072416186332703,
      "centroid": -1.2388123273849487,
      "furthest": -3.273063898086548
    },
    "1": {
      "closest": -0.0002640858292579651,
      "centroid": 1.2388120889663696,
      "furthest": 3.5891051292419434
    }
  },
  "19": {
    "0": {
      "closest": -0.0031611621379852295,
      "centroid": -1.3128037452697754,
      "furthest": -3.47128963470459
    },
    "1": {
      "closest": 0.002759121358394623,
      "centroid": 1.3128035068511963,
      "furthest": 3.747006416320801
    }
  },
  "20": {
    "0": {
      "closest": 0.023520950227975845,
      "centroid": -1.4126642942428589,
      "furthest": -3.632467269897461
    },
    "1": {
      "closest": -0.002125231549143791,
      "centroid": 1.4126642942428589,
      "furthest": 4.024163246154785
    }
  },
  "21": {
    "0": {
      "closest": -0.011039026081562042,
      "centroid": -1.5677434206008911,
      "furthest": -3.9903275966644287
    },
    "1": {
      "closest": 0.021442048251628876,
      "centroid": 1.5677436590194702,
      "furthest": 4.308932304382324
    }
  },
  "22": {
    "0": {
      "closest": -0.0027803927659988403,
      "centroid": -1.6636360883712769,
      "furthest": -4.180150508880615
    },
    "1": {
      "closest": -0.004740897566080093,
      "centroid": 1.6636362075805664,
      "furthest": 4.508776664733887
    }
  },
  "23": {
    "0": {
      "closest": -0.006340973079204559,
      "centroid": -1.780523419380188,
      "furthest": -4.725648880004883
    },
    "1": {
      "closest": -0.0036920830607414246,
      "centroid": 1.780523419380188,
      "furthest": 4.775315284729004
    }
  },
  "24": {
    "0": {
      "closest": 0.017292559146881104,
      "centroid": -1.862119197845459,
      "furthest": -5.109387397766113
    },
    "1": {
      "closest": 0.01808609999716282,
      "centroid": 1.8621188402175903,
      "furthest": 5.009055137634277
    }
  },
  "25": {
    "0": {
      "closest": -0.00472603365778923,
      "centroid": -2.0038058757781982,
      "furthest": -5.526837348937988
    },
    "1": {
      "closest": -0.006973005831241608,
      "centroid": 2.0038058757781982,
      "furthest": 5.273952484130859
    }
  },
  "26": {
    "0": {
      "closest": 0.0031987912952899933,
      "centroid": -2.10731840133667,
      "furthest": -5.724810600280762
    },
    "1": {
      "closest": 0.014882586896419525,
      "centroid": 2.10731840133667,
      "furthest": 5.576433181762695
    }
  },
  "27": {
    "0": {
      "closest": -0.011220358312129974,
      "centroid": -2.1971073150634766,
      "furthest": -5.9808549880981445
    },
    "1": {
      "closest": 0.006750166416168213,
      "centroid": 2.1971075534820557,
      "furthest": 5.753720760345459
    }
  },
  "28": {
    "0": {
      "closest": 0.030912168323993683,
      "centroid": -2.344637632369995,