{
  "0": {
    "0": {
      "closest": -0.052490234375,
      "centroid": -0.055083006620407104,
      "furthest": -0.0576171875
    },
    "1": {
      "closest": 0.041748046875,
      "centroid": 0.04392944276332855,
      "furthest": 0.0478515625
    }
  },
  "1": {
    "0": {
      "closest": -0.060791015625,
      "centroid": -0.06668762117624283,
      "furthest": -0.0712890625
    },
    "1": {
      "closest": 0.05517578125,
      "centroid": 0.05879760906100273,
      "furthest": 0.0654296875
    }
  },
  "2": {
    "0": {
      "closest": -0.10503391921520233,
      "centroid": -0.11149931699037552,
      "furthest": -0.11901750415563583
    },
    "1": {
      "closest": 0.07126856595277786,
      "centroid": 0.07797104120254517,
      "furthest": 0.08728688955307007
    }
  },
  "3": {
    "0": {
      "closest": -0.11308929324150085,
      "centroid": -0.12040679901838303,
      "furthest": -0.12882380187511444
    },
    "1": {
      "closest": 0.12782427668571472,
      "centroid": 0.13378682732582092,
      "furthest": 0.1386725753545761
    }
  },
  "4": {
    "0": {
      "closest": -0.1123046875,
      "centroid": -0.13015136122703552,
      "furthest": -0.1455078125
    },
    "1": {
      "closest": 0.1201171875,
      "centroid": 0.13490234315395355,
      "furthest": 0.154296875
    }
  },
  "5": {
    "0": {
      "closest": -0.12441729009151459,
      "centroid": -0.14672522246837616,
      "furthest": -0.16121190786361694
    },
    "1": {
      "closest": 0.12482015043497086,
      "centroid": 0.14968380331993103,
      "furthest": 0.17772336304187775
    }
  },
  "6": {
    "0": {
      "closest": -0.17886769771575928,
      "centroid": -0.19121693074703217,
      "furthest": -0.21263650059700012
    },
    "1": {
      "closest": 0.19805338978767395,
      "centroid": 0.2076621651649475,
      "furthest": 0.22060230374336243
    }
  },
  "7": {
    "0": {
      "closest": -0.1518607884645462,
      "centroid": -0.16574756801128387,
      "furthest": -0.18612411618232727
    },
    "1": {
      "closest": 0.16510137915611267,
      "centroid": 0.1809781789779663,
      "furthest": 0.19266480207443237
    }
  },
  "8": {
    "0": {
      "closest": -0.166148379445076,
      "centroid": -0.17839975655078888,
      "furthest": -0.20024780929088593
    },
    "1": {
      "closest": 0.16709068417549133,
      "centroid": 0.18492703139781952,
      "furthest": 0.1982651650905609
    }
  },
  "9": {
    "0": {
      "closest": -0.18520444631576538,
      "centroid": -0.20342004299163818,
      "furthest": -0.22958378493785858
    },
    "1": {
      "closest": 0.16119518876075745,
      "centroid": 0.18945777416229248,
      "furthest": 0.20737305283546448
    }
  },
  "10": {
    "0": {
      "closest": -0.22959867119789124,
      "centroid": -0.25404778122901917,
      "furthest": -0.28057652711868286
    },
    "1": {
      "closest": 0.21140317618846893,
      "centroid": 0.23605866730213165,
      "furthest": 0.25744715332984924
    }
  },
  "11": {
    "0": {
      "closest": -0.24430513381958008,
      "centroid": -0.2879900634288788,
      "furthest": -0.32141250371932983
    },
    "1": {
      "closest": 0.2575496435165405,
      "centroid": 0.2857097387313843,
      "furthest": 0.3146587610244751
    }
  },
  "12": {
    "0": {
      "closest": -0.20436441898345947,
      "centroid": -0.2494766265153885,
      "furthest": -0.2915825843811035
    },
    "1": {
      "closest": 0.20513370633125305,
      "centroid": 0.2455376237630844,
      "furthest": 0.30140045285224915
    }
  },
  "13": {
    "0": {
      "closest": -0.23383739590644836,
      "centroid": -0.2772742509841919,
      "furthest": -0.34543856978416443
    },
    "1": {
      "closest": 0.23375053703784943,
      "centroid": 0.2638147473335266,
      "furthest": 0.3055170178413391
    }
  },
  "14": {
    "0": {
      "closest": -0.19031473994255066,
      "centroid": -0.2656819820404053,
      "furthest": -0.33646658062934875
    },
    "1": {
      "closest": 0.1077079027891159,
      "centroid": 0.261453241109848,
      "furthest": 0.4038082957267761
    }
  },
  "15": {
    "0": {
      "closest": -0.22508582472801208,
      "centroid": -0.31014201045036316,
      "furthest": -0.37346869707107544
    },
    "1": {
      "closest": 0.10791367292404175,
      "centroid": 0.3103664517402649,
      "furthest": 0.5000156760215759
    }
  },
  "16": {
    "0": {
      "closest": -0.23798221349716187,
      "centroid": -0.3632240295410156,
      "furthest": -0.4476153552532196
    },
    "1": {
      "closest": 0.10797484219074249,
      "centroid": 0.3522529602050781,
      "furthest": 0.5370225310325623
    }
  },
  "17": {
    "0": {
      "closest": -0.3468289077281952,
      "centroid": -0.48072177171707153,
      "furthest": -0.5725342631340027
    },
    "1": {
      "closest": 0.15582925081253052,
      "centroid": 0.4609326422214508,
      "furthest": 0.6598440408706665
    }
  },
  "18": {
    "0": {
      "closest": -0.312599778175354,
      "centroid": -0.4542205035686493,
      "furthest": -0.5412079691886902
    },
    "1": {
      "closest": 0.07686801254749298,
      "centroid": 0.3448711037635803,
      "furthest": 0.5097078084945679
    }
  },
  "19": {
    "0": {
      "closest": -0.3470328450202942,
      "centroid": -0.5108504295349121,
      "furthest": -0.6050320267677307
    },
    "1": {
      "closest": 0.033310845494270325,
      "centroid": 0.2853447198867798,
      "furthest": 0.4183710217475891
    }
  },
  "20": {
    "0": {
      "closest": -0.34543147683143616,
      "centroid": -0.5370510220527649,
      "furthest": -0.646755576133728
    },
    "1": {
      "closest": 0.04374489188194275,
      "centroid": 0.33891355991363525,
      "furthest": 0.49826496839523315
    }
  },
  "21": {
    "0": {
      "closest": -0.6314414739608765,
      "centroid": -0.9175812005996704,
      "furthest": -1.0965044498443604
    },
    "1": {
      "closest": 0.251019686460495,
      "centroid": 0.9500582218170166,
      "furthest": 1.420400857925415
    }
  },
  "22": {
    "0": {
      "closest": -0.6915997862815857,
      "centroid": -0.902787446975708,
      "furthest": -1.0673435926437378
    },
    "1": {
      "closest": 0.06525874137878418,
      "centroid": 0.6574467420578003,
      "furthest": 1.069085955619812
    }
  },
  "23": {
    "0": {
      "closest": -0.674306333065033,
      "centroid": -0.8258710503578186,
      "furthest": -0.9538942575454712
    },
    "1": {
      "closest": 0.26585063338279724,
      "centroid": 0.8907954692840576,
      "furthest": 1.3111892938613892
    }
  },
  "24": {
    "0": {
      "closest": -0.7493413686752319,
      "centroid": -1.0089012384414673,
      "furthest": -1.152156114578247
    },
    "1": {
      "closest": 0.3430560529232025,
      "centroid": 1.098362684249878,
      "furthest": 1.5770632028579712
    }
  },
  "25": {
    "0": {
      "closest": -0.4475436210632324,
      "centroid": -0.6288169622421265,
      "furthest": -0.7605718374252319
    },
    "1": {
      "closest": 0.13640177249908447,
      "centroid": 0.5918181538581848,
      "furthest": 0.9181333780288696
    }
  },
  "26": {
    "0": {
      "closest": -0.4908740520477295,
      "centroid": -0.660962700843811,
      "furthest": -0.7998193502426147
    },
    "1": {
      "closest": 0.21556317806243896,
      "centroid": 0.633731484413147,
      "furthest": 0.9367533922195435
    }
  },
  "27": {
    "0": {
      "closest": -0.4619554281234741,
      "centroid": -0.6379680633544922,
      "furthest": -0.802371621131897
    },
    "1": {
      "closest": 0.2001628875732422,
      "centroid": 0.6161435842514038,
      "furthest": 0.934105634689331
    }
  },
  "28": {
    "0": {
      "closest": -0.4683745503425598,
      "centroid": -0.6829025149345398,
      "furthest": -0.8698045015335083
    },
    "1": {
      "closest": 0.17677748203277588,
      "centroid": 0.6712989807128906,