{
  "0": {
    "0": {
      "closest": -0.00011270155664533377,
      "centroid": -0.04603567346930504,
      "furthest": -0.2550809383392334
    },
    "1": {
      "closest": 0.000158573966473341,
      "centroid": 0.04603567346930504,
      "furthest": 0.12372349202632904
    }
  },
  "1": {
    "0": {
      "closest": 0.00028356537222862244,
      "centroid": -0.07914357632398605,
      "furthest": -0.3418577015399933
    },
    "1": {
      "closest": 0.00046277884393930435,
      "centroid": 0.07914358377456665,
      "furthest": 0.19060750305652618
    }
  },
  "2": {
    "0": {
      "closest": 5.284813232719898e-05,
      "centroid": -0.12578074634075165,
      "furthest": -0.4565449059009552
    },
    "1": {
      "closest": 2.5373883545398712e-06,
      "centroid": 0.12578074634075165,
      "furthest": 0.30621597170829773
    }
  },
  "3": {
    "0": {
      "closest": -0.0012634610757231712,
      "centroid": -0.22338859736919403,
      "furthest": -0.7526949644088745
    },
    "1": {
      "closest": 0.0005306387320160866,
      "centroid": 0.22338862717151642,
      "furthest": 0.5293633937835693
    }
  },
  "4": {
    "0": {
      "closest": -0.0007422035560011864,
      "centroid": -0.31249767541885376,
      "furthest": -1.0300979614257812
    },
    "1": {
      "closest": 0.001479830127209425,
      "centroid": 0.31249767541885376,
      "furthest": 0.6977608799934387
    }
  },
  "5": {
    "0": {
      "closest": 0.0027649179100990295,
      "centroid": -0.37864288687705994,
      "furthest": -1.1689258813858032
    },
    "1": {
      "closest": -0.001394093967974186,
      "centroid": 0.37864288687705994,
      "furthest": 0.845959484577179
    }
  },
  "6": {
    "0": {
      "closest": 0.004483679309487343,
      "centroid": -0.4678466320037842,
      "furthest": -1.4339215755462646
    },
    "1": {
      "closest": 0.007932751439511776,
      "centroid": 0.4678466320037842,
      "furthest": 1.0327004194259644
    }
  },
  "7": {
    "0": {
      "closest": 0.0036041168496012688,
      "centroid": -0.5443925857543945,
      "furthest": -1.5037055015563965
    },
    "1": {
      "closest": -0.002389604225754738,
      "centroid": 0.5443926453590393,
      "furthest": 1.209439754486084
    }
  },
  "8": {
    "0": {
      "closest": 0.0027764318510890007,
      "centroid": -0.5693538784980774,
      "furthest": -1.67669677734375
    },
    "1": {
      "closest": -0.007766571827232838,
      "centroid": 0.5693538784980774,
      "furthest": 1.252779245376587
    }
  },
  "9": {
    "0": {
      "closest": 0.0009931623935699463,
      "centroid": -0.624838650226593,
      "furthest": -1.8113116025924683
    },
    "1": {
      "closest": -0.002048814669251442,
      "centroid": 0.624838650226593,
      "furthest": 1.3614282608032227
    }
  },
  "10": {
    "0": {
      "closest": -0.007987385615706444,
      "centroid": -0.6619753241539001,
      "furthest": -1.8434134721755981
    },
    "1": {
      "closest": -0.0002534016966819763,
      "centroid": 0.6619753241539001,
      "furthest": 1.3868423700332642
    }
  },
  "11": {
    "0": {
      "closest": 0.00024775974452495575,
      "centroid": -0.6694591045379639,
      "furthest": -1.7442872524261475
    },
    "1": {
      "closest": 0.00045528635382652283,
      "centroid": 0.6694592237472534,
      "furthest": 1.4538666009902954
    }
  },
  "12": {
    "0": {
      "closest": 0.015065796673297882,
      "centroid": -0.7922217845916748,
      "furthest": -2.0805294513702393
    },
    "1": {
      "closest": 0.009587051346898079,
      "centroid": 0.7922217845916748,
      "furthest": 1.6582024097442627
    }
  },
  "13": {
    "0": {
      "closest": -0.0026186369359493256,
      "centroid": -0.8623360395431519,
      "furthest": -2.067929267883301
    },
    "1": {
      "closest": -0.018605433404445648,
      "centroid": 0.8623360395431519,
      "furthest": 1.8321070671081543
    }
  },
  "14": {
    "0": {
      "closest": 0.018800294026732445,
      "centroid": -0.8913427591323853,
      "furthest": -2.0590672492980957
    },
    "1": {
      "closest": 0.010404923930764198,
      "centroid": 0.89134281873703,
      "furthest": 2.059844493865967
    }
  },
  "15": {
    "0": {
      "closest": 0.007656648755073547,
      "centroid": -1.0308279991149902,
      "furthest": -2.369296073913574
    },
    "1": {
      "closest": 0.0017413720488548279,
      "centroid": 1.0308278799057007,
      "furthest": 2.4559531211853027
    }
  },
  "16": {
    "0": {
      "closest": 0.007542818784713745,
      "centroid": -1.1025946140289307,
      "furthest": -2.690671920776367
    },
    "1": {
      "closest": -0.0010420866310596466,
      "centroid": 1.1025946140289307,
      "furthest": 2.621521472930908
    }
  },
  "17": {
    "0": {
      "closest": 0.0012943148612976074,
      "centroid": -1.265467882156372,
      "furthest": -3.029196262359619
    },
    "1": {
      "closest": 0.002463875338435173,
      "centroid": 1.2654680013656616,
      "furthest": 3.0621871948242188
    }
  },
  "18": {
    "0": {
      "closest": -0.002034265547990799,
      "centroid": -1.3575093746185303,
      "furthest": -3.3009657859802246
    },
    "1": {
      "closest": 0.01183663122355938,
      "centroid": 1.3575094938278198,
      "furthest": 3.345524311065674
    }
  },
  "19": {
    "0": {
      "closest": -0.002499926835298538,
      "centroid": -1.4881139993667603,
      "furthest": -3.781471014022827
    },
    "1": {
      "closest": 0.028059616684913635,
      "centroid": 1.4881139993667603,
      "furthest": 3.661713123321533
    }
  },
  "20": {
    "0": {
      "closest": -0.014528453350067139,
      "centroid": -1.5846359729766846,
      "furthest": -3.8597352504730225
    },
    "1": {
      "closest": 0.0058168284595012665,
      "centroid": 1.5846359729766846,
      "furthest": 3.8742382526397705
    }
  },
  "21": {
    "0": {
      "closest": -0.04116097465157509,
      "centroid": -1.8031010627746582,
      "furthest": -4.153059959411621
    },
    "1": {
      "closest": -0.013142816722393036,
      "centroid": 1.8031013011932373,
      "furthest": 4.684942245483398
    }
  },
  "22": {
    "0": {
      "closest": -0.02719971537590027,
      "centroid": -1.9532580375671387,
      "furthest": -4.410090446472168
    },
    "1": {
      "closest": 0.01737499237060547,
      "centroid": 1.9532580375671387,
      "furthest": 5.211255073547363
    }
  },
  "23": {
    "0": {
      "closest": 0.002411339432001114,
      "centroid": -2.101295232772827,
      "furthest": -4.706611633300781
    },
    "1": {
      "closest": 0.028040282428264618,
      "centroid": 2.101295232772827,
      "furthest": 5.6041388511657715
    }
  },
  "24": {
    "0": {
      "closest": 0.011512398719787598,
      "centroid": -2.2196896076202393,
      "furthest": -4.962512969970703
    },
    "1": {
      "closest": -0.00784561038017273,
      "centroid": 2.2196898460388184,
      "furthest": 5.880237579345703
    }
  },
  "25": {
    "0": {
      "closest": -0.04740659147500992,
      "centroid": -2.4356253147125244,
      "furthest": -5.422358512878418
    },
    "1": {
      "closest": -0.018745586276054382,
      "centroid": 2.4356253147125244,
      "furthest": 6.517764091491699
    }
  },
  "26": {
    "0": {
      "closest": -0.0009823068976402283,
      "centroid": -2.5586724281311035,
      "furthest": -5.7753825187683105
    },
    "1": {
      "closest": -0.020557165145874023,
      "centroid": 2.5586724281311035,
      "furthest": 6.861398696899414
    }
  },
  "27": {
    "0": {
      "closest": 0.037719275802373886,
      "centroid": -2.6894726753234863,
      "furthest": -6.154216289520264
    },
    "1": {
      "closest": 0.0017990805208683014,
      "centroid": 2.689472198486328,
      "furthest": 7.188607215881348
    }
  },
  "28": {
    "0": {
      "closest": 0.004588186740875244,
      "centroid": -2.9030086994171143,
      "furthest": -6.610102653503418
    },