{
  "0": {
    "0": {
      "closest": -0.5987506815280339,
      "centroid": -0.6088879204942281,
      "furthest": -0.6188553322621028
    },
    "1": {
      "closest": 0.6247719968459926,
      "centroid": 0.6346359020246427,
      "furthest": 0.6465531211128864
    }
  },
  "1": {
    "0": {
      "closest": -0.726735401874615,
      "centroid": -0.7401327405165503,
      "furthest": -0.7516536520274961
    },
    "1": {
      "closest": 0.7532572806253031,
      "centroid": 0.7630132085549419,
      "furthest": 0.7735085298600235
    }
  },
  "2": {
    "0": {
      "closest": -0.9991986799023659,
      "centroid": -1.0181669381457665,
      "furthest": -1.0436945269361473
    },
    "1": {
      "closest": 0.9847289277169711,
      "centroid": 0.997736410023397,
      "furthest": 1.013296458324358
    }
  },
  "3": {
    "0": {
      "closest": -1.1782918886413924,
      "centroid": -1.214234556335626,
      "furthest": -1.2408953652006256
    },
    "1": {
      "closest": 1.1943777976426215,
      "centroid": 1.2166123102092117,
      "furthest": 1.2386740704375205
    }
  },
  "4": {
    "0": {
      "closest": -1.4152762151919749,
      "centroid": -1.4608824249778296,
      "furthest": -1.5076836983734299
    },
    "1": {
      "closest": 1.3969759289266768,
      "centroid": 1.4489980287110513,
      "furthest": 1.4847981123673843
    }
  },
  "5": {
    "0": {
      "closest": -1.5307245508012397,
      "centroid": -1.591329057916344,
      "furthest": -1.6393199950682409
    },
    "1": {
      "closest": 1.5189799253158032,
      "centroid": 1.5804516371649024,
      "furthest": 1.6327026723089886
    }
  },
  "6": {
    "0": {
      "closest": -1.5138217671552712,
      "centroid": -1.6062723611180012,
      "furthest": -1.669042652126487
    },
    "1": {
      "closest": 1.531528953555801,
      "centroid": 1.5892145572006349,
      "furthest": 1.6538289894383353
    }
  },
  "7": {
    "0": {
      "closest": -1.6641728861198928,
      "centroid": -1.765628706903379,
      "furthest": -1.8443042063415747
    },
    "1": {
      "closest": 1.6796690139225023,
      "centroid": 1.766574355308552,
      "furthest": 1.828355003420978
    }
  },
  "8": {
    "0": {
      "closest": -1.6672905785079657,
      "centroid": -1.780752437907842,
      "furthest": -1.8536191760081604
    },
    "1": {
      "closest": 1.6870850451128048,
      "centroid": 1.7809731697311773,
      "furthest": 1.8583943281221404
    }
  },
  "9": {
    "0": {
      "closest": -1.8534283895395163,
      "centroid": -2.0429170812478707,
      "furthest": -2.1650511270034953
    },
    "1": {
      "closest": 1.906474129227285,
      "centroid": 2.0470416286509434,
      "furthest": 2.133012803893314
    }
  },
  "10": {
    "0": {
      "closest": -2.0250638467923068,
      "centroid": -2.2406821829464816,
      "furthest": -2.3795058815600627
    },
    "1": {
      "closest": 2.098010871064443,
      "centroid": 2.242488380142193,
      "furthest": 2.33726639859135
    }
  },
  "11": {
    "0": {
      "closest": -2.001077121299589,
      "centroid": -2.3293839032767285,
      "furthest": -2.5310083500985283
    },
    "1": {
      "closest": 2.157261448904003,
      "centroid": 2.3308436443675116,
      "furthest": 2.507437901041937
    }
  },
  "12": {
    "0": {
      "closest": -1.7764101002662744,
      "centroid": -2.3640330975948554,
      "furthest": -2.7054135746398407
    },
    "1": {
      "closest": 2.071521002724177,
      "centroid": 2.3621369044496485,
      "furthest": 2.620812508874673
    }
  },
  "13": {
    "0": {
      "closest": -1.7504679250322812,
      "centroid": -2.397464184784045,
      "furthest": -2.7819190722872458
    },
    "1": {
      "closest": 1.9845393637146098,
      "centroid": 2.392920816124753,
      "furthest": 2.7571772757321944
    }
  },
  "14": {
    "0": {
      "closest": -1.8165527402431703,
      "centroid": -2.543530788172658,
      "furthest": -2.9468799431485477
    },
    "1": {
      "closest": 1.6324771112810628,
      "centroid": 2.5302404567336962,
      "furthest": 3.4269619226029615
    }
  },
  "15": {
    "0": {
      "closest": -1.9057258877120948,
      "centroid": -2.571048333203297,
      "furthest": -2.9343611349680176
    },
    "1": {
      "closest": 1.4929359830788538,
      "centroid": 2.576401262739503,
      "furthest": 3.575151757744591
    }
  },
  "16": {
    "0": {
      "closest": -2.2034084719191207,
      "centroid": -2.8432918211955758,
      "furthest": -3.206358928229544
    },
    "1": {
      "closest": 1.5921760279348387,
      "centroid": 2.872783474579612,
      "furthest": 3.927590135368065
    }
  },
  "17": {
    "0": {
      "closest": -2.2820463811451277,
      "centroid": -2.9794955951818305,
      "furthest": -3.2643230825300757
    },
    "1": {
      "closest": 1.728027205140145,
      "centroid": 3.0338554674534266,
      "furthest": 4.122034263523667
    }
  },
  "18": {
    "0": {
      "closest": -2.4144194606763265,
      "centroid": -3.118588642345413,
      "furthest": -3.5186903441594173
    },
    "1": {
      "closest": 1.836850645865797,
      "centroid": 3.1539347855568085,
      "furthest": 4.37562419040277
    }
  },
  "19": {
    "0": {
      "closest": -2.7041188801563907,
      "centroid": -3.3763063362759063,
      "furthest": -3.7937122859304964
    },
    "1": {
      "closest": 2.0406159604870195,
      "centroid": 3.4301238201312,
      "furthest": 4.845276463273964
    }
  },
  "20": {
    "0": {
      "closest": -3.031823756638529,
      "centroid": -3.6593382940839234,
      "furthest": -4.07294894087406
    },
    "1": {
      "closest": 2.1571753199255363,
      "centroid": 3.7417357839090966,
      "furthest": 5.474928069266487
    }
  },
  "21": {
    "0": {
      "closest": -3.3534125255883453,
      "centroid": -4.043641601592547,
      "furthest": -4.48375788184818
    },
    "1": {
      "closest": 2.323406848589444,
      "centroid": 4.156479167102574,
      "furthest": 6.110104019135712
    }
  },
  "22": {
    "0": {
      "closest": -3.671620321593532,
      "centroid": -4.29578352414563,
      "furthest": -4.733142452051546
    },
    "1": {
      "closest": 2.555479697684815,
      "centroid": 4.45985167405155,
      "furthest": 6.481649095267596
    }
  },
  "23": {
    "0": {
      "closest": -4.015920685109436,
      "centroid": -4.609793319782403,
      "furthest": -5.019895584929042
    },
    "1": {
      "closest": 2.701113508199122,
      "centroid": 4.770221393513278,
      "furthest": 7.0160550112474604
    }
  },
  "24": {
    "0": {
      "closest": -4.227753848898505,
      "centroid": -4.845567244705692,
      "furthest": -5.327206021697139
    },
    "1": {
      "closest": 2.8315358204822205,
      "centroid": 5.0364693850638025,
      "furthest": 7.345556143453125
    }
  },
  "25": {
    "0": {
      "closest": -4.399858833599765,
      "centroid": -5.133151666739389,
      "furthest": -5.742573103460153
    },
    "1": {
      "closest": 3.1381695760608705,
      "centroid": 5.286406124638829,
      "furthest": 7.386574290169918
    }
  },
  "26": {
    "0": {
      "closest": -4.718482418968973,
      "centroid": -5.501777349882949,
      "furthest": -6.067626117178586
    },
    "1": {
      "closest": 3.3742937420287578,
      "centroid": 5.668987902357816,
      "furthest": 7.841355688582855
    }
  },
  "27": {
    "0": {
      "closest": -4.913658275675407,
      "centroid": -5.83892455471369,
      "furthest": -6.539910003871651
    },
    "1": {
      "closest": 3.5792591639067703,
      "centroid": 6.025436706270937,
      "furthest": 8.326776472139377
    }
  },
  "28": {
    "0": {
      "closest": -5.281963421481432,
      "centroid": -6.367676299767461,
      "furthest": -7.228391761288446
    },
    "1": {
      "closest": 3.996196053162032,
      "centroid": 6.571027017708814,
      "furthest": 8.9360023665671
    }
  },
  "29": {
    "0": {
      "closest": -5.483308030619155,