{
  "0": {
    "0": {
      "closest": -0.04693085700273514,
      "centroid": -0.04951813817024231,
      "furthest": -0.05254609137773514
    },
    "1": {
      "closest": 0.04681914299726486,
      "centroid": 0.04946562647819519,
      "furthest": 0.05341093987226486
    }
  },
  "1": {
    "0": {
      "closest": -0.0573154091835022,
      "centroid": -0.062165871262550354,
      "furthest": -0.0668368935585022
    },
    "1": {
      "closest": 0.0584072470664978,
      "centroid": 0.06220363453030586,
      "furthest": 0.0684170126914978
    }
  },
  "2": {
    "0": {
      "closest": -0.08468940854072571,
      "centroid": -0.09121894091367722,
      "furthest": -0.10031440854072571
    },
    "1": {
      "closest": 0.08376762270927429,
      "centroid": 0.09119439125061035,
      "furthest": 0.10085746645927429
    }
  },
  "3": {
    "0": {
      "closest": -0.0934935212135315,
      "centroid": -0.10074449330568314,
      "furthest": -0.1110716462135315
    },
    "1": {
      "closest": 0.0901002287864685,
      "centroid": 0.10074231773614883,
      "furthest": 0.1076783537864685
    }
  },
  "4": {
    "0": {
      "closest": -0.1763281226158142,
      "centroid": -0.18813861906528473,
      "furthest": -0.20439393818378448
    },
    "1": {
      "closest": 0.17541256546974182,
      "centroid": 0.18815498054027557,
      "furthest": 0.20684091746807098
    }
  },
  "5": {
    "0": {
      "closest": -0.17418469488620758,
      "centroid": -0.18907779455184937,
      "furthest": -0.2145906686782837
    },
    "1": {
      "closest": 0.1727166473865509,
      "centroid": 0.18911784887313843,
      "furthest": 0.20638935267925262
    }
  },
  "6": {
    "0": {
      "closest": -0.14561793208122253,
      "centroid": -0.15549586713314056,
      "furthest": -0.17589136958122253
    },
    "1": {
      "closest": 0.14295628666877747,
      "centroid": 0.1554880142211914,
      "furthest": 0.16444066166877747
    }
  },
  "7": {
    "0": {
      "closest": -0.1602499783039093,
      "centroid": -0.17218966782093048,
      "furthest": -0.1885702908039093
    },
    "1": {
      "closest": 0.1561562716960907,
      "centroid": 0.17225246131420135,
      "furthest": 0.1835000216960907
    }
  },
  "8": {
    "0": {
      "closest": -0.1711236834526062,
      "centroid": -0.18325260281562805,
      "furthest": -0.2023736834526062
    },
    "1": {
      "closest": 0.1706731915473938,
      "centroid": 0.18319271504878998,
      "furthest": 0.1960638165473938
    }
  },
  "9": {
    "0": {
      "closest": -0.17659756541252136,
      "centroid": -0.1962679922580719,
      "furthest": -0.21566006541252136
    },
    "1": {
      "closest": 0.17594149708747864,
      "centroid": 0.19627352058887482,
      "furthest": 0.21500399708747864
    }
  },
  "10": {
    "0": {
      "closest": -0.18151426315307617,
      "centroid": -0.2078130841255188,
      "furthest": -0.23522520065307617
    },
    "1": {
      "closest": 0.18372011184692383,
      "centroid": 0.20762880146503448,
      "furthest": 0.22961854934692383
    }
  },
  "11": {
    "0": {
      "closest": -0.21220020949840546,
      "centroid": -0.23481407761573792,
      "furthest": -0.26050126552581787
    },
    "1": {
      "closest": 0.21508122980594635,
      "centroid": 0.23451538383960724,
      "furthest": 0.25202974677085876
    }
  },
  "12": {
    "0": {
      "closest": -0.24978747963905334,
      "centroid": -0.28328707814216614,
      "furthest": -0.3249254822731018
    },
    "1": {
      "closest": 0.261178582906723,
      "centroid": 0.2842988669872284,
      "furthest": 0.3151809275150299
    }
  },
  "13": {
    "0": {
      "closest": -0.1676585078239441,
      "centroid": -0.20132064819335938,
      "furthest": -0.2428538203239441
    },
    "1": {
      "closest": 0.1633961796760559,
      "centroid": 0.200847327709198,
      "furthest": 0.2268727421760559
    }
  },
  "14": {
    "0": {
      "closest": -0.20439690351486206,
      "centroid": -0.253000408411026,
      "furthest": -0.298204630613327
    },
    "1": {
      "closest": 0.21131953597068787,
      "centroid": 0.25310757756233215,
      "furthest": 0.3119722008705139
    }
  },
  "15": {
    "0": {
      "closest": -0.14539411664009094,
      "centroid": -0.34381699562072754,
      "furthest": -0.473826140165329
    },
    "1": {
      "closest": 0.24249936640262604,
      "centroid": 0.3371680974960327,
      "furthest": 0.5770907402038574
    }
  },
  "16": {
    "0": {
      "closest": -0.30543798208236694,
      "centroid": -0.3813927471637726,
      "furthest": -0.4502200186252594
    },
    "1": {
      "closest": 0.3311077952384949,
      "centroid": 0.38070717453956604,
      "furthest": 0.42675620317459106
    }
  },
  "17": {
    "0": {
      "closest": -0.21290907263755798,
      "centroid": -0.2682264447212219,
      "furthest": -0.332049697637558
    },
    "1": {
      "closest": 0.18211045861244202,
      "centroid": 0.2680327296257019,
      "furthest": 0.380840927362442
    }
  },
  "18": {
    "0": {
      "closest": -0.20331044495105743,
      "centroid": -0.27901360392570496,
      "furthest": -0.34198230504989624
    },
    "1": {
      "closest": 0.18487314879894257,
      "centroid": 0.27883797883987427,
      "furthest": 0.41387706995010376
    }
  },
  "19": {
    "0": {
      "closest": -0.17489871382713318,
      "centroid": -0.2713000476360321,
      "furthest": -0.3506799638271332
    },
    "1": {
      "closest": 0.19228878617286682,
      "centroid": 0.2712133824825287,
      "furthest": 0.4481481611728668
    }
  },
  "20": {
    "0": {
      "closest": -0.17996400594711304,
      "centroid": -0.2829913794994354,
      "furthest": -0.37722963094711304
    },
    "1": {
      "closest": 0.18917661905288696,
      "centroid": 0.28295955061912537,
      "furthest": 0.46456724405288696
    }
  },
  "21": {
    "0": {
      "closest": -0.45345115661621094,
      "centroid": -0.6768134832382202,
      "furthest": -0.8445805311203003
    },
    "1": {
      "closest": 0.43199944496154785,
      "centroid": 0.6777960062026978,
      "furthest": 0.972769021987915
    }
  },
  "22": {
    "0": {
      "closest": -0.5220577716827393,
      "centroid": -0.6581112742424011,
      "furthest": -0.7675151824951172
    },
    "1": {
      "closest": 0.46096745133399963,
      "centroid": 0.6520872712135315,
      "furthest": 0.8730611801147461
    }
  },
  "23": {
    "0": {
      "closest": -0.5687121152877808,
      "centroid": -0.6772510409355164,
      "furthest": -0.830590546131134
    },
    "1": {
      "closest": 0.5458820462226868,
      "centroid": 0.6732679605484009,
      "furthest": 0.8491436839103699
    }
  },
  "24": {
    "0": {
      "closest": -0.31026965379714966,
      "centroid": -0.3952048420906067,
      "furthest": -0.49211984872817993
    },
    "1": {
      "closest": 0.26605111360549927,
      "centroid": 0.37139105796813965,
      "furthest": 0.5299585461616516
    }
  },
  "25": {
    "0": {
      "closest": -0.27661365270614624,
      "centroid": -0.37704336643218994,
      "furthest": -0.49536365270614624
    },
    "1": {
      "closest": 0.25854259729385376,
      "centroid": 0.37409430742263794,
      "furthest": 0.5397925972938538
    }
  },
  "26": {
    "0": {
      "closest": -0.3022034764289856,
      "centroid": -0.3962598741054535,
      "furthest": -0.505334198474884
    },
    "1": {
      "closest": 0.29160276055336,
      "centroid": 0.39223477244377136,
      "furthest": 0.5436346530914307
    }
  },
  "27": {
    "0": {
      "closest": -0.4167802333831787,
      "centroid": -0.5139168500900269,
      "furthest": -0.6255233883857727
    },
    "1": {
      "closest": 0.40400949120521545,
      "centroid": 0.5110007524490356,
      "furthest": 0.6347424983978271
    }
  },
  "28": {
    "0": {
      "closest": -0.314480721950531,
      "centroid": -0.44364210963249207,
      "furthest": -0.599428653717041
    },