{
  "0": {
    "0": {
      "closest": -0.05224609375,
      "centroid": -0.055125121027231216,
      "furthest": -0.05810546875
    },
    "1": {
      "closest": 0.041259765625,
      "centroid": 0.044074706733226776,
      "furthest": 0.04638671875
    }
  },
  "1": {
    "0": {
      "closest": -0.06201171875,
      "centroid": -0.06684936583042145,
      "furthest": -0.0703125
    },
    "1": {
      "closest": 0.055419921875,
      "centroid": 0.05889343097805977,
      "furthest": 0.06396484375
    }
  },
  "2": {
    "0": {
      "closest": -0.10254422575235367,
      "centroid": -0.11100590974092484,
      "furthest": -0.12296099960803986
    },
    "1": {
      "closest": 0.07126656919717789,
      "centroid": 0.07790304720401764,
      "furthest": 0.08871561288833618
    }
  },
  "3": {
    "0": {
      "closest": -0.11792244017124176,
      "centroid": -0.12482407689094543,
      "furthest": -0.13152272999286652
    },
    "1": {
      "closest": 0.12414399534463882,
      "centroid": 0.13449646532535553,
      "furthest": 0.1420765370130539
    }
  },
  "4": {
    "0": {
      "closest": -0.12031852453947067,
      "centroid": -0.13451166450977325,
      "furthest": -0.15390117466449738
    },
    "1": {
      "closest": 0.12280401587486267,
      "centroid": 0.13894055783748627,
      "furthest": 0.15999780595302582
    }
  },
  "5": {
    "0": {
      "closest": -0.13195128738880157,
      "centroid": -0.1503949612379074,
      "furthest": -0.1686415821313858
    },
    "1": {
      "closest": 0.12888894975185394,
      "centroid": 0.1511092334985733,
      "furthest": 0.17521044611930847
    }
  },
  "6": {
    "0": {
      "closest": -0.18156814575195312,
      "centroid": -0.1932840794324875,
      "furthest": -0.20853252708911896
    },
    "1": {
      "closest": 0.1956188678741455,
      "centroid": 0.20912867784500122,
      "furthest": 0.22839412093162537
    }
  },
  "7": {
    "0": {
      "closest": -0.14962472021579742,
      "centroid": -0.165155291557312,
      "furthest": -0.18180875480175018
    },
    "1": {
      "closest": 0.16431617736816406,
      "centroid": 0.18089881539344788,
      "furthest": 0.19437849521636963
    }
  },
  "8": {
    "0": {
      "closest": -0.162109375,
      "centroid": -0.18098388612270355,
      "furthest": -0.197265625
    },
    "1": {
      "closest": 0.169921875,
      "centroid": 0.18593749403953552,
      "furthest": 0.1982421875
    }
  },
  "9": {
    "0": {
      "closest": -0.18155086040496826,
      "centroid": -0.20457004010677338,
      "furthest": -0.2238209992647171
    },
    "1": {
      "closest": 0.16986438632011414,
      "centroid": 0.1899910718202591,
      "furthest": 0.20656435191631317
    }
  },
  "10": {
    "0": {
      "closest": -0.24089744687080383,
      "centroid": -0.2662956118583679,
      "furthest": -0.2956438660621643
    },
    "1": {
      "closest": 0.23538106679916382,
      "centroid": 0.2518981695175171,
      "furthest": 0.2702912390232086
    }
  },
  "11": {
    "0": {
      "closest": -0.25619015097618103,
      "centroid": -0.29736775159835815,
      "furthest": -0.3282223343849182
    },
    "1": {
      "closest": 0.267395555973053,
      "centroid": 0.2952392101287842,
      "furthest": 0.3205350339412689
    }
  },
  "12": {
    "0": {
      "closest": -0.26391658186912537,
      "centroid": -0.30006033182144165,
      "furthest": -0.33383893966674805
    },
    "1": {
      "closest": 0.267305850982666,
      "centroid": 0.29355406761169434,
      "furthest": 0.3165087103843689
    }
  },
  "13": {
    "0": {
      "closest": -0.2016059309244156,
      "centroid": -0.24291309714317322,
      "furthest": -0.300908625125885
    },
    "1": {
      "closest": 0.20065271854400635,
      "centroid": 0.23145709931850433,
      "furthest": 0.2641451954841614
    }
  },
  "14": {
    "0": {
      "closest": -0.15650823712348938,
      "centroid": -0.2383953034877777,
      "furthest": -0.32822585105895996
    },
    "1": {
      "closest": 0.0794677585363388,
      "centroid": 0.2499769926071167,
      "furthest": 0.38082578778266907
    }
  },
  "15": {
    "0": {
      "closest": -0.22197137773036957,
      "centroid": -0.3051062822341919,
      "furthest": -0.3753489553928375
    },
    "1": {
      "closest": 0.10278607904911041,
      "centroid": 0.319264680147171,
      "furthest": 0.5097309947013855
    }
  },
  "16": {
    "0": {
      "closest": -0.2276138961315155,
      "centroid": -0.3409358859062195,
      "furthest": -0.412112832069397
    },
    "1": {
      "closest": 0.08679959177970886,
      "centroid": 0.36429551243782043,
      "furthest": 0.556881844997406
    }
  },
  "17": {
    "0": {
      "closest": -0.43516242504119873,
      "centroid": -0.5446420311927795,
      "furthest": -0.6149210333824158
    },
    "1": {
      "closest": 0.2448689341545105,
      "centroid": 0.5420499444007874,
      "furthest": 0.7640606760978699
    }
  },
  "18": {
    "0": {
      "closest": -0.4459075927734375,
      "centroid": -0.5488845705986023,
      "furthest": -0.621385395526886
    },
    "1": {
      "closest": 0.04301528260111809,
      "centroid": 0.28944751620292664,
      "furthest": 0.5288618803024292
    }
  },
  "19": {
    "0": {
      "closest": -0.3683735132217407,
      "centroid": -0.5060576796531677,
      "furthest": -0.5983782410621643
    },
    "1": {
      "closest": 0.04267984628677368,
      "centroid": 0.32307544350624084,
      "furthest": 0.5883616209030151
    }
  },
  "20": {
    "0": {
      "closest": -0.5334327220916748,
      "centroid": -0.6302058696746826,
      "furthest": -0.7264527082443237
    },
    "1": {
      "closest": 0.309834748506546,
      "centroid": 0.6553061604499817,
      "furthest": 0.9118967056274414
    }
  },
  "21": {
    "0": {
      "closest": -0.4070337414741516,
      "centroid": -0.835478663444519,
      "furthest": -1.0247817039489746
    },
    "1": {
      "closest": 0.2658696174621582,
      "centroid": 0.9038527607917786,
      "furthest": 1.462048053741455
    }
  },
  "22": {
    "0": {
      "closest": -0.35423725843429565,
      "centroid": -0.6582722663879395,
      "furthest": -0.8513131141662598
    },
    "1": {
      "closest": 0.03339040279388428,
      "centroid": 0.5249328017234802,
      "furthest": 1.0506024360656738
    }
  },
  "23": {
    "0": {
      "closest": -0.3660184144973755,
      "centroid": -0.618699312210083,
      "furthest": -0.7796819806098938
    },
    "1": {
      "closest": 0.029450178146362305,
      "centroid": 0.5445104837417603,
      "furthest": 1.0988045930862427
    }
  },
  "24": {
    "0": {
      "closest": -0.3511648178100586,
      "centroid": -0.636901319026947,
      "furthest": -0.8088666796684265
    },
    "1": {
      "closest": 0.010080337524414062,
      "centroid": 0.5751510858535767,
      "furthest": 1.1530168056488037
    }
  },
  "25": {
    "0": {
      "closest": -0.37736976146698,
      "centroid": -0.6095852851867676,
      "furthest": -0.7692180275917053
    },
    "1": {
      "closest": 0.17853713035583496,
      "centroid": 0.6088254451751709,
      "furthest": 1.104888916015625
    }
  },
  "26": {
    "0": {
      "closest": -0.4538393020629883,
      "centroid": -0.6491244435310364,
      "furthest": -0.8029378056526184
    },
    "1": {
      "closest": 0.18041467666625977,
      "centroid": 0.6490830183029175,
      "furthest": 1.0786808729171753
    }
  },
  "27": {
    "0": {
      "closest": -0.43778038024902344,
      "centroid": -0.6373870372772217,
      "furthest": -0.7976739406585693
    },
    "1": {
      "closest": 0.26582491397857666,
      "centroid": 0.6409595012664795,
      "furthest": 1.0837922096252441
    }
  },
  "28": {
    "0": {
      "closest": -0.35511285066604614,
      "centroid": -0.5634875297546387,
      "furthest": -0.7072197198867798
    },
    "1": {
      "closest": 0.3460834324359894,
      "centroid": 0.5719619989395142,