{
  "0": {
    "0": {
      "closest": -0.004256981424987316,
      "centroid": -0.026210760697722435,
      "furthest": -0.07518945634365082
    },
    "1": {
      "closest": 0.0029631711076945066,
      "centroid": 0.02202448435127735,
      "furthest": 0.04838230088353157
    }
  },
  "1": {
    "0": {
      "closest": -0.00840865820646286,
      "centroid": -0.039082273840904236,
      "furthest": -0.10845998674631119
    },
    "1": {
      "closest": 0.006392994895577431,
      "centroid": 0.032758843153715134,
      "furthest": 0.06699050217866898
    }
  },
  "2": {
    "0": {
      "closest": -0.010092783719301224,
      "centroid": -0.06154457479715347,
      "furthest": -0.17126162350177765
    },
    "1": {
      "closest": 0.009366527199745178,
      "centroid": 0.04986349120736122,
      "furthest": 0.1165788471698761
    }
  },
  "3": {
    "0": {
      "closest": -0.01912921480834484,
      "centroid": -0.09894583374261856,
      "furthest": -0.24663060903549194
    },
    "1": {
      "closest": 0.018479038029909134,
      "centroid": 0.08124704658985138,
      "furthest": 0.1942446082830429
    }
  },
  "4": {
    "0": {
      "closest": -0.0013414621353149414,
      "centroid": -0.09277462214231491,
      "furthest": -0.23762616515159607
    },
    "1": {
      "closest": 0.0032653510570526123,
      "centroid": 0.07472619414329529,
      "furthest": 0.17287999391555786
    }
  },
  "5": {
    "0": {
      "closest": -0.03276796638965607,
      "centroid": -0.15806451439857483,
      "furthest": -0.3724849224090576
    },
    "1": {
      "closest": 0.031151866540312767,
      "centroid": 0.136114239692688,
      "furthest": 0.2972070276737213
    }
  },
  "6": {
    "0": {
      "closest": -0.00023433193564414978,
      "centroid": -0.14550961554050446,
      "furthest": -0.3728382885456085
    },
    "1": {
      "closest": -0.003893669694662094,
      "centroid": 0.11794900894165039,
      "furthest": 0.29310572147369385
    }
  },
  "7": {
    "0": {
      "closest": -0.04880368337035179,
      "centroid": -0.23733840882778168,
      "furthest": -0.5332363247871399
    },
    "1": {
      "closest": 0.04365261271595955,
      "centroid": 0.20546764135360718,
      "furthest": 0.45843496918678284
    }
  },
  "8": {
    "0": {
      "closest": -0.05491241440176964,
      "centroid": -0.2590348422527313,
      "furthest": -0.5692414045333862
    },
    "1": {
      "closest": 0.0498800054192543,
      "centroid": 0.2240937352180481,
      "furthest": 0.47967255115509033
    }
  },
  "9": {
    "0": {
      "closest": -0.0015361830592155457,
      "centroid": -0.23414775729179382,
      "furthest": -0.5719131231307983
    },
    "1": {
      "closest": 0.007364261895418167,
      "centroid": 0.19576404988765717,
      "furthest": 0.4322074055671692
    }
  },
  "10": {
    "0": {
      "closest": -0.00552256777882576,
      "centroid": -0.23538532853126526,
      "furthest": -0.5555683374404907
    },
    "1": {
      "closest": 0.004422187805175781,
      "centroid": 0.19588708877563477,
      "furthest": 0.4377894699573517
    }
  },
  "11": {
    "0": {
      "closest": -0.059451524168252945,
      "centroid": -0.29626402258872986,
      "furthest": -0.6517829298973083
    },
    "1": {
      "closest": 0.05882350727915764,
      "centroid": 0.2549760341644287,
      "furthest": 0.5722165703773499
    }
  },
  "12": {
    "0": {
      "closest": -0.0699862614274025,
      "centroid": -0.32825684547424316,
      "furthest": -0.741420567035675
    },
    "1": {
      "closest": 0.05781995877623558,
      "centroid": 0.27809321880340576,
      "furthest": 0.5993051528930664
    }
  },
  "13": {
    "0": {
      "closest": -0.07293760776519775,
      "centroid": -0.33587637543678284,
      "furthest": -0.7379758954048157
    },
    "1": {
      "closest": 0.05666227638721466,
      "centroid": 0.2891237139701843,
      "furthest": 0.6575034856796265
    }
  },
  "14": {
    "0": {
      "closest": -0.07252606004476547,
      "centroid": -0.35260632634162903,
      "furthest": -0.7822068333625793
    },
    "1": {
      "closest": 0.06325162947177887,
      "centroid": 0.29945895075798035,
      "furthest": 0.686693012714386
    }
  },
  "15": {
    "0": {
      "closest": -0.09261231869459152,
      "centroid": -0.39726364612579346,
      "furthest": -0.8942497372627258
    },
    "1": {
      "closest": 0.06534555554389954,
      "centroid": 0.33258306980133057,
      "furthest": 0.7708650231361389
    }
  },
  "16": {
    "0": {
      "closest": -0.026287656277418137,
      "centroid": -0.3766196072101593,
      "furthest": -0.928536057472229
    },
    "1": {
      "closest": 0.014943648129701614,
      "centroid": 0.31699812412261963,
      "furthest": 0.7016429901123047
    }
  },
  "17": {
    "0": {
      "closest": -0.10637930780649185,
      "centroid": -0.4549020826816559,
      "furthest": -1.1148264408111572
    },
    "1": {
      "closest": 0.07636131346225739,
      "centroid": 0.39370033144950867,
      "furthest": 0.8904162645339966
    }
  },
  "18": {
    "0": {
      "closest": -0.0495690256357193,
      "centroid": -0.4451245963573456,
      "furthest": -1.1221575736999512
    },
    "1": {
      "closest": 0.006622440181672573,
      "centroid": 0.3832593560218811,
      "furthest": 0.9380565881729126
    }
  },
  "19": {
    "0": {
      "closest": -0.11557935178279877,
      "centroid": -0.5110323429107666,
      "furthest": -1.263110876083374
    },
    "1": {
      "closest": 0.09893390536308289,
      "centroid": 0.4519846439361572,
      "furthest": 1.0396431684494019
    }
  },
  "20": {
    "0": {
      "closest": -0.07333074510097504,
      "centroid": -0.5155483484268188,
      "furthest": -1.2735346555709839
    },
    "1": {
      "closest": 0.030068958178162575,
      "centroid": 0.44705823063850403,
      "furthest": 1.025156855583191
    }
  },
  "21": {
    "0": {
      "closest": -0.13745176792144775,
      "centroid": -0.6347560882568359,
      "furthest": -1.5389697551727295
    },
    "1": {
      "closest": 0.11823597550392151,
      "centroid": 0.5485641956329346,
      "furthest": 1.2079179286956787
    }
  },
  "22": {
    "0": {
      "closest": -0.14851313829421997,
      "centroid": -0.6860830187797546,
      "furthest": -1.712787389755249
    },
    "1": {
      "closest": 0.139498770236969,
      "centroid": 0.5832333564758301,
      "furthest": 1.2587463855743408
    }
  },
  "23": {
    "0": {
      "closest": -0.16057130694389343,
      "centroid": -0.740523099899292,
      "furthest": -1.8933639526367188
    },
    "1": {
      "closest": 0.1492333561182022,
      "centroid": 0.6272400617599487,
      "furthest": 1.3917925357818604
    }
  },
  "24": {
    "0": {
      "closest": -0.1642775982618332,
      "centroid": -0.7853608727455139,
      "furthest": -2.1107630729675293
    },
    "1": {
      "closest": 0.15724027156829834,
      "centroid": 0.6658883690834045,
      "furthest": 1.4804933071136475
    }
  },
  "25": {
    "0": {
      "closest": -0.13178913295269012,
      "centroid": -0.8157180547714233,
      "furthest": -2.0464446544647217
    },
    "1": {
      "closest": 0.11392245441675186,
      "centroid": 0.6975831389427185,
      "furthest": 1.662737250328064
    }
  },
  "26": {
    "0": {
      "closest": -0.18975821137428284,
      "centroid": -0.9241510033607483,
      "furthest": -2.4342148303985596
    },
    "1": {
      "closest": 0.17899943888187408,
      "centroid": 0.785004734992981,
      "furthest": 1.8036999702453613
    }
  },
  "27": {
    "0": {
      "closest": -0.16063851118087769,
      "centroid": -0.9586797952651978,
      "furthest": -2.434457778930664
    },
    "1": {
      "closest": 0.12779414653778076,
      "centroid": 0.8215556144714355,
      "furthest": 1.884222149848938
    }
  },
  "28": {
    "0": {
      "closest": -0.1805616021156311,
      "centroid": -1.0279719829559326,
      "furthest": -2.625962495803833
    },