{
  "0": {
    "0": {
      "closest": -0.5813231843428355,
      "centroid": -0.5953537038235318,
      "furthest": -0.6051405869602104
    },
    "1": {
      "closest": 0.6358693379352558,
      "centroid": 0.6467362263609918,
      "furthest": 0.655650991297063
    }
  },
  "1": {
    "0": {
      "closest": -0.7202557052386269,
      "centroid": -0.7372645459407532,
      "furthest": -0.7510224291767975
    },
    "1": {
      "closest": 0.7526307000029949,
      "centroid": 0.763334336615354,
      "furthest": 0.7722145192598076
    }
  },
  "2": {
    "0": {
      "closest": -1.0364953662165288,
      "centroid": -1.0584715739908663,
      "furthest": -1.0747200457336938
    },
    "1": {
      "closest": 0.9226555258282422,
      "centroid": 0.9523208336273945,
      "furthest": 0.9660189834051345
    }
  },
  "3": {
    "0": {
      "closest": -1.1801722956462377,
      "centroid": -1.2125319898832454,
      "furthest": -1.236643402398045
    },
    "1": {
      "closest": 1.1899218090313286,
      "centroid": 1.2176043362537667,
      "furthest": 1.2381786409328694
    }
  },
  "4": {
    "0": {
      "closest": -1.3078864075860732,
      "centroid": -1.3571754904492335,
      "furthest": -1.3993983255189713
    },
    "1": {
      "closest": 1.4911127721644482,
      "centroid": 1.5485263491494106,
      "furthest": 1.5994596953442008
    }
  },
  "5": {
    "0": {
      "closest": -1.4730863536471257,
      "centroid": -1.5300965314404322,
      "furthest": -1.575131336923788
    },
    "1": {
      "closest": 1.5379422216043312,
      "centroid": 1.6243541214302764,
      "furthest": 1.6936648688990459
    }
  },
  "6": {
    "0": {
      "closest": -1.5334420563868885,
      "centroid": -1.609906731404743,
      "furthest": -1.6748434617755497
    },
    "1": {
      "closest": 1.46891113807212,
      "centroid": 1.5853760084430908,
      "furthest": 1.6683101836147145
    }
  },
  "7": {
    "0": {
      "closest": -1.7190677327294535,
      "centroid": -1.7826546776831456,
      "furthest": -1.845541195403973
    },
    "1": {
      "closest": 1.636442552043983,
      "centroid": 1.7519543870047363,
      "furthest": 1.8337937212488569
    }
  },
  "8": {
    "0": {
      "closest": -1.7258578915109994,
      "centroid": -1.8037319056083627,
      "furthest": -1.8507596598948455
    },
    "1": {
      "closest": 1.6371273712894936,
      "centroid": 1.761846805693497,
      "furthest": 1.8720974537253587
    }
  },
  "9": {
    "0": {
      "closest": -1.8879535042171267,
      "centroid": -2.0734996169627875,
      "furthest": -2.1768115799227297
    },
    "1": {
      "closest": 1.8472325068168591,
      "centroid": 1.9918305905361569,
      "furthest": 2.0804882475612088
    }
  },
  "10": {
    "0": {
      "closest": -2.037238195529225,
      "centroid": -2.272944600061685,
      "furthest": -2.3854961002209256
    },
    "1": {
      "closest": 2.0589845303477485,
      "centroid": 2.192186643177599,
      "furthest": 2.289874482808264
    }
  },
  "11": {
    "0": {
      "closest": -2.1191775626422884,
      "centroid": -2.369555967905687,
      "furthest": -2.5457869896973766
    },
    "1": {
      "closest": 2.0913002779891765,
      "centroid": 2.239670056758079,
      "furthest": 2.362978611307387
    }
  },
  "12": {
    "0": {
      "closest": -1.9190353072527921,
      "centroid": -2.363089588965905,
      "furthest": -2.616243532271751
    },
    "1": {
      "closest": 2.0407433940690205,
      "centroid": 2.252617009676707,
      "furthest": 2.4591092174388742
    }
  },
  "13": {
    "0": {
      "closest": -1.7671343049356842,
      "centroid": -2.357587795941035,
      "furthest": -2.594440728960648
    },
    "1": {
      "closest": 2.1225178509186673,
      "centroid": 2.29384276215186,
      "furthest": 2.5425602205378626
    }
  },
  "14": {
    "0": {
      "closest": -1.7385592681200284,
      "centroid": -2.375582449224394,
      "furthest": -2.624479838838657
    },
    "1": {
      "closest": 2.085834224925975,
      "centroid": 2.346663406763767,
      "furthest": 2.825629898734495
    }
  },
  "15": {
    "0": {
      "closest": -1.8579321590529774,
      "centroid": -2.425463748324924,
      "furthest": -2.770279155353266
    },
    "1": {
      "closest": 1.9959443021848935,
      "centroid": 2.357888062957173,
      "furthest": 2.936373689343089
    }
  },
  "16": {
    "0": {
      "closest": -2.129922247767281,
      "centroid": -2.6471582175266697,
      "furthest": -3.033074326536112
    },
    "1": {
      "closest": 2.1932150519551525,
      "centroid": 2.6281107334268166,
      "furthest": 3.3647020904237497
    }
  },
  "17": {
    "0": {
      "closest": -2.2920097844922793,
      "centroid": -2.7708055381610937,
      "furthest": -3.1327557612844132
    },
    "1": {
      "closest": 2.2805150047643243,
      "centroid": 2.81641419949039,
      "furthest": 3.6570261357812517
    }
  },
  "18": {
    "0": {
      "closest": -2.4103220124371894,
      "centroid": -2.8667223387591547,
      "furthest": -3.295207647766122
    },
    "1": {
      "closest": 2.356844479938312,
      "centroid": 2.924261822928404,
      "furthest": 3.8433489102221197
    }
  },
  "19": {
    "0": {
      "closest": -2.6662693903765184,
      "centroid": -3.123016942065446,
      "furthest": -3.5721480243009838
    },
    "1": {
      "closest": 2.6122205031340875,
      "centroid": 3.1572092899419046,
      "furthest": 4.131442810961852
    }
  },
  "20": {
    "0": {
      "closest": -2.8568329235865986,
      "centroid": -3.348098208157508,
      "furthest": -3.8237234235049646
    },
    "1": {
      "closest": 2.748332657296875,
      "centroid": 3.399857868422672,
      "furthest": 4.592587547081186
    }
  },
  "21": {
    "0": {
      "closest": -3.199947034300916,
      "centroid": -3.6831781395774006,
      "furthest": -4.150713848740137
    },
    "1": {
      "closest": 2.9783946331009408,
      "centroid": 3.7170907155750528,
      "furthest": 5.112408233856551
    }
  },
  "22": {
    "0": {
      "closest": -3.4582438000100826,
      "centroid": -3.935690946706394,
      "furthest": -4.469910454265857
    },
    "1": {
      "closest": 3.1954883076868503,
      "centroid": 3.9779976144821347,
      "furthest": 5.406581814491271
    }
  },
  "23": {
    "0": {
      "closest": -3.6879189541604127,
      "centroid": -4.20425848579931,
      "furthest": -4.792415408981279
    },
    "1": {
      "closest": 3.3785261522233756,
      "centroid": 4.224179933082903,
      "furthest": 5.720106101990735
    }
  },
  "24": {
    "0": {
      "closest": -3.875841496331467,
      "centroid": -4.417991235532466,
      "furthest": -5.045951298459043
    },
    "1": {
      "closest": 3.562707497533216,
      "centroid": 4.4412715594697225,
      "furthest": 6.008535342023882
    }
  },
  "25": {
    "0": {
      "closest": -4.068061691375696,
      "centroid": -4.696092713830683,
      "furthest": -5.434452373723111
    },
    "1": {
      "closest": 3.9084157323086135,
      "centroid": 4.756538661136257,
      "furthest": 6.212359799857003
    }
  },
  "26": {
    "0": {
      "closest": -4.347855280185931,
      "centroid": -5.036268611206326,
      "furthest": -5.867210630761651
    },
    "1": {
      "closest": 4.250193783066351,
      "centroid": 5.101349978177803,
      "furthest": 6.612742343407042
    }
  },
  "27": {
    "0": {
      "closest": -4.557976811962269,
      "centroid": -5.3465961511320055,
      "furthest": -6.255132627616199
    },
    "1": {
      "closest": 4.515388548822994,
      "centroid": 5.409436848050252,
      "furthest": 6.955412780097578
    }
  },
  "28": {
    "0": {
      "closest": -4.943249926242055,
      "centroid": -5.879978111523217,
      "furthest": -6.944313315215188
    },
    "1": {
      "closest": 4.995598388269006,
      "centroid": 5.927924245288187,
      "furthest": 7.454190900582714
    }
  },
  "29": {
    "0": {
      "closest": -5.320114069407503,