{
  "0": {
    "0": {
      "closest": -0.0002823863430701512,
      "centroid": -0.044515921070265634,
      "furthest": -0.1337672439768343
    },
    "1": {
      "closest": -0.0005164018397880166,
      "centroid": 0.038057684060440834,
      "furthest": -0.12344428902052272
    }
  },
  "1": {
    "0": {
      "closest": 0.000572699655558985,
      "centroid": -0.06930482824550627,
      "furthest": -0.18183487014944638
    },
    "1": {
      "closest": -0.0015404441153633978,
      "centroid": 0.06575403278887712,
      "furthest": -0.17904276826444512
    }
  },
  "2": {
    "0": {
      "closest": -0.0093532403527446,
      "centroid": -0.09622181270336733,
      "furthest": -0.20195887927792036
    },
    "1": {
      "closest": 0.0029813836117391765,
      "centroid": 0.09553074250821876,
      "furthest": 0.1972137144448574
    }
  },
  "3": {
    "0": {
      "closest": 0.0018840970946536872,
      "centroid": -0.18637221436767398,
      "furthest": -0.39486991695089735
    },
    "1": {
      "closest": 0.006082272036190902,
      "centroid": 0.1875870419328377,
      "furthest": 0.3982626701217962
    }
  },
  "4": {
    "0": {
      "closest": -0.003974743967681708,
      "centroid": -0.26114204715372125,
      "furthest": -0.5459736571414358
    },
    "1": {
      "closest": 0.0023022809720151215,
      "centroid": 0.2721787532379685,
      "furthest": 0.5571961950535059
    }
  },
  "5": {
    "0": {
      "closest": -0.05502151616964447,
      "centroid": -0.28698101090685296,
      "furthest": -0.6211372932628331
    },
    "1": {
      "closest": 0.010074137817882368,
      "centroid": 0.3088497810611219,
      "furthest": 0.6584683208624342
    }
  },
  "6": {
    "0": {
      "closest": -0.05762359581250502,
      "centroid": -0.3639133257389153,
      "furthest": -0.7438781816342539
    },
    "1": {
      "closest": -0.012222399276811409,
      "centroid": 0.3964706423449816,
      "furthest": 0.8573663200145958
    }
  },
  "7": {
    "0": {
      "closest": -0.06728927301802717,
      "centroid": -0.44433382786480663,
      "furthest": -0.8416236093635874
    },
    "1": {
      "closest": -0.00811123671345984,
      "centroid": 0.4827408912439535,
      "furthest": 0.9706534345165818
    }
  },
  "8": {
    "0": {
      "closest": 0.01631560884379462,
      "centroid": -0.5137091077721021,
      "furthest": -0.9604121617332235
    },
    "1": {
      "closest": -0.0013814151522300068,
      "centroid": 0.5573485168567847,
      "furthest": 1.0283876037115403
    }
  },
  "9": {
    "0": {
      "closest": 0.006575756423208706,
      "centroid": -0.529536233963042,
      "furthest": -0.911149358045013
    },
    "1": {
      "closest": 0.013431110762014614,
      "centroid": 0.5807062081786679,
      "furthest": 1.0433499572654723
    }
  },
  "10": {
    "0": {
      "closest": -0.022663690165504,
      "centroid": -0.5545313876920477,
      "furthest": -0.936549131175124
    },
    "1": {
      "closest": 0.01312706231920202,
      "centroid": 0.6030252219815219,
      "furthest": 1.0461443311360348
    }
  },
  "11": {
    "0": {
      "closest": -0.030301083674854068,
      "centroid": -0.5668698264802354,
      "furthest": -0.9706858989520056
    },
    "1": {
      "closest": 0.021237548329812506,
      "centroid": 0.6090760166890362,
      "furthest": 1.0961253618876965
    }
  },
  "12": {
    "0": {
      "closest": -0.008244493690291899,
      "centroid": -0.6151954229862416,
      "furthest": -1.0641024200138731
    },
    "1": {
      "closest": -0.0007991988373630479,
      "centroid": 0.6709803873409532,
      "furthest": 1.2108580244365634
    }
  },
  "13": {
    "0": {
      "closest": -0.028447091128388502,
      "centroid": -0.7260500548473183,
      "furthest": -1.3010871501351673
    },
    "1": {
      "closest": 0.0421144338634916,
      "centroid": 0.7533015460666189,
      "furthest": 1.463186874175944
    }
  },
  "14": {
    "0": {
      "closest": -0.00017901152080417385,
      "centroid": -0.7675590489978862,
      "furthest": -1.503612956387714
    },
    "1": {
      "closest": 0.032547781145641996,
      "centroid": 0.7908933188283045,
      "furthest": 1.5263999018389591
    }
  },
  "15": {
    "0": {
      "closest": -0.0141570610322541,
      "centroid": -0.703231059821083,
      "furthest": -1.3143709588853287
    },
    "1": {
      "closest": 0.0017954620104708718,
      "centroid": 0.7567926270170038,
      "furthest": 1.4363775818665108
    }
  },
  "16": {
    "0": {
      "closest": -0.027954748850215826,
      "centroid": -0.7397595996297978,
      "furthest": -1.4024707585337348
    },
    "1": {
      "closest": -0.0072636884657042225,
      "centroid": 0.7947292225793982,
      "furthest": 1.4768960830801823
    }
  },
  "17": {
    "0": {
      "closest": 0.0029018412501394114,
      "centroid": -0.8148842747713602,
      "furthest": -1.5906766650897812
    },
    "1": {
      "closest": -0.019490801173232108,
      "centroid": 0.8849916131914176,
      "furthest": 1.6872974614648488
    }
  },
  "18": {
    "0": {
      "closest": 0.003597607830860987,
      "centroid": -0.809253029705865,
      "furthest": -1.5813566864138915
    },
    "1": {
      "closest": 0.07430543163569464,
      "centroid": 0.8695851637151222,
      "furthest": 1.7636775975176149
    }
  },
  "19": {
    "0": {
      "closest": -0.009681107467614872,
      "centroid": -1.312654229223934,
      "furthest": -2.6939826565070204
    },
    "1": {
      "closest": 0.012975229110075648,
      "centroid": 1.3150311969348671,
      "furthest": 2.7686133996478026
    }
  },
  "20": {
    "0": {
      "closest": 0.0033061137264148582,
      "centroid": -1.1754508735673912,
      "furthest": -2.245876179812797
    },
    "1": {
      "closest": -0.011199243660033817,
      "centroid": 1.2695798753649947,
      "furthest": 2.5514165470297945
    }
  },
  "21": {
    "0": {
      "closest": -0.04155940118445031,
      "centroid": -1.5431988743602307,
      "furthest": -3.1118031874232344
    },
    "1": {
      "closest": -0.0032081653105170416,
      "centroid": 1.5521031949361668,
      "furthest": 3.3283438177975198
    }
  },
  "22": {
    "0": {
      "closest": -0.07712917395967656,
      "centroid": -1.616377060996087,
      "furthest": -3.3419146771394366
    },
    "1": {
      "closest": -0.033826202675188655,
      "centroid": 1.6308883902173306,
      "furthest": 3.5265068228072503
    }
  },
  "23": {
    "0": {
      "closest": 0.09029084561458689,
      "centroid": -1.1560689465876202,
      "furthest": -2.3225242753428548
    },
    "1": {
      "closest": 0.0980899670348423,
      "centroid": 1.3433816280022939,
      "furthest": 2.7167577445359266
    }
  },
  "24": {
    "0": {
      "closest": -0.26238151132146564,
      "centroid": -1.1746361768833256,
      "furthest": -2.361923982053071
    },
    "1": {
      "closest": 0.028537876951789498,
      "centroid": 1.3529676290261312,
      "furthest": 2.831676753556015
    }
  },
  "25": {
    "0": {
      "closest": -0.0033279695019948208,
      "centroid": -1.5182463732598968,
      "furthest": -2.8402201236686615
    },
    "1": {
      "closest": 0.03513807774148309,
      "centroid": 1.666427061396049,
      "furthest": 3.4732063549715213
    }
  },
  "26": {
    "0": {
      "closest": 0.015699610155053778,
      "centroid": -1.6048229272164263,
      "furthest": -3.0584519307283182
    },
    "1": {
      "closest": 0.03108398671459417,
      "centroid": 1.7878973052878764,
      "furthest": 3.7868992335199687
    }
  },
  "27": {
    "0": {
      "closest": -0.02805047311049519,
      "centroid": -1.6624206141974054,
      "furthest": -3.1848634891704055
    },
    "1": {
      "closest": -0.051051600919164275,
      "centroid": 1.8440018122251036,
      "furthest": 3.8955551744115477
    }
  },
  "28": {
    "0": {
      "closest": 0.004058076068685024,
      "centroid": -1.7787317652600685,