{
  "0": {
    "acc": 0.95625,
    "precision": 0.9596977329974811,
    "recall": 0.9525,
    "f1": 0.9560853199498118,
    "auc": 0.98540625,
    "mse": 0.036981256851976674
  },
  "1": {
    "acc": 0.96125,
    "precision": 0.9578163771712159,
    "recall": 0.965,
    "f1": 0.9613947696139477,
    "auc": 0.9871249999999999,
    "mse": 0.041150888292523884
  },
  "2": {
    "acc": 0.9925,
    "precision": 1.0,
    "recall": 0.985,
    "f1": 0.9924433249370277,
    "auc": 0.99586875,
    "mse": 0.014842805074356851
  },
  "3": {
    "acc": 0.985,
    "precision": 0.98989898989899,
    "recall": 0.98,
    "f1": 0.9849246231155779,
    "auc": 0.99380625,
    "mse": 0.028878457147733964
  },
  "4": {
    "acc": 0.99125,
    "precision": 1.0,
    "recall": 0.9825,
    "f1": 0.9911727616645649,
    "auc": 0.9960625000000001,
    "mse": 0.018592987175908692
  },
  "5": {
    "acc": 0.9975,
    "precision": 1.0,
    "recall": 0.995,
    "f1": 0.9974937343358395,
    "auc": 0.9999,
    "mse": 0.0037063764436031333
  },
  "6": {
    "acc": 0.9975,
    "precision": 1.0,
    "recall": 0.995,
    "f1": 0.9974937343358395,
    "auc": 0.99999375,
    "mse": 0.002619988743958246
  },
  "7": {
    "acc": 0.9975,
    "precision": 1.0,
    "recall": 0.995,
    "f1": 0.9974937343358395,
    "auc": 1.0,
    "mse": 0.0023346436174206345
  },
  "8": {
    "acc": 0.995,
    "precision": 0.9974874371859297,
    "recall": 0.9925,
    "f1": 0.9949874686716792,
    "auc": 0.99995,
    "mse": 0.005397560471122136
  },
  "9": {
    "acc": 0.99625,
    "precision": 0.9974937343358395,
    "recall": 0.995,
    "f1": 0.9962453066332916,
    "auc": 0.99998125,
    "mse": 0.004837144509207854
  },
  "10": {
    "acc": 0.9975,
    "precision": 1.0,
    "recall": 0.995,
    "f1": 0.9974937343358395,
    "auc": 0.9999750000000001,
    "mse": 0.004379635494420767
  },
  "11": {
    "acc": 0.9975,
    "precision": 1.0,
    "recall": 0.995,
    "f1": 0.9974937343358395,
    "auc": 0.99996875,
    "mse": 0.00444704245375036
  },
  "12": {
    "acc": 0.99625,
    "precision": 1.0,
    "recall": 0.9925,
    "f1": 0.9962358845671268,
    "auc": 0.9999687500000001,
    "mse": 0.004403383775738527
  },
  "13": {
    "acc": 0.98875,
    "precision": 0.9949367088607595,
    "recall": 0.9825,
    "f1": 0.9886792452830189,
    "auc": 0.999225,
    "mse": 0.01757081706221773
  },
  "14": {
    "acc": 0.9875,
    "precision": 0.9924242424242424,
    "recall": 0.9825,
    "f1": 0.9874371859296482,
    "auc": 0.9989625000000001,
    "mse": 0.01771729344950833
  },
  "15": {
    "acc": 0.9975,
    "precision": 1.0,
    "recall": 0.995,
    "f1": 0.9974937343358395,
    "auc": 0.999975,
    "mse": 0.004031626124992765
  },
  "16": {
    "acc": 0.9975,
    "precision": 1.0,
    "recall": 0.995,
    "f1": 0.9974937343358395,
    "auc": 1.0,
    "mse": 0.0035115697820943636
  },
  "17": {
    "acc": 0.9975,
    "precision": 0.9975,
    "recall": 0.9975,
    "f1": 0.9975,
    "auc": 0.99999375,
    "mse": 0.003176051120885565
  },
  "18": {
    "acc": 0.99875,
    "precision": 0.9975062344139651,
    "recall": 1.0,
    "f1": 0.9987515605493134,
    "auc": 1.0,
    "mse": 0.0008924333074271944
  },
  "19": {
    "acc": 0.97875,
    "precision": 0.982367758186398,
    "recall": 0.975,
    "f1": 0.9786700125470514,
    "auc": 0.99456875,
    "mse": 0.04406463079485683
  },
  "20": {
    "acc": 0.98625,
    "precision": 0.9899244332493703,
    "recall": 0.9825,
    "f1": 0.986198243412798,
    "auc": 0.9990125000000001,
    "mse": 0.012319211825904262
  },
  "21": {
    "acc": 0.97625,
    "precision": 0.9847328244274809,
    "recall": 0.9675,
    "f1": 0.9760403530895334,
    "auc": 0.9948,
    "mse": 0.037565219123977575
  },
  "22": {
    "acc": 0.97625,
    "precision": 0.9847328244274809,
    "recall": 0.9675,
    "f1": 0.9760403530895334,
    "auc": 0.99486875,
    "mse": 0.03603370202942444
  },
  "23": {
    "acc": 0.9975,
    "precision": 0.9975,
    "recall": 0.9975,
    "f1": 0.9975,
    "auc": 0.9999875,
    "mse": 0.0023984216208182223
  },
  "24": {
    "acc": 1.0,
    "precision": 1.0,
    "recall": 1.0,
    "f1": 1.0,
    "auc": 1.0,
    "mse": 0.0014408889453735552
  },
  "25": {
    "acc": 0.99375,
    "precision": 0.9974811083123426,
    "recall": 0.99,
    "f1": 0.9937264742785445,
    "auc": 0.9996812500000001,
    "mse": 0.00820227041400215
  },
  "26": {
    "acc": 0.9925,
    "precision": 0.9949748743718593,
    "recall": 0.99,
    "f1": 0.9924812030075187,
    "auc": 0.99969375,
    "mse": 0.00792114664981796
  },
  "27": {
    "acc": 0.995,
    "precision": 1.0,
    "recall": 0.99,
    "f1": 0.9949748743718593,
    "auc": 0.9997999999999999,
    "mse": 0.006727226407577149
  },
  "28": {
    "acc": 0.995,
    "precision": 0.9974874371859297,
    "recall": 0.9925,
    "f1": 0.9949874686716792,
    "auc": 0.99994375,
    "mse": 0.005750732510127024
  },
  "29": {
    "acc": 0.98625,
    "precision": 0.9924050632911392,
    "recall": 0.98,
    "f1": 0.9861635220125786,
    "auc": 0.99725,
    "mse": 0.021324839110701363
  },
  "30": {
    "acc": 0.99875,
    "precision": 1.0,
    "recall": 0.9975,
    "f1": 0.9987484355444305,
    "auc": 0.999975,
    "mse": 0.003805124222294407
  },
  "31": {
    "acc": 1.0,
    "precision": 1.0,
    "recall": 1.0,
    "f1": 1.0,
    "auc": 1.0,
    "mse": 0.00022180556494294515
  },
  "aggregation": {
    "acc": 99.5,
    "precision": 1.0,
    "recall": 0.99,
    "f1": 0.9949748743718593,
    "auc": 0.9999625000000001,
    "mse": 0.008142745254149198
  }
}