{
  "0": {
    "0": {
      "closest": -0.0468737930059433,
      "centroid": -0.049466572701931,
      "furthest": -0.0520007461309433
    },
    "1": {
      "closest": 0.0473644882440567,
      "centroid": 0.049545880407094955,
      "furthest": 0.0534680038690567
    }
  },
  "1": {
    "0": {
      "closest": -0.05689529329538345,
      "centroid": -0.06279190629720688,
      "furthest": -0.06739334017038345
    },
    "1": {
      "closest": 0.05907150357961655,
      "centroid": 0.06269332766532898,
      "furthest": 0.06932540982961655
    }
  },
  "2": {
    "0": {
      "closest": -0.08512407541275024,
      "centroid": -0.09125810861587524,
      "furthest": -0.09879595041275024
    },
    "1": {
      "closest": 0.08479779958724976,
      "centroid": 0.09129682183265686,
      "furthest": 0.10042279958724976
    }
  },
  "3": {
    "0": {
      "closest": -0.09449184685945511,
      "centroid": -0.10073208063840866,
      "furthest": -0.10962856560945511
    },
    "1": {
      "closest": 0.09349643439054489,
      "centroid": 0.10073764622211456,
      "furthest": 0.10716830939054489
    }
  },
  "4": {
    "0": {
      "closest": -0.16843809187412262,
      "centroid": -0.18335723876953125,
      "furthest": -0.20323404669761658
    },
    "1": {
      "closest": 0.17003865540027618,
      "centroid": 0.18335166573524475,
      "furthest": 0.20041412115097046
    }
  },
  "5": {
    "0": {
      "closest": -0.15257154405117035,
      "centroid": -0.1709284633398056,
      "furthest": -0.18695563077926636
    },
    "1": {
      "closest": 0.14680536091327667,
      "centroid": 0.17104379832744598,
      "furthest": 0.19686450064182281
    }
  },
  "6": {
    "0": {
      "closest": -0.14251387119293213,
      "centroid": -0.15293866395950317,
      "furthest": -0.17327558994293213
    },
    "1": {
      "closest": 0.13971269130706787,
      "centroid": 0.15293535590171814,
      "furthest": 0.16412675380706787
    }
  },
  "7": {
    "0": {
      "closest": -0.16039976477622986,
      "centroid": -0.17312438786029816,
      "furthest": -0.19653257727622986
    },
    "1": {
      "closest": 0.15600648522377014,
      "centroid": 0.1731744408607483,
      "furthest": 0.18335023522377014
    }
  },
  "8": {
    "0": {
      "closest": -0.16930235922336578,
      "centroid": -0.1815972924232483,
      "furthest": -0.20348204672336578
    },
    "1": {
      "closest": 0.16370545327663422,
      "centroid": 0.18160095810890198,
      "furthest": 0.19495545327663422
    }
  },
  "9": {
    "0": {
      "closest": -0.17673824727535248,
      "centroid": -0.19663815200328827,
      "furthest": -0.22166012227535248
    },
    "1": {
      "closest": 0.16896487772464752,
      "centroid": 0.19668704271316528,
      "furthest": 0.21388675272464752
    }
  },
  "10": {
    "0": {
      "closest": -0.18127626180648804,
      "centroid": -0.20368839800357819,
      "furthest": -0.22717469930648804
    },
    "1": {
      "closest": 0.17419248819351196,
      "centroid": 0.2036968618631363,
      "furthest": 0.22887998819351196
    }
  },
  "11": {
    "0": {
      "closest": -0.2384294867515564,
      "centroid": -0.3117157816886902,
      "furthest": -0.38299471139907837
    },
    "1": {
      "closest": 0.2601107656955719,
      "centroid": 0.31105586886405945,
      "furthest": 0.374001681804657
    }
  },
  "12": {
    "0": {
      "closest": -0.13911134004592896,
      "centroid": -0.29999539256095886,
      "furthest": -0.41084277629852295
    },
    "1": {
      "closest": 0.21312358975410461,
      "centroid": 0.29592040181159973,
      "furthest": 0.43925365805625916
    }
  },
  "13": {
    "0": {
      "closest": -0.05568981170654297,
      "centroid": -0.3171100318431854,
      "furthest": -0.5087823867797852
    },
    "1": {
      "closest": 0.11625123023986816,
      "centroid": 0.3089297413825989,
      "furthest": 0.535542368888855
    }
  },
  "14": {
    "0": {
      "closest": -0.32809948921203613,
      "centroid": -0.6085038781166077,
      "furthest": -0.8317368030548096
    },
    "1": {
      "closest": 0.28385764360427856,
      "centroid": 0.6253191232681274,
      "furthest": 0.9950991868972778
    }
  },
  "15": {
    "0": {
      "closest": -0.43374955654144287,
      "centroid": -0.6835960149765015,
      "furthest": -0.902580738067627
    },
    "1": {
      "closest": 0.2668519616127014,
      "centroid": 0.7463220357894897,
      "furthest": 1.2067344188690186
    }
  },
  "16": {
    "0": {
      "closest": -0.48130783438682556,
      "centroid": -0.847446620464325,
      "furthest": -1.0873348712921143
    },
    "1": {
      "closest": 0.2653319239616394,
      "centroid": 0.9450390338897705,
      "furthest": 1.5577632188796997
    }
  },
  "17": {
    "0": {
      "closest": -0.5289832949638367,
      "centroid": -0.853786826133728,
      "furthest": -1.049102544784546
    },
    "1": {
      "closest": 0.34307923913002014,
      "centroid": 0.9457336664199829,
      "furthest": 1.3815470933914185
    }
  },
  "18": {
    "0": {
      "closest": -0.3879786729812622,
      "centroid": -0.5860459804534912,
      "furthest": -0.714759111404419
    },
    "1": {
      "closest": 0.16590729355812073,
      "centroid": 0.6384122967720032,
      "furthest": 0.994563102722168
    }
  },
  "19": {
    "0": {
      "closest": -0.2546752691268921,
      "centroid": -0.6882942318916321,
      "furthest": -0.9404059648513794
    },
    "1": {
      "closest": 0.014231443405151367,
      "centroid": 0.8040648698806763,
      "furthest": 1.3538588285446167
    }
  },
  "20": {
    "0": {
      "closest": -0.3091939687728882,
      "centroid": -0.7027317881584167,
      "furthest": -0.910680890083313
    },
    "1": {
      "closest": 0.08247971534729004,
      "centroid": 0.8104060292243958,
      "furthest": 1.3285373449325562
    }
  },
  "21": {
    "0": {
      "closest": -1.1807239055633545,
      "centroid": -1.5274970531463623,
      "furthest": -1.7459722757339478
    },
    "1": {
      "closest": 0.6429257392883301,
      "centroid": 1.7139756679534912,
      "furthest": 2.442802906036377
    }
  },
  "22": {
    "0": {
      "closest": -0.5994390249252319,
      "centroid": -1.056620478630066,
      "furthest": -1.3553797006607056
    },
    "1": {
      "closest": 0.17209863662719727,
      "centroid": 1.1851997375488281,
      "furthest": 1.9199036359786987
    }
  },
  "23": {
    "0": {
      "closest": -0.680679440498352,
      "centroid": -0.962466299533844,
      "furthest": -1.1598711013793945
    },
    "1": {
      "closest": 0.24647057056427002,
      "centroid": 1.0969654321670532,
      "furthest": 1.7235984802246094
    }
  },
  "24": {
    "0": {
      "closest": -0.7515246868133545,
      "centroid": -1.0929487943649292,
      "furthest": -1.2850725650787354
    },
    "1": {
      "closest": 0.3040786385536194,
      "centroid": 1.2209510803222656,
      "furthest": 1.811603307723999
    }
  },
  "25": {
    "0": {
      "closest": -0.8185062408447266,
      "centroid": -1.03754460811615,
      "furthest": -1.1755653619766235
    },
    "1": {
      "closest": 0.39868050813674927,
      "centroid": 1.151646375656128,
      "furthest": 1.6322743892669678
    }
  },
  "26": {
    "0": {
      "closest": -0.4897223114967346,
      "centroid": -0.706076979637146,
      "furthest": -0.8714283108711243
    },
    "1": {
      "closest": 0.21656328439712524,
      "centroid": 0.6771466135978699,
      "furthest": 1.0209472179412842
    }
  },
  "27": {
    "0": {
      "closest": -0.4599362015724182,
      "centroid": -0.6728711128234863,
      "furthest": -0.8408440947532654
    },
    "1": {
      "closest": 0.1886250376701355,
      "centroid": 0.6515257358551025,
      "furthest": 1.0005192756652832
    }
  },
  "28": {
    "0": {
      "closest": -0.49877381324768066,
      "centroid": -0.7143917679786682,
      "furthest": -0.8959261178970337
    },