{
  "0": {
    "0": {
      "closest": -0.0019420161843299866,
      "centroid": -0.02541380003094673,
      "furthest": -0.06798398494720459
    },
    "1": {
      "closest": 0.0003613783046603203,
      "centroid": 0.02596365660429001,
      "furthest": 0.05766904354095459
    }
  },
  "1": {
    "0": {
      "closest": -0.006190650165081024,
      "centroid": -0.03820762783288956,
      "furthest": -0.0933249443769455
    },
    "1": {
      "closest": 0.001943761482834816,
      "centroid": 0.03938131406903267,
      "furthest": 0.09018831700086594
    }
  },
  "2": {
    "0": {
      "closest": -0.02240307629108429,
      "centroid": -0.07201898097991943,
      "furthest": -0.14941637217998505
    },
    "1": {
      "closest": 0.00807645171880722,
      "centroid": 0.07368914783000946,
      "furthest": 0.149795800447464
    }
  },
  "3": {
    "0": {
      "closest": -0.03778949752449989,
      "centroid": -0.12642715871334076,
      "furthest": -0.2627503275871277
    },
    "1": {
      "closest": 0.022097211331129074,
      "centroid": 0.13217562437057495,
      "furthest": 0.26978421211242676
    }
  },
  "4": {
    "0": {
      "closest": -0.04973749443888664,
      "centroid": -0.17039360105991364,
      "furthest": -0.37793320417404175
    },
    "1": {
      "closest": 0.019800879061222076,
      "centroid": 0.1835845708847046,
      "furthest": 0.3898285925388336
    }
  },
  "5": {
    "0": {
      "closest": -0.028046265244483948,
      "centroid": -0.14284013211727142,
      "furthest": -0.2985614240169525
    },
    "1": {
      "closest": 0.0029923953115940094,
      "centroid": 0.15445683896541595,
      "furthest": 0.35415226221084595
    }
  },
  "6": {
    "0": {
      "closest": -0.09196353703737259,
      "centroid": -0.3024240732192993,
      "furthest": -0.5942498445510864
    },
    "1": {
      "closest": 0.058442987501621246,
      "centroid": 0.32724297046661377,
      "furthest": 0.677611231803894
    }
  },
  "7": {
    "0": {
      "closest": -0.10721763968467712,
      "centroid": -0.36432427167892456,
      "furthest": -0.6649491190910339
    },
    "1": {
      "closest": 0.07030513882637024,
      "centroid": 0.40063273906707764,
      "furthest": 0.7730637788772583
    }
  },
  "8": {
    "0": {
      "closest": -0.11785940825939178,
      "centroid": -0.4066712260246277,
      "furthest": -0.710830807685852
    },
    "1": {
      "closest": 0.08158157765865326,
      "centroid": 0.45636025071144104,
      "furthest": 0.8154757022857666
    }
  },
  "9": {
    "0": {
      "closest": -0.05538447946310043,
      "centroid": -0.279441773891449,
      "furthest": -0.48501822352409363
    },
    "1": {
      "closest": 0.008623309433460236,
      "centroid": 0.32663580775260925,
      "furthest": 0.6150807738304138
    }
  },
  "10": {
    "0": {
      "closest": -0.06464463472366333,
      "centroid": -0.2854476273059845,
      "furthest": -0.5219094753265381
    },
    "1": {
      "closest": 0.00098467618227005,
      "centroid": 0.3371977210044861,
      "furthest": 0.6644654273986816
    }
  },
  "11": {
    "0": {
      "closest": -0.06325450539588928,
      "centroid": -0.2900157570838928,
      "furthest": -0.576410710811615
    },
    "1": {
      "closest": 0.00582662969827652,
      "centroid": 0.3458794355392456,
      "furthest": 0.6921316981315613
    }
  },
  "12": {
    "0": {
      "closest": -0.07239899039268494,
      "centroid": -0.33208170533180237,
      "furthest": -0.6286137104034424
    },
    "1": {
      "closest": -0.0032143108546733856,
      "centroid": 0.3772338628768921,
      "furthest": 0.7492350339889526
    }
  },
  "13": {
    "0": {
      "closest": -0.05362936109304428,
      "centroid": -0.3571825325489044,
      "furthest": -0.7068548202514648
    },
    "1": {
      "closest": 0.012611491605639458,
      "centroid": 0.4086860716342926,
      "furthest": 0.8587737083435059
    }
  },
  "14": {
    "0": {
      "closest": -0.15180157124996185,
      "centroid": -0.5320836305618286,
      "furthest": -1.0951145887374878
    },
    "1": {
      "closest": 0.10625758767127991,
      "centroid": 0.5885835289955139,
      "furthest": 1.1426290273666382
    }
  },
  "15": {
    "0": {
      "closest": -0.16938042640686035,
      "centroid": -0.5703941583633423,
      "furthest": -1.0328513383865356
    },
    "1": {
      "closest": 0.11781889200210571,
      "centroid": 0.6416260600090027,
      "furthest": 1.2689415216445923
    }
  },
  "16": {
    "0": {
      "closest": -0.07722360640764236,
      "centroid": -0.4505895674228668,
      "furthest": -0.885013222694397
    },
    "1": {
      "closest": 0.03568270057439804,
      "centroid": 0.5169448256492615,
      "furthest": 1.071616291999817
    }
  },
  "17": {
    "0": {
      "closest": -0.19592328369617462,
      "centroid": -0.6973557472229004,
      "furthest": -1.348633885383606
    },
    "1": {
      "closest": 0.1554543375968933,
      "centroid": 0.7829965949058533,
      "furthest": 1.5426592826843262
    }
  },
  "18": {
    "0": {
      "closest": -0.1965637058019638,
      "centroid": -0.7401478290557861,
      "furthest": -1.4549649953842163
    },
    "1": {
      "closest": 0.15721692144870758,
      "centroid": 0.8367761373519897,
      "furthest": 1.7207393646240234
    }
  },
  "19": {
    "0": {
      "closest": -0.21820878982543945,
      "centroid": -0.7908650040626526,
      "furthest": -1.5145323276519775
    },
    "1": {
      "closest": 0.17191115021705627,
      "centroid": 0.9002106189727783,
      "furthest": 1.8139026165008545
    }
  },
  "20": {
    "0": {
      "closest": -0.23098991811275482,
      "centroid": -0.8389554619789124,
      "furthest": -1.6002691984176636
    },
    "1": {
      "closest": 0.18861348927021027,
      "centroid": 0.960987389087677,
      "furthest": 1.971659779548645
    }
  },
  "21": {
    "0": {
      "closest": -0.15465377271175385,
      "centroid": -0.7553849816322327,
      "furthest": -1.4947493076324463
    },
    "1": {
      "closest": 0.07138504087924957,
      "centroid": 0.87005615234375,
      "furthest": 1.9186112880706787
    }
  },
  "22": {
    "0": {
      "closest": -0.1685425192117691,
      "centroid": -0.8122037649154663,
      "furthest": -1.59196138381958
    },
    "1": {
      "closest": 0.07709521055221558,
      "centroid": 0.9286894798278809,
      "furthest": 2.0099031925201416
    }
  },
  "23": {
    "0": {
      "closest": -0.2570190131664276,
      "centroid": -1.0411430597305298,
      "furthest": -2.076350212097168
    },
    "1": {
      "closest": 0.18946275115013123,
      "centroid": 1.1794513463974,
      "furthest": 2.395012617111206
    }
  },
  "24": {
    "0": {
      "closest": -0.26696208119392395,
      "centroid": -1.1035617589950562,
      "furthest": -2.2207939624786377
    },
    "1": {
      "closest": 0.1875126212835312,
      "centroid": 1.2410719394683838,
      "furthest": 2.5514371395111084
    }
  },
  "25": {
    "0": {
      "closest": -0.2833870053291321,
      "centroid": -1.2004058361053467,
      "furthest": -2.428398609161377
    },
    "1": {
      "closest": 0.19713182747364044,
      "centroid": 1.353215217590332,
      "furthest": 2.7956125736236572
    }
  },
  "26": {
    "0": {
      "closest": -0.29493433237075806,
      "centroid": -1.289303183555603,
      "furthest": -2.577315092086792
    },
    "1": {
      "closest": 0.1981450617313385,
      "centroid": 1.458144187927246,
      "furthest": 3.039994955062866
    }
  },
  "27": {
    "0": {
      "closest": -0.3047891855239868,
      "centroid": -1.3746490478515625,
      "furthest": -2.7230911254882812
    },
    "1": {
      "closest": 0.2021893709897995,
      "centroid": 1.5650253295898438,
      "furthest": 3.2935924530029297
    }
  },
  "28": {
    "0": {
      "closest": -0.33465415239334106,
      "centroid": -1.51129150390625,
      "furthest": -2.941275119781494
    },