{
  "0": {
    "0": {
      "closest": 0.00022588446352798898,
      "centroid": -0.03183136288424072,
      "furthest": -0.10012724207705961
    },
    "1": {
      "closest": -0.00016828074351015257,
      "centroid": 0.03125715458054871,
      "furthest": 0.10000957890522175
    }
  },
  "1": {
    "0": {
      "closest": 4.6906235774881594e-05,
      "centroid": -0.053671402010616875,
      "furthest": -0.15830541854980196
    },
    "1": {
      "closest": 0.00025113724420969957,
      "centroid": 0.053928157101097274,
      "furthest": 0.16908596085981448
    }
  },
  "2": {
    "0": {
      "closest": -0.00011895064000419075,
      "centroid": -0.07791226155079249,
      "furthest": -0.22001917680670408
    },
    "1": {
      "closest": -0.0003054282683183883,
      "centroid": 0.08199499121513401,
      "furthest": 0.27338505769496957
    }
  },
  "3": {
    "0": {
      "closest": 0.000566865771261426,
      "centroid": -0.15266305252510434,
      "furthest": -0.4190346451431186
    },
    "1": {
      "closest": 0.0008765796728158505,
      "centroid": 0.15682384458166554,
      "furthest": 0.4779529497368973
    }
  },
  "4": {
    "0": {
      "closest": -0.005083080337779241,
      "centroid": -0.11876372256591154,
      "furthest": -0.30391020055074225
    },
    "1": {
      "closest": -0.00027978538193387803,
      "centroid": 0.14178961239360427,
      "furthest": 0.36509053481403014
    }
  },
  "5": {
    "0": {
      "closest": -0.003843017686843843,
      "centroid": -0.16577308558241677,
      "furthest": -0.39869651050987776
    },
    "1": {
      "closest": -0.00034769929305590586,
      "centroid": 0.1768241443520833,
      "furthest": 0.4577693636763717
    }
  },
  "6": {
    "0": {
      "closest": -0.00027637012728749105,
      "centroid": -0.23123958484735457,
      "furthest": -0.5744496365623142
    },
    "1": {
      "closest": 0.004106718793982139,
      "centroid": 0.23653697561023374,
      "furthest": 0.6428440926790959
    }
  },
  "7": {
    "0": {
      "closest": -0.01377398151218609,
      "centroid": -0.22497459359466504,
      "furthest": -0.543568225368031
    },
    "1": {
      "closest": 0.012886192240699645,
      "centroid": 0.2206814090640283,
      "furthest": 0.5389049265815042
    }
  },
  "8": {
    "0": {
      "closest": -0.0005069798887525553,
      "centroid": -0.24086395715868505,
      "furthest": -0.5483981337420037
    },
    "1": {
      "closest": 0.028080284569709457,
      "centroid": 0.23051038420388728,
      "furthest": 0.546672411844815
    }
  },
  "9": {
    "0": {
      "closest": 0.002223665926417595,
      "centroid": -0.2755299699691105,
      "furthest": -0.5809512922374493
    },
    "1": {
      "closest": 0.013951664642992995,
      "centroid": 0.26274801077253346,
      "furthest": 0.5623166708567506
    }
  },
  "10": {
    "0": {
      "closest": -0.0034462618640801607,
      "centroid": -0.33831815840246904,
      "furthest": -0.749069296291333
    },
    "1": {
      "closest": 0.0009141654710955044,
      "centroid": 0.34365104822074344,
      "furthest": 0.7841073604849393
    }
  },
  "11": {
    "0": {
      "closest": -0.01164607995701894,
      "centroid": -0.28105487447292155,
      "furthest": -0.5980854229432941
    },
    "1": {
      "closest": 0.021631939419886878,
      "centroid": 0.2654090186601714,
      "furthest": 0.614026397379168
    }
  },
  "12": {
    "0": {
      "closest": 0.0010214766356918398,
      "centroid": -0.37368231641329436,
      "furthest": -0.8260741024887986
    },
    "1": {
      "closest": -0.005866357492872808,
      "centroid": 0.3609682511549259,
      "furthest": 0.8784871450029452
    }
  },
  "13": {
    "0": {
      "closest": 0.012497493831196894,
      "centroid": -0.32941667535077557,
      "furthest": -0.7357660287949792
    },
    "1": {
      "closest": 0.0077546893368940495,
      "centroid": 0.3136347409558424,
      "furthest": 0.7507813478405881
    }
  },
  "14": {
    "0": {
      "closest": -0.03668641336755535,
      "centroid": -0.3119698553074008,
      "furthest": -0.6728695033579069
    },
    "1": {
      "closest": 0.004437234278017191,
      "centroid": 0.30983587912486427,
      "furthest": 0.7031876040103183
    }
  },
  "15": {
    "0": {
      "closest": 0.003312018761971,
      "centroid": -0.41532291653320563,
      "furthest": -0.9725133748336242
    },
    "1": {
      "closest": 0.005836697922093702,
      "centroid": 0.4088493389639945,
      "furthest": 0.9171420682704063
    }
  },
  "16": {
    "0": {
      "closest": -0.036936309865480396,
      "centroid": -0.377258145499639,
      "furthest": -0.8239365913094638
    },
    "1": {
      "closest": 0.07003163242890391,
      "centroid": 0.36483809097959613,
      "furthest": 0.815535412484842
    }
  },
  "17": {
    "0": {
      "closest": 0.013824162153806531,
      "centroid": -0.46246676179301943,
      "furthest": -1.0942653843482482
    },
    "1": {
      "closest": 0.013091415413619148,
      "centroid": 0.4570347850014988,
      "furthest": 1.1266850232290244
    }
  },
  "18": {
    "0": {
      "closest": 0.012441586737269417,
      "centroid": -0.4757682924831588,
      "furthest": -1.1076862108904573
    },
    "1": {
      "closest": -0.004952560088597069,
      "centroid": 0.47208691014814946,
      "furthest": 1.1461281208264302
    }
  },
  "19": {
    "0": {
      "closest": 0.006608610868924558,
      "centroid": -0.5182764325504993,
      "furthest": -1.1853757263846563
    },
    "1": {
      "closest": -0.0013112461755863392,
      "centroid": 0.5098378526002526,
      "furthest": 1.2648385946985594
    }
  },
  "20": {
    "0": {
      "closest": -0.0025228326808788837,
      "centroid": -0.7001025160659673,
      "furthest": -1.768808582915473
    },
    "1": {
      "closest": 0.008906794139086432,
      "centroid": 0.7054014596510677,
      "furthest": 1.7223689620892697
    }
  },
  "21": {
    "0": {
      "closest": -0.043086164239905356,
      "centroid": -0.5989857995221107,
      "furthest": -1.3752079012619076
    },
    "1": {
      "closest": 0.036367699786063745,
      "centroid": 0.5991923673135526,
      "furthest": 1.4817587208423717
    }
  },
  "22": {
    "0": {
      "closest": -0.023482494040042212,
      "centroid": -0.6477593789714524,
      "furthest": -1.5618723374763444
    },
    "1": {
      "closest": 0.04004112437369828,
      "centroid": 0.6449515960832665,
      "furthest": 1.5960310388610417
    }
  },
  "23": {
    "0": {
      "closest": -0.039457417724966165,
      "centroid": -0.6821361336879488,
      "furthest": -1.6091369017221748
    },
    "1": {
      "closest": 0.09007788953392737,
      "centroid": 0.6835996896193683,
      "furthest": 1.6143859380378742
    }
  },
  "24": {
    "0": {
      "closest": -0.01324774620011826,
      "centroid": -0.7492273110033061,
      "furthest": -1.7254788474975273
    },
    "1": {
      "closest": 0.06647589067656401,
      "centroid": 0.7459611136517603,
      "furthest": 1.7901481461265154
    }
  },
  "25": {
    "0": {
      "closest": -0.07715333782228118,
      "centroid": -0.758638923249031,
      "furthest": -1.764682979868529
    },
    "1": {
      "closest": 0.14509806330805763,
      "centroid": 0.7460960148025956,
      "furthest": 1.732565805421324
    }
  },
  "26": {
    "0": {
      "closest": -0.0781361834258626,
      "centroid": -0.862640037608963,
      "furthest": -2.0186275477809863
    },
    "1": {
      "closest": 0.09789604333493607,
      "centroid": 0.8171843627181927,
      "furthest": 2.210290814122876
    }
  },
  "27": {
    "0": {
      "closest": 0.00848579346149686,
      "centroid": -0.9297524715583045,
      "furthest": -2.2510718277018764
    },
    "1": {
      "closest": 0.02280384093689214,
      "centroid": 0.889885981013065,
      "furthest": 2.3191159625324724
    }
  },
  "28": {
    "0": {
      "closest": -0.15553755812169967,
      "centroid": -0.9184199176386295,