{
  "0": {
    "acc": 0.955,
    "precision": 0.9619289340101523,
    "recall": 0.9475,
    "f1": 0.9546599496221663,
    "auc": 0.99023125,
    "mse": 0.03578081192748983
  },
  "1": {
    "acc": 0.9275,
    "precision": 0.9407216494845361,
    "recall": 0.9125,
    "f1": 0.9263959390862944,
    "auc": 0.98086875,
    "mse": 0.06450980627365763
  },
  "2": {
    "acc": 0.95125,
    "precision": 0.9569620253164557,
    "recall": 0.945,
    "f1": 0.9509433962264151,
    "auc": 0.9911500000000001,
    "mse": 0.041697599441576375
  },
  "3": {
    "acc": 0.9225,
    "precision": 0.9355670103092784,
    "recall": 0.9075,
    "f1": 0.9213197969543148,
    "auc": 0.97481875,
    "mse": 0.07105435593457061
  },
  "4": {
    "acc": 0.99625,
    "precision": 0.9974937343358395,
    "recall": 0.995,
    "f1": 0.9962453066332916,
    "auc": 0.99995,
    "mse": 0.0032126801892433977
  },
  "5": {
    "acc": 0.99375,
    "precision": 0.9974811083123426,
    "recall": 0.99,
    "f1": 0.9937264742785445,
    "auc": 0.99970625,
    "mse": 0.010502587726704949
  },
  "6": {
    "acc": 0.9875,
    "precision": 0.9875,
    "recall": 0.9875,
    "f1": 0.9875,
    "auc": 0.9985624999999999,
    "mse": 0.01490594884241533
  },
  "7": {
    "acc": 1.0,
    "precision": 1.0,
    "recall": 1.0,
    "f1": 1.0,
    "auc": 1.0,
    "mse": 0.00044042065156245743
  },
  "8": {
    "acc": 1.0,
    "precision": 1.0,
    "recall": 1.0,
    "f1": 1.0,
    "auc": 1.0,
    "mse": 0.00159137682047366
  },
  "9": {
    "acc": 0.99875,
    "precision": 0.9975062344139651,
    "recall": 1.0,
    "f1": 0.9987515605493134,
    "auc": 1.0,
    "mse": 0.003584649305259924
  },
  "10": {
    "acc": 0.98375,
    "precision": 0.9898734177215189,
    "recall": 0.9775,
    "f1": 0.9836477987421384,
    "auc": 0.9987187500000001,
    "mse": 0.019716074585788494
  },
  "11": {
    "acc": 1.0,
    "precision": 1.0,
    "recall": 1.0,
    "f1": 1.0,
    "auc": 1.0,
    "mse": 0.0002994797373488262
  },
  "12": {
    "acc": 0.98125,
    "precision": 0.9824561403508771,
    "recall": 0.98,
    "f1": 0.981226533166458,
    "auc": 0.9988250000000001,
    "mse": 0.012719646470883425
  },
  "13": {
    "acc": 0.99875,
    "precision": 0.9975062344139651,
    "recall": 1.0,
    "f1": 0.9987515605493134,
    "auc": 0.99999375,
    "mse": 0.0013685846582522506
  },
  "14": {
    "acc": 1.0,
    "precision": 1.0,
    "recall": 1.0,
    "f1": 1.0,
    "auc": 1.0,
    "mse": 0.0022587103517219998
  },
  "15": {
    "acc": 0.9925,
    "precision": 0.9900497512437811,
    "recall": 0.995,
    "f1": 0.9925187032418953,
    "auc": 0.99975625,
    "mse": 0.013463004548518422
  },
  "16": {
    "acc": 1.0,
    "precision": 1.0,
    "recall": 1.0,
    "f1": 1.0,
    "auc": 1.0,
    "mse": 0.0011625916126215877
  },
  "17": {
    "acc": 0.99625,
    "precision": 0.9974937343358395,
    "recall": 0.995,
    "f1": 0.9962453066332916,
    "auc": 0.999975,
    "mse": 0.009538010019998301
  },
  "18": {
    "acc": 0.99625,
    "precision": 0.9974937343358395,
    "recall": 0.995,
    "f1": 0.9962453066332916,
    "auc": 0.9999875,
    "mse": 0.008221490130550459
  },
  "19": {
    "acc": 0.99625,
    "precision": 0.9974937343358395,
    "recall": 0.995,
    "f1": 0.9962453066332916,
    "auc": 0.9999875,
    "mse": 0.00751414955644456
  },
  "20": {
    "acc": 0.96625,
    "precision": 0.9721518987341772,
    "recall": 0.96,
    "f1": 0.9660377358490566,
    "auc": 0.99685625,
    "mse": 0.03265809885283706
  },
  "21": {
    "acc": 1.0,
    "precision": 1.0,
    "recall": 1.0,
    "f1": 1.0,
    "auc": 1.0,
    "mse": 0.004783008789598599
  },
  "22": {
    "acc": 1.0,
    "precision": 1.0,
    "recall": 1.0,
    "f1": 1.0,
    "auc": 1.0,
    "mse": 0.004660628968018949
  },
  "23": {
    "acc": 1.0,
    "precision": 1.0,
    "recall": 1.0,
    "f1": 1.0,
    "auc": 1.0,
    "mse": 0.0036353915816559838
  },
  "24": {
    "acc": 1.0,
    "precision": 1.0,
    "recall": 1.0,
    "f1": 1.0,
    "auc": 1.0,
    "mse": 0.004152379235211335
  },
  "25": {
    "acc": 1.0,
    "precision": 1.0,
    "recall": 1.0,
    "f1": 1.0,
    "auc": 1.0,
    "mse": 0.00240374787843428
  },
  "26": {
    "acc": 1.0,
    "precision": 1.0,
    "recall": 1.0,
    "f1": 1.0,
    "auc": 1.0,
    "mse": 7.129199860989357e-05
  },
  "27": {
    "acc": 0.99875,
    "precision": 0.9975062344139651,
    "recall": 1.0,
    "f1": 0.9987515605493134,
    "auc": 1.0,
    "mse": 0.001014793442017272
  },
  "28": {
    "acc": 1.0,
    "precision": 1.0,
    "recall": 1.0,
    "f1": 1.0,
    "auc": 1.0,
    "mse": 0.0015130297383394633
  },
  "29": {
    "acc": 0.99875,
    "precision": 0.9975062344139651,
    "recall": 1.0,
    "f1": 0.9987515605493134,
    "auc": 0.99998125,
    "mse": 0.0018173268609355197
  },
  "30": {
    "acc": 1.0,
    "precision": 1.0,
    "recall": 1.0,
    "f1": 1.0,
    "auc": 1.0,
    "mse": 3.8111442679360497e-06
  },
  "31": {
    "acc": 1.0,
    "precision": 1.0,
    "recall": 1.0,
    "f1": 1.0,
    "auc": 1.0,
    "mse": 0.0001010817472073473
  },
  "aggregation": {
    "acc": 100.0,
    "precision": 1.0,
    "recall": 1.0,
    "f1": 1.0,
    "auc": 1.0,
    "mse": 0.005673510940037839
  }
}