{
  "0": {
    "0": {
      "closest": 5.01477625221014e-05,
      "centroid": -0.0168520025908947,
      "furthest": -0.053600676357746124
    },
    "1": {
      "closest": 0.0003296639770269394,
      "centroid": 0.015914952382445335,
      "furthest": 0.03927063196897507
    }
  },
  "1": {
    "0": {
      "closest": -0.005142777226865292,
      "centroid": -0.035715483129024506,
      "furthest": -0.10515393316745758
    },
    "1": {
      "closest": 0.0003549419343471527,
      "centroid": 0.033894605934619904,
      "furthest": 0.07351045310497284
    }
  },
  "2": {
    "0": {
      "closest": -0.0021286457777023315,
      "centroid": -0.042038239538669586,
      "furthest": -0.1128733903169632
    },
    "1": {
      "closest": 0.0002547362819314003,
      "centroid": 0.04361085966229439,
      "furthest": 0.10654054582118988
    }
  },
  "3": {
    "0": {
      "closest": -0.033796340227127075,
      "centroid": -0.11808500438928604,
      "furthest": -0.316968709230423
    },
    "1": {
      "closest": 0.023781929165124893,
      "centroid": 0.12072322517633438,
      "furthest": 0.26485908031463623
    }
  },
  "4": {
    "0": {
      "closest": -0.003450646996498108,
      "centroid": -0.10617473721504211,
      "furthest": -0.250981867313385
    },
    "1": {
      "closest": -0.001605689525604248,
      "centroid": 0.11228175461292267,
      "furthest": 0.2516739070415497
    }
  },
  "5": {
    "0": {
      "closest": -0.06507986783981323,
      "centroid": -0.21222873032093048,
      "furthest": -0.4069274067878723
    },
    "1": {
      "closest": 0.0445430763065815,
      "centroid": 0.21736642718315125,
      "furthest": 0.5062702894210815
    }
  },
  "6": {
    "0": {
      "closest": -0.08223025500774384,
      "centroid": -0.26394593715667725,
      "furthest": -0.5283722281455994
    },
    "1": {
      "closest": 0.062061455100774765,
      "centroid": 0.27350470423698425,
      "furthest": 0.5893415212631226
    }
  },
  "7": {
    "0": {
      "closest": -0.09635189175605774,
      "centroid": -0.31441956758499146,
      "furthest": -0.6396710872650146
    },
    "1": {
      "closest": 0.08308462053537369,
      "centroid": 0.32882460951805115,
      "furthest": 0.6873984336853027
    }
  },
  "8": {
    "0": {
      "closest": -0.1024666279554367,
      "centroid": -0.36255255341529846,
      "furthest": -0.733948826789856
    },
    "1": {
      "closest": 0.08916644006967545,
      "centroid": 0.37049293518066406,
      "furthest": 0.7301700115203857
    }
  },
  "9": {
    "0": {
      "closest": -0.11056187748908997,
      "centroid": -0.40682452917099,
      "furthest": -0.8380023241043091
    },
    "1": {
      "closest": 0.09675736725330353,
      "centroid": 0.40902721881866455,
      "furthest": 0.7839357852935791
    }
  },
  "10": {
    "0": {
      "closest": -0.03265771269798279,
      "centroid": -0.26655933260917664,
      "furthest": -0.5487817525863647
    },
    "1": {
      "closest": 0.010581068694591522,
      "centroid": 0.29733139276504517,
      "furthest": 0.5823240876197815
    }
  },
  "11": {
    "0": {
      "closest": -0.0346808061003685,
      "centroid": -0.264651894569397,
      "furthest": -0.5385974049568176
    },
    "1": {
      "closest": 0.01833970844745636,
      "centroid": 0.3030299246311188,
      "furthest": 0.6039703488349915
    }
  },
  "12": {
    "0": {
      "closest": -0.04335758090019226,
      "centroid": -0.2997226417064667,
      "furthest": -0.6132798790931702
    },
    "1": {
      "closest": 0.02289573848247528,
      "centroid": 0.3373688757419586,
      "furthest": 0.6618101596832275
    }
  },
  "13": {
    "0": {
      "closest": -0.04100363329052925,
      "centroid": -0.3083939552307129,
      "furthest": -0.624487042427063
    },
    "1": {
      "closest": 0.023975558578968048,
      "centroid": 0.3619619607925415,
      "furthest": 0.7597797513008118
    }
  },
  "14": {
    "0": {
      "closest": -0.044529885053634644,
      "centroid": -0.3265368938446045,
      "furthest": -0.7170742750167847
    },
    "1": {
      "closest": 0.02401469461619854,
      "centroid": 0.3790876865386963,
      "furthest": 0.8042823076248169
    }
  },
  "15": {
    "0": {
      "closest": -0.05773857235908508,
      "centroid": -0.3581196665763855,
      "furthest": -0.7223237752914429
    },
    "1": {
      "closest": 0.0412948876619339,
      "centroid": 0.42789456248283386,
      "furthest": 0.9375813603401184
    }
  },
  "16": {
    "0": {
      "closest": -0.05879223346710205,
      "centroid": -0.40570390224456787,
      "furthest": -0.8377249240875244
    },
    "1": {
      "closest": 0.05379427224397659,
      "centroid": 0.4776420593261719,
      "furthest": 1.0489815473556519
    }
  },
  "17": {
    "0": {
      "closest": -0.07901079952716827,
      "centroid": -0.4846328794956207,
      "furthest": -1.0541644096374512
    },
    "1": {
      "closest": 0.06273525953292847,
      "centroid": 0.5659784078598022,
      "furthest": 1.2817065715789795
    }
  },
  "18": {
    "0": {
      "closest": -0.08193917572498322,
      "centroid": -0.5205596089363098,
      "furthest": -1.143417477607727
    },
    "1": {
      "closest": 0.06906944513320923,
      "centroid": 0.6096876263618469,
      "furthest": 1.4335641860961914
    }
  },
  "19": {
    "0": {
      "closest": -0.11026086658239365,
      "centroid": -0.5650690197944641,
      "furthest": -1.1912119388580322
    },
    "1": {
      "closest": 0.08301781117916107,
      "centroid": 0.6742520332336426,
      "furthest": 1.5572028160095215
    }
  },
  "20": {
    "0": {
      "closest": -0.11670945584774017,
      "centroid": -0.63067626953125,
      "furthest": -1.341817855834961
    },
    "1": {
      "closest": 0.10731059312820435,
      "centroid": 0.754608690738678,
      "furthest": 1.7268633842468262
    }
  },
  "21": {
    "0": {
      "closest": 0.019618432968854904,
      "centroid": -0.5093682408332825,
      "furthest": -1.1464543342590332
    },
    "1": {
      "closest": 0.014725558459758759,
      "centroid": 0.6539800763130188,
      "furthest": 1.6222295761108398
    }
  },
  "22": {
    "0": {
      "closest": -0.02527361735701561,
      "centroid": -0.5366647839546204,
      "furthest": -1.200209617614746
    },
    "1": {
      "closest": 0.0014469027519226074,
      "centroid": 0.6981828808784485,
      "furthest": 1.7505176067352295
    }
  },
  "23": {
    "0": {
      "closest": 0.005371458828449249,
      "centroid": -0.5859407782554626,
      "furthest": -1.268602967262268
    },
    "1": {
      "closest": -0.0016541332006454468,
      "centroid": 0.7687124013900757,
      "furthest": 1.8577749729156494
    }
  },
  "24": {
    "0": {
      "closest": 0.008612953126430511,
      "centroid": -0.5961258411407471,
      "furthest": -1.3017001152038574
    },
    "1": {
      "closest": 0.0077468156814575195,
      "centroid": 0.7839556932449341,
      "furthest": 1.87113356590271
    }
  },
  "25": {
    "0": {
      "closest": -0.006525889039039612,
      "centroid": -0.6943298578262329,
      "furthest": -1.5134482383728027
    },
    "1": {
      "closest": 0.006692469120025635,
      "centroid": 0.9107165336608887,
      "furthest": 2.1454455852508545
    }
  },
  "26": {
    "0": {
      "closest": -0.024147793650627136,
      "centroid": -0.7844183444976807,
      "furthest": -1.6102652549743652
    },
    "1": {
      "closest": 0.0007633864879608154,
      "centroid": 1.0129952430725098,
      "furthest": 2.3601903915405273
    }
  },
  "27": {
    "0": {
      "closest": -0.00756382942199707,
      "centroid": -0.8171225190162659,
      "furthest": -1.673135757446289
    },
    "1": {
      "closest": 0.009925156831741333,
      "centroid": 1.0422879457473755,
      "furthest": 2.428529739379883
    }
  },
  "28": {
    "0": {
      "closest": 0.011754333972930908,
      "centroid": -0.9022807478904724,
      "furthest": -1.9665457010269165
    },