{
  "0": {
    "acc": 0.93125,
    "precision": 0.9259259259259259,
    "recall": 0.9375,
    "f1": 0.9316770186335404,
    "auc": 0.9854625,
    "mse": 0.05397296460890062
  },
  "1": {
    "acc": 1.0,
    "precision": 1.0,
    "recall": 1.0,
    "f1": 1.0,
    "auc": 1.0,
    "mse": 0.002539115263681599
  },
  "2": {
    "acc": 0.98875,
    "precision": 0.9949367088607595,
    "recall": 0.9825,
    "f1": 0.9886792452830189,
    "auc": 0.9986062499999999,
    "mse": 0.018877854900539472
  },
  "3": {
    "acc": 1.0,
    "precision": 1.0,
    "recall": 1.0,
    "f1": 1.0,
    "auc": 1.0,
    "mse": 0.00016347468809591815
  },
  "4": {
    "acc": 0.995,
    "precision": 1.0,
    "recall": 0.99,
    "f1": 0.9949748743718593,
    "auc": 0.9999125,
    "mse": 0.007592833915062705
  },
  "5": {
    "acc": 1.0,
    "precision": 1.0,
    "recall": 1.0,
    "f1": 1.0,
    "auc": 1.0,
    "mse": 0.00023049775075731382
  },
  "6": {
    "acc": 1.0,
    "precision": 1.0,
    "recall": 1.0,
    "f1": 1.0,
    "auc": 1.0,
    "mse": 0.00016781404734844514
  },
  "7": {
    "acc": 1.0,
    "precision": 1.0,
    "recall": 1.0,
    "f1": 1.0,
    "auc": 1.0,
    "mse": 0.00012637360615292025
  },
  "8": {
    "acc": 1.0,
    "precision": 1.0,
    "recall": 1.0,
    "f1": 1.0,
    "auc": 1.0,
    "mse": 0.00012371070411282547
  },
  "9": {
    "acc": 1.0,
    "precision": 1.0,
    "recall": 1.0,
    "f1": 1.0,
    "auc": 1.0,
    "mse": 6.784902704427495e-05
  },
  "10": {
    "acc": 1.0,
    "precision": 1.0,
    "recall": 1.0,
    "f1": 1.0,
    "auc": 1.0,
    "mse": 0.00215537216386472
  },
  "11": {
    "acc": 1.0,
    "precision": 1.0,
    "recall": 1.0,
    "f1": 1.0,
    "auc": 1.0,
    "mse": 0.002043221865768705
  },
  "12": {
    "acc": 1.0,
    "precision": 1.0,
    "recall": 1.0,
    "f1": 1.0,
    "auc": 1.0,
    "mse": 0.0016367155593107014
  },
  "13": {
    "acc": 1.0,
    "precision": 1.0,
    "recall": 1.0,
    "f1": 1.0,
    "auc": 1.0,
    "mse": 0.001801893530267078
  },
  "14": {
    "acc": 1.0,
    "precision": 1.0,
    "recall": 1.0,
    "f1": 1.0,
    "auc": 1.0,
    "mse": 0.0018118118848879717
  },
  "15": {
    "acc": 1.0,
    "precision": 1.0,
    "recall": 1.0,
    "f1": 1.0,
    "auc": 1.0,
    "mse": 0.0015103466680894103
  },
  "16": {
    "acc": 1.0,
    "precision": 1.0,
    "recall": 1.0,
    "f1": 1.0,
    "auc": 1.0,
    "mse": 0.0015447310364879539
  },
  "17": {
    "acc": 1.0,
    "precision": 1.0,
    "recall": 1.0,
    "f1": 1.0,
    "auc": 1.0,
    "mse": 0.0013526125189296193
  },
  "18": {
    "acc": 1.0,
    "precision": 1.0,
    "recall": 1.0,
    "f1": 1.0,
    "auc": 1.0,
    "mse": 0.0013185720524131295
  },
  "19": {
    "acc": 1.0,
    "precision": 1.0,
    "recall": 1.0,
    "f1": 1.0,
    "auc": 1.0,
    "mse": 0.0011258005565108495
  },
  "20": {
    "acc": 1.0,
    "precision": 1.0,
    "recall": 1.0,
    "f1": 1.0,
    "auc": 1.0,
    "mse": 0.0009989545357904168
  },
  "21": {
    "acc": 0.98,
    "precision": 0.9848484848484849,
    "recall": 0.975,
    "f1": 0.9798994974874372,
    "auc": 0.99903125,
    "mse": 0.01610919269129026
  },
  "22": {
    "acc": 0.985,
    "precision": 0.985,
    "recall": 0.985,
    "f1": 0.985,
    "auc": 0.999075,
    "mse": 0.01554569188495529
  },
  "23": {
    "acc": 0.985,
    "precision": 0.985,
    "recall": 0.985,
    "f1": 0.985,
    "auc": 0.9990937500000001,
    "mse": 0.015097358626456883
  },
  "24": {
    "acc": 0.98625,
    "precision": 0.9850374064837906,
    "recall": 0.9875,
    "f1": 0.9862671660424469,
    "auc": 0.99935,
    "mse": 0.013746168643647649
  },
  "25": {
    "acc": 0.99,
    "precision": 0.99,
    "recall": 0.99,
    "f1": 0.99,
    "auc": 0.9994875,
    "mse": 0.012902721855912404
  },
  "26": {
    "acc": 0.99125,
    "precision": 0.9900249376558603,
    "recall": 0.9925,
    "f1": 0.9912609238451935,
    "auc": 0.99963125,
    "mse": 0.012047873831000038
  },
  "27": {
    "acc": 0.99125,
    "precision": 0.9900249376558603,
    "recall": 0.9925,
    "f1": 0.9912609238451935,
    "auc": 0.9997,
    "mse": 0.011264896651787844
  },
  "28": {
    "acc": 0.99125,
    "precision": 0.9900249376558603,
    "recall": 0.9925,
    "f1": 0.9912609238451935,
    "auc": 0.99975,
    "mse": 0.010432554997332706
  },
  "29": {
    "acc": 0.99,
    "precision": 0.9875621890547264,
    "recall": 0.9925,
    "f1": 0.9900249376558603,
    "auc": 0.9998125,
    "mse": 0.00956997675190997
  },
  "30": {
    "acc": 0.9925,
    "precision": 0.9949748743718593,
    "recall": 0.99,
    "f1": 0.9924812030075187,
    "auc": 0.9998812499999999,
    "mse": 0.008167994119558193
  },
  "31": {
    "acc": 1.0,
    "precision": 1.0,
    "recall": 1.0,
    "f1": 1.0,
    "auc": 1.0,
    "mse": 0.001479945029816282
  },
  "aggregation": {
    "acc": 100.0,
    "precision": 1.0,
    "recall": 1.0,
    "f1": 1.0,
    "auc": 1.0,
    "mse": 0.003922830794051636
  }
}