{
  "0": {
    "0": {
      "closest": -0.0009764531656243271,
      "centroid": -0.046553857743099,
      "furthest": -0.14622588207577203
    },
    "1": {
      "closest": 0.0005144423046513982,
      "centroid": 0.04188545187919121,
      "furthest": 0.13601577036766666
    }
  },
  "1": {
    "0": {
      "closest": 5.295398837916812e-05,
      "centroid": -0.07112349674287943,
      "furthest": -0.22519160132587107
    },
    "1": {
      "closest": 0.0004930400820613648,
      "centroid": 0.06599707581179186,
      "furthest": 0.1857004110589438
    }
  },
  "2": {
    "0": {
      "closest": -2.685527746371097e-05,
      "centroid": -0.10556961832113845,
      "furthest": -0.2743848050244147
    },
    "1": {
      "closest": 0.003994630825672694,
      "centroid": 0.08591629694394187,
      "furthest": 0.21639183560003825
    }
  },
  "3": {
    "0": {
      "closest": 0.0011101974611103238,
      "centroid": -0.1860238550946083,
      "furthest": -0.43270753262902384
    },
    "1": {
      "closest": -0.008657375367763407,
      "centroid": 0.16436260943816067,
      "furthest": 0.40104368963532844
    }
  },
  "4": {
    "0": {
      "closest": -0.0023061555592044595,
      "centroid": -0.275922614006729,
      "furthest": -0.6466967019600656
    },
    "1": {
      "closest": -0.0069005469402575875,
      "centroid": 0.2172249044620827,
      "furthest": 0.537175125133097
    }
  },
  "5": {
    "0": {
      "closest": 0.0031438273661588065,
      "centroid": -0.3210222547527335,
      "furthest": -0.717989545436897
    },
    "1": {
      "closest": 0.0008976780943823464,
      "centroid": 0.27266240674485126,
      "furthest": 0.5926434137717937
    }
  },
  "6": {
    "0": {
      "closest": -0.004160189890809886,
      "centroid": -0.38891036738734414,
      "furthest": -0.8361578577556891
    },
    "1": {
      "closest": 0.04124062947266331,
      "centroid": 0.337306102211444,
      "furthest": 0.7116805360246257
    }
  },
  "7": {
    "0": {
      "closest": -0.004044887727516374,
      "centroid": -0.5334123273467263,
      "furthest": -1.1826197819469169
    },
    "1": {
      "closest": -0.0026022910403580637,
      "centroid": 0.44610359699721586,
      "furthest": 0.9461544936584803
    }
  },
  "8": {
    "0": {
      "closest": -0.0005660097750609244,
      "centroid": -0.5469493615232257,
      "furthest": -1.1492849989153897
    },
    "1": {
      "closest": -0.01037429276215851,
      "centroid": 0.5143585391717455,
      "furthest": 0.9776671713072114
    }
  },
  "9": {
    "0": {
      "closest": -0.016762227336011508,
      "centroid": -0.5276860953792134,
      "furthest": -1.1025735082161068
    },
    "1": {
      "closest": -0.028984765628127553,
      "centroid": 0.4837900088276627,
      "furthest": 0.9390481532988344
    }
  },
  "10": {
    "0": {
      "closest": -0.011707306176314693,
      "centroid": -0.5689758218724998,
      "furthest": -1.1584901585031036
    },
    "1": {
      "closest": -0.025870907422674012,
      "centroid": 0.5253243156992837,
      "furthest": 1.0001174414394176
    }
  },
  "11": {
    "0": {
      "closest": -0.02150349857466583,
      "centroid": -0.6341094513747438,
      "furthest": -1.3337258472582474
    },
    "1": {
      "closest": -0.0033373444550080372,
      "centroid": 0.6150166963253162,
      "furthest": 1.147276512428927
    }
  },
  "12": {
    "0": {
      "closest": -0.03192219569918883,
      "centroid": -0.652302957180028,
      "furthest": -1.3341059830801096
    },
    "1": {
      "closest": 0.031844097625228204,
      "centroid": 0.6098918213799582,
      "furthest": 1.0859422851746947
    }
  },
  "13": {
    "0": {
      "closest": 0.0376848472682422,
      "centroid": -0.7193968353105095,
      "furthest": -1.446376526223408
    },
    "1": {
      "closest": -0.0002996203621000171,
      "centroid": 0.6757728718800817,
      "furthest": 1.2369020979746295
    }
  },
  "14": {
    "0": {
      "closest": 0.007398229378905247,
      "centroid": -0.7374548375582225,
      "furthest": -1.4463654445668817
    },
    "1": {
      "closest": 0.005553028604190879,
      "centroid": 0.7081841249723183,
      "furthest": 1.2798429079159372
    }
  },
  "15": {
    "0": {
      "closest": -0.007737326180106308,
      "centroid": -0.8124710617178371,
      "furthest": -1.6380957412140735
    },
    "1": {
      "closest": 0.029345738734876864,
      "centroid": 0.7723917931047387,
      "furthest": 1.4380488359167813
    }
  },
  "16": {
    "0": {
      "closest": -0.010722883916225195,
      "centroid": -0.7627315949088347,
      "furthest": -1.555829750331781
    },
    "1": {
      "closest": 0.059504119922897725,
      "centroid": 0.7052386055146357,
      "furthest": 1.2515601687085542
    }
  },
  "17": {
    "0": {
      "closest": 0.0011593201616112159,
      "centroid": -0.8474406611136571,
      "furthest": -1.7815029896606687
    },
    "1": {
      "closest": 0.06417146136388348,
      "centroid": 0.7791777012074141,
      "furthest": 1.4251034338504343
    }
  },
  "18": {
    "0": {
      "closest": 0.07887831436333272,
      "centroid": -0.9634790426396197,
      "furthest": -2.028134032905586
    },
    "1": {
      "closest": 0.07536115419114058,
      "centroid": 0.8530815784684933,
      "furthest": 1.6163704826587744
    }
  },
  "19": {
    "0": {
      "closest": -0.02330007541197679,
      "centroid": -1.0460020732247752,
      "furthest": -2.1271309876901316
    },
    "1": {
      "closest": -0.015593767022167582,
      "centroid": 1.0256943872589468,
      "furthest": 1.9340980862640775
    }
  },
  "20": {
    "0": {
      "closest": -0.10178313488552845,
      "centroid": -0.9748480118697121,
      "furthest": -2.0362089216633317
    },
    "1": {
      "closest": 0.09567630006163336,
      "centroid": 0.9293434443511654,
      "furthest": 1.7096436929975498
    }
  },
  "21": {
    "0": {
      "closest": 0.05778095562595159,
      "centroid": -1.1942407456227675,
      "furthest": -2.4122298972870366
    },
    "1": {
      "closest": 0.02980737112472237,
      "centroid": 1.1914244030959247,
      "furthest": 2.2748419353003415
    }
  },
  "22": {
    "0": {
      "closest": -0.06267032067476055,
      "centroid": -1.2463490789917782,
      "furthest": -2.6048450228075053
    },
    "1": {
      "closest": 0.08919996236779454,
      "centroid": 1.1934940513545684,
      "furthest": 2.3180384548155635
    }
  },
  "23": {
    "0": {
      "closest": 0.013101349509763882,
      "centroid": -1.3034318066740496,
      "furthest": -2.825435842663997
    },
    "1": {
      "closest": 0.08351734086212143,
      "centroid": 1.2359207179550282,
      "furthest": 2.3818819382260124
    }
  },
  "24": {
    "0": {
      "closest": -0.07261268628963197,
      "centroid": -1.274801602247382,
      "furthest": -2.7651485499807666
    },
    "1": {
      "closest": 0.21603543049830148,
      "centroid": 1.225354357298407,
      "furthest": 2.4263256365199757
    }
  },
  "25": {
    "0": {
      "closest": -0.08682225154674003,
      "centroid": -1.5283202239866278,
      "furthest": -3.275935317125091
    },
    "1": {
      "closest": -0.049531602515591716,
      "centroid": 1.4844649509207284,
      "furthest": 3.0462713443569562
    }
  },
  "26": {
    "0": {
      "closest": -0.023233831187761456,
      "centroid": -1.5959389005719005,
      "furthest": -3.3145012211847398
    },
    "1": {
      "closest": -0.04036671654883214,
      "centroid": 1.6062930675002411,
      "furthest": 3.062887260018665
    }
  },
  "27": {
    "0": {
      "closest": 0.019735903402556265,
      "centroid": -1.693098997004833,
      "furthest": -3.542257994165896
    },
    "1": {
      "closest": 0.0388163506962208,
      "centroid": 1.6883184294304856,
      "furthest": 3.2346963988278814
    }
  },
  "28": {
    "0": {
      "closest": -0.023825294527489937,
      "centroid": -1.8208924788926675,
      "furthest": -3.942074826250514
    },