{
  "0": {
    "acc": 0.90125,
    "precision": 0.8943488943488943,
    "recall": 0.91,
    "f1": 0.9021065675340768,
    "auc": 0.95674375,
    "mse": 0.08018684556566394
  },
  "1": {
    "acc": 0.90625,
    "precision": 0.8823529411764706,
    "recall": 0.9375,
    "f1": 0.9090909090909091,
    "auc": 0.966,
    "mse": 0.21182071313872192
  },
  "2": {
    "acc": 0.97875,
    "precision": 0.9705159705159705,
    "recall": 0.9875,
    "f1": 0.9789343246592317,
    "auc": 0.99745625,
    "mse": 0.025879658168173662
  },
  "3": {
    "acc": 0.96625,
    "precision": 0.9515738498789347,
    "recall": 0.9825,
    "f1": 0.966789667896679,
    "auc": 0.9947312500000001,
    "mse": 0.04232940113842234
  },
  "4": {
    "acc": 0.975,
    "precision": 0.9702970297029703,
    "recall": 0.98,
    "f1": 0.9751243781094527,
    "auc": 0.99704375,
    "mse": 0.021430219286226303
  },
  "5": {
    "acc": 0.98375,
    "precision": 0.9754299754299754,
    "recall": 0.9925,
    "f1": 0.9838909541511772,
    "auc": 0.99923125,
    "mse": 0.01939772554534518
  },
  "6": {
    "acc": 0.98625,
    "precision": 0.980246913580247,
    "recall": 0.9925,
    "f1": 0.986335403726708,
    "auc": 0.99961875,
    "mse": 0.014041426176660907
  },
  "7": {
    "acc": 0.9875,
    "precision": 0.9875,
    "recall": 0.9875,
    "f1": 0.9875,
    "auc": 0.99874375,
    "mse": 0.012165776665641838
  },
  "8": {
    "acc": 0.98625,
    "precision": 0.9850374064837906,
    "recall": 0.9875,
    "f1": 0.9862671660424469,
    "auc": 0.9987999999999999,
    "mse": 0.03173707434493802
  },
  "9": {
    "acc": 0.995,
    "precision": 0.9974874371859297,
    "recall": 0.9925,
    "f1": 0.9949874686716792,
    "auc": 0.9999125,
    "mse": 0.0071896163976275865
  },
  "10": {
    "acc": 0.995,
    "precision": 0.9974874371859297,
    "recall": 0.9925,
    "f1": 0.9949874686716792,
    "auc": 0.99995,
    "mse": 0.006143855594768849
  },
  "11": {
    "acc": 0.9875,
    "precision": 0.9899497487437185,
    "recall": 0.985,
    "f1": 0.9874686716791979,
    "auc": 0.9993000000000001,
    "mse": 0.02453262758784172
  },
  "12": {
    "acc": 0.99875,
    "precision": 0.9975062344139651,
    "recall": 1.0,
    "f1": 0.9987515605493134,
    "auc": 0.99998125,
    "mse": 0.004624696943501741
  },
  "13": {
    "acc": 0.99125,
    "precision": 0.9949622166246851,
    "recall": 0.9875,
    "f1": 0.9912170639899623,
    "auc": 0.99989375,
    "mse": 0.006944440357158312
  },
  "14": {
    "acc": 0.99375,
    "precision": 0.9949874686716792,
    "recall": 0.9925,
    "f1": 0.9937421777221527,
    "auc": 0.9996875,
    "mse": 0.019175788438628185
  },
  "15": {
    "acc": 0.99375,
    "precision": 0.9949874686716792,
    "recall": 0.9925,
    "f1": 0.9937421777221527,
    "auc": 0.99968125,
    "mse": 0.017396247371468467
  },
  "16": {
    "acc": 1.0,
    "precision": 1.0,
    "recall": 1.0,
    "f1": 1.0,
    "auc": 1.0,
    "mse": 0.002989016681917328
  },
  "17": {
    "acc": 0.99875,
    "precision": 0.9975062344139651,
    "recall": 1.0,
    "f1": 0.9987515605493134,
    "auc": 1.0,
    "mse": 0.0026679899669171774
  },
  "18": {
    "acc": 0.99875,
    "precision": 0.9975062344139651,
    "recall": 1.0,
    "f1": 0.9987515605493134,
    "auc": 0.99999375,
    "mse": 0.0014109417459603818
  },
  "19": {
    "acc": 0.99125,
    "precision": 0.9924812030075187,
    "recall": 0.99,
    "f1": 0.9912390488110138,
    "auc": 0.99983125,
    "mse": 0.012778302582787043
  },
  "20": {
    "acc": 1.0,
    "precision": 1.0,
    "recall": 1.0,
    "f1": 1.0,
    "auc": 1.0,
    "mse": 0.0015286723994545142
  },
  "21": {
    "acc": 0.9925,
    "precision": 0.9925,
    "recall": 0.9925,
    "f1": 0.9925,
    "auc": 0.9998875,
    "mse": 0.01019932881740655
  },
  "22": {
    "acc": 0.99875,
    "precision": 0.9975062344139651,
    "recall": 1.0,
    "f1": 0.9987515605493134,
    "auc": 0.9999750000000001,
    "mse": 0.0031248020473971325
  },
  "23": {
    "acc": 0.9975,
    "precision": 0.9950248756218906,
    "recall": 1.0,
    "f1": 0.9975062344139651,
    "auc": 0.99999375,
    "mse": 0.001991602913903285
  },
  "24": {
    "acc": 1.0,
    "precision": 1.0,
    "recall": 1.0,
    "f1": 1.0,
    "auc": 1.0,
    "mse": 0.0011453162662371287
  },
  "25": {
    "acc": 0.9975,
    "precision": 0.9975,
    "recall": 0.9975,
    "f1": 0.9975,
    "auc": 0.99994375,
    "mse": 0.002305956741743617
  },
  "26": {
    "acc": 0.9975,
    "precision": 0.9975,
    "recall": 0.9975,
    "f1": 0.9975,
    "auc": 0.99998125,
    "mse": 0.006097603188441344
  },
  "27": {
    "acc": 0.99875,
    "precision": 0.9975062344139651,
    "recall": 1.0,
    "f1": 0.9987515605493134,
    "auc": 1.0,
    "mse": 0.005504998952611025
  },
  "28": {
    "acc": 1.0,
    "precision": 1.0,
    "recall": 1.0,
    "f1": 1.0,
    "auc": 1.0,
    "mse": 0.00458067932596003
  },
  "29": {
    "acc": 1.0,
    "precision": 1.0,
    "recall": 1.0,
    "f1": 1.0,
    "auc": 1.0,
    "mse": 0.0037361054303684475
  },
  "30": {
    "acc": 0.99875,
    "precision": 0.9975062344139651,
    "recall": 1.0,
    "f1": 0.9987515605493134,
    "auc": 1.0,
    "mse": 0.0033815172413356478
  },
  "31": {
    "acc": 1.0,
    "precision": 1.0,
    "recall": 1.0,
    "f1": 1.0,
    "auc": 1.0,
    "mse": 0.0026855080164007537
  },
  "aggregation": {
    "acc": 99.375,
    "precision": 0.9949874686716792,
    "recall": 0.9925,
    "f1": 0.9937421777221527,
    "auc": 0.9999625,
    "mse": 0.009359344254627852
  }
}