{
  "0": {
    "0": {
      "closest": -0.0045677968300879,
      "centroid": -0.022681772708892822,
      "furthest": -0.05866806209087372
    },
    "1": {
      "closest": 0.005377974361181259,
      "centroid": 0.021035050973296165,
      "furthest": 0.042753733694553375
    }
  },
  "1": {
    "0": {
      "closest": -0.00699671171605587,
      "centroid": -0.036606669425964355,
      "furthest": -0.091965451836586
    },
    "1": {
      "closest": 0.010042265057563782,
      "centroid": 0.03315335512161255,
      "furthest": 0.07115977257490158
    }
  },
  "2": {
    "0": {
      "closest": -0.0045987386256456375,
      "centroid": -0.052871912717819214,
      "furthest": -0.127017080783844
    },
    "1": {
      "closest": 0.01048998162150383,
      "centroid": 0.049700211733579636,
      "furthest": 0.09794105589389801
    }
  },
  "3": {
    "0": {
      "closest": -0.016088921576738358,
      "centroid": -0.093990258872509,
      "furthest": -0.22038383781909943
    },
    "1": {
      "closest": 0.023140057921409607,
      "centroid": 0.08776146173477173,
      "furthest": 0.17615056037902832
    }
  },
  "4": {
    "0": {
      "closest": -0.02667682059109211,
      "centroid": -0.13610896468162537,
      "furthest": -0.2925909161567688
    },
    "1": {
      "closest": 0.03184537589550018,
      "centroid": 0.1243351548910141,
      "furthest": 0.2737886905670166
    }
  },
  "5": {
    "0": {
      "closest": -0.03828512877225876,
      "centroid": -0.17820881307125092,
      "furthest": -0.3856595456600189
    },
    "1": {
      "closest": 0.03842177987098694,
      "centroid": 0.16106539964675903,
      "furthest": 0.34442102909088135
    }
  },
  "6": {
    "0": {
      "closest": -0.002454776782542467,
      "centroid": -0.14156527817249298,
      "furthest": -0.307667076587677
    },
    "1": {
      "closest": 0.0056942179799079895,
      "centroid": 0.1317601352930069,
      "furthest": 0.2922435998916626
    }
  },
  "7": {
    "0": {
      "closest": -0.02063954621553421,
      "centroid": -0.17105264961719513,
      "furthest": -0.35317462682724
    },
    "1": {
      "closest": 0.009734809398651123,
      "centroid": 0.15915356576442719,
      "furthest": 0.33072996139526367
    }
  },
  "8": {
    "0": {
      "closest": -0.025829007849097252,
      "centroid": -0.19322559237480164,
      "furthest": -0.41355013847351074
    },
    "1": {
      "closest": 0.025963418185710907,
      "centroid": 0.1770734041929245,
      "furthest": 0.34391140937805176
    }
  },
  "9": {
    "0": {
      "closest": -0.027902742847800255,
      "centroid": -0.20411694049835205,
      "furthest": -0.44990217685699463
    },
    "1": {
      "closest": 0.02191784977912903,
      "centroid": 0.19185741245746613,
      "furthest": 0.3666263818740845
    }
  },
  "10": {
    "0": {
      "closest": -0.04188566282391548,
      "centroid": -0.2340085208415985,
      "furthest": -0.48081523180007935
    },
    "1": {
      "closest": 0.026795387268066406,
      "centroid": 0.21814875304698944,
      "furthest": 0.3831667900085449
    }
  },
  "11": {
    "0": {
      "closest": -0.04126995429396629,
      "centroid": -0.23560559749603271,
      "furthest": -0.4830608367919922
    },
    "1": {
      "closest": 0.033341385424137115,
      "centroid": 0.2208806574344635,
      "furthest": 0.42406123876571655
    }
  },
  "12": {
    "0": {
      "closest": -0.04572669416666031,
      "centroid": -0.2721819579601288,
      "furthest": -0.5481070876121521
    },
    "1": {
      "closest": 0.033371709287166595,
      "centroid": 0.25754445791244507,
      "furthest": 0.4706340730190277
    }
  },
  "13": {
    "0": {
      "closest": -0.11688932031393051,
      "centroid": -0.4446622431278229,
      "furthest": -0.8600294589996338
    },
    "1": {
      "closest": 0.1288357675075531,
      "centroid": 0.4083908200263977,
      "furthest": 0.7668130397796631
    }
  },
  "14": {
    "0": {
      "closest": -0.12401768565177917,
      "centroid": -0.46786242723464966,
      "furthest": -0.9165050983428955
    },
    "1": {
      "closest": 0.13932394981384277,
      "centroid": 0.4331783056259155,
      "furthest": 0.8173995018005371
    }
  },
  "15": {
    "0": {
      "closest": -0.12929221987724304,
      "centroid": -0.5065727233886719,
      "furthest": -1.0021110773086548
    },
    "1": {
      "closest": 0.1490403115749359,
      "centroid": 0.4725533723831177,
      "furthest": 0.89223313331604
    }
  },
  "16": {
    "0": {
      "closest": -0.1382269710302353,
      "centroid": -0.5382764935493469,
      "furthest": -1.066315770149231
    },
    "1": {
      "closest": 0.163394033908844,
      "centroid": 0.5122956037521362,
      "furthest": 0.9801966547966003
    }
  },
  "17": {
    "0": {
      "closest": -0.1495245099067688,
      "centroid": -0.5986162424087524,
      "furthest": -1.1526105403900146
    },
    "1": {
      "closest": 0.17900192737579346,
      "centroid": 0.5766018033027649,
      "furthest": 1.1149475574493408
    }
  },
  "18": {
    "0": {
      "closest": -0.14920949935913086,
      "centroid": -0.6355851888656616,
      "furthest": -1.266237735748291
    },
    "1": {
      "closest": 0.18330112099647522,
      "centroid": 0.6088343858718872,
      "furthest": 1.2557131052017212
    }
  },
  "19": {
    "0": {
      "closest": -0.1672499179840088,
      "centroid": -0.6874138712882996,
      "furthest": -1.335400104522705
    },
    "1": {
      "closest": 0.20030416548252106,
      "centroid": 0.6535748243331909,
      "furthest": 1.3234126567840576
    }
  },
  "20": {
    "0": {
      "closest": -0.07586100697517395,
      "centroid": -0.5968853831291199,
      "furthest": -1.1651437282562256
    },
    "1": {
      "closest": 0.14174404740333557,
      "centroid": 0.5773661136627197,
      "furthest": 1.1871654987335205
    }
  },
  "21": {
    "0": {
      "closest": -0.19410541653633118,
      "centroid": -0.7894876003265381,
      "furthest": -1.5075162649154663
    },
    "1": {
      "closest": 0.23385116457939148,
      "centroid": 0.7650216817855835,
      "furthest": 1.596083164215088
    }
  },
  "22": {
    "0": {
      "closest": -0.10860076546669006,
      "centroid": -0.7303850650787354,
      "furthest": -1.396723985671997
    },
    "1": {
      "closest": 0.17461460828781128,
      "centroid": 0.7182676792144775,
      "furthest": 1.523751974105835
    }
  },
  "23": {
    "0": {
      "closest": -0.12548893690109253,
      "centroid": -0.7904776930809021,
      "furthest": -1.4868230819702148
    },
    "1": {
      "closest": 0.2042551338672638,
      "centroid": 0.7833236455917358,
      "furthest": 1.6046669483184814
    }
  },
  "24": {
    "0": {
      "closest": -0.14148026704788208,
      "centroid": -0.8566155433654785,
      "furthest": -1.624330997467041
    },
    "1": {
      "closest": 0.20652329921722412,
      "centroid": 0.8435404300689697,
      "furthest": 1.7821859121322632
    }
  },
  "25": {
    "0": {
      "closest": -0.15191245079040527,
      "centroid": -0.9533694386482239,
      "furthest": -1.8146882057189941
    },
    "1": {
      "closest": 0.2189686894416809,
      "centroid": 0.9430897235870361,
      "furthest": 1.9946789741516113
    }
  },
  "26": {
    "0": {
      "closest": -0.17652010917663574,
      "centroid": -1.0451722145080566,
      "furthest": -1.9915502071380615
    },
    "1": {
      "closest": 0.2287050187587738,
      "centroid": 1.0321314334869385,
      "furthest": 2.240671396255493
    }
  },
  "27": {
    "0": {
      "closest": -0.18764925003051758,
      "centroid": -1.151263952255249,
      "furthest": -2.221121311187744
    },
    "1": {
      "closest": 0.265739381313324,
      "centroid": 1.1302790641784668,
      "furthest": 2.4558186531066895
    }
  },
  "28": {
    "0": {
      "closest": -0.2058393955230713,
      "centroid": -1.2566847801208496,
      "furthest": -2.4095802307128906
    },