{
  "0": {
    "0": {
      "closest": 0.00034528263811937736,
      "centroid": -0.060614514071732406,
      "furthest": -0.16582841165878134
    },
    "1": {
      "closest": -0.0016414852771511612,
      "centroid": 0.05680301480135483,
      "furthest": 0.14771382362508806
    }
  },
  "1": {
    "0": {
      "closest": -0.0021072617824093587,
      "centroid": -0.09431963933459597,
      "furthest": -0.24371826945021
    },
    "1": {
      "closest": -0.000932810027673453,
      "centroid": 0.09381094336962442,
      "furthest": 0.20493287514945976
    }
  },
  "2": {
    "0": {
      "closest": -0.0016246023018772534,
      "centroid": -0.1485714559632347,
      "furthest": -0.34900684834782364
    },
    "1": {
      "closest": -7.402190144663659e-05,
      "centroid": 0.14280156672041527,
      "furthest": 0.28181635488850265
    }
  },
  "3": {
    "0": {
      "closest": -0.03428438221339219,
      "centroid": -0.19984846186026672,
      "furthest": -0.4521858256496199
    },
    "1": {
      "closest": 0.007500178742505014,
      "centroid": 0.19118749707322827,
      "furthest": 0.40213597960818925
    }
  },
  "4": {
    "0": {
      "closest": 0.007089551261541795,
      "centroid": -0.33389033246310645,
      "furthest": -0.7433553326657736
    },
    "1": {
      "closest": 0.00826902466445003,
      "centroid": 0.33635511451374717,
      "furthest": 0.6360996326219825
    }
  },
  "5": {
    "0": {
      "closest": 0.0017862138827237362,
      "centroid": -0.36306265336074234,
      "furthest": -0.7688983051699758
    },
    "1": {
      "closest": 0.0008405363940819852,
      "centroid": 0.3707106007423617,
      "furthest": 0.6921898753350849
    }
  },
  "6": {
    "0": {
      "closest": -0.06736817515785067,
      "centroid": -0.4002148237921678,
      "furthest": -0.865083106744921
    },
    "1": {
      "closest": -0.0035756241523489246,
      "centroid": 0.4392998680347949,
      "furthest": 0.8514959792045047
    }
  },
  "7": {
    "0": {
      "closest": -0.07337202724550354,
      "centroid": -0.49996337729860146,
      "furthest": -0.9624290313737449
    },
    "1": {
      "closest": -0.048361115341181996,
      "centroid": 0.5428978705655947,
      "furthest": 0.997160692510855
    }
  },
  "8": {
    "0": {
      "closest": -0.071636789499391,
      "centroid": -0.5366835144194433,
      "furthest": -0.9926510405956765
    },
    "1": {
      "closest": -0.024125317340239143,
      "centroid": 0.5935820552896068,
      "furthest": 1.1172943638667994
    }
  },
  "9": {
    "0": {
      "closest": -0.06776288961830985,
      "centroid": -0.5714896584612797,
      "furthest": -1.0560818627364537
    },
    "1": {
      "closest": -0.040966200417190374,
      "centroid": 0.6716967309031111,
      "furthest": 1.2845189442928993
    }
  },
  "10": {
    "0": {
      "closest": -0.02429836745577947,
      "centroid": -0.5937261896064957,
      "furthest": -1.0883357044475506
    },
    "1": {
      "closest": -0.04142116450571,
      "centroid": 0.7377588583897712,
      "furthest": 1.4002880866635448
    }
  },
  "11": {
    "0": {
      "closest": -0.05061211126280921,
      "centroid": -0.6020389238011289,
      "furthest": -1.1139676472809585
    },
    "1": {
      "closest": 0.037625803903152184,
      "centroid": 0.7088035738774527,
      "furthest": 1.3465336533460253
    }
  },
  "12": {
    "0": {
      "closest": -0.009743624759839344,
      "centroid": -0.6895441778923963,
      "furthest": -1.2338573298216708
    },
    "1": {
      "closest": 0.07293245415251653,
      "centroid": 0.8615829288099414,
      "furthest": 1.6314280514691963
    }
  },
  "13": {
    "0": {
      "closest": 0.0032615535716552235,
      "centroid": -0.8467867973090563,
      "furthest": -1.4098186484556459
    },
    "1": {
      "closest": -0.020944086089819874,
      "centroid": 0.9303028841518328,
      "furthest": 1.8790422668667852
    }
  },
  "14": {
    "0": {
      "closest": 0.0003995597599989881,
      "centroid": -0.8365324806028065,
      "furthest": -1.4086377864223087
    },
    "1": {
      "closest": -0.0003083625124186383,
      "centroid": 0.9357289859845381,
      "furthest": 1.9995732563547315
    }
  },
  "15": {
    "0": {
      "closest": -0.007336614371190334,
      "centroid": -0.9050080979611204,
      "furthest": -1.6610083875209698
    },
    "1": {
      "closest": -0.01635750924467598,
      "centroid": 1.028340824477732,
      "furthest": 2.3307144165464355
    }
  },
  "16": {
    "0": {
      "closest": 0.007243310548067733,
      "centroid": -0.9380823289360491,
      "furthest": -1.743175825941938
    },
    "1": {
      "closest": -0.033513143661386066,
      "centroid": 1.0429264006324532,
      "furthest": 2.337321994312916
    }
  },
  "17": {
    "0": {
      "closest": -0.028327639630275597,
      "centroid": -1.0066723097368186,
      "furthest": -1.867474066736006
    },
    "1": {
      "closest": -0.028149722811651776,
      "centroid": 1.115792032418671,
      "furthest": 2.39664456165422
    }
  },
  "18": {
    "0": {
      "closest": 0.005041344034154072,
      "centroid": -1.0535759053745717,
      "furthest": -2.0130705840798315
    },
    "1": {
      "closest": -0.00992883093019331,
      "centroid": 1.1849440828343645,
      "furthest": 2.551220252046082
    }
  },
  "19": {
    "0": {
      "closest": -0.01041323079699387,
      "centroid": -1.105327726690241,
      "furthest": -2.134620930610013
    },
    "1": {
      "closest": -0.009911373716146588,
      "centroid": 1.233841606244243,
      "furthest": 2.558478855796373
    }
  },
  "20": {
    "0": {
      "closest": 0.013435219240627017,
      "centroid": -1.151475134634936,
      "furthest": -2.259443921403978
    },
    "1": {
      "closest": -0.016453549454822136,
      "centroid": 1.276511814206179,
      "furthest": 2.657275265421084
    }
  },
  "21": {
    "0": {
      "closest": -0.07970685666413341,
      "centroid": -1.2429231962479408,
      "furthest": -2.5575334992623677
    },
    "1": {
      "closest": 0.009721598580085922,
      "centroid": 1.3829883737741178,
      "furthest": 2.878756741501642
    }
  },
  "22": {
    "0": {
      "closest": -0.1153214885841311,
      "centroid": -1.2973442384578633,
      "furthest": -2.738863866233248
    },
    "1": {
      "closest": 0.02117275246486411,
      "centroid": 1.4420671292805674,
      "furthest": 2.9826602172921666
    }
  },
  "23": {
    "0": {
      "closest": -0.12646708688508718,
      "centroid": -1.3601875000455685,
      "furthest": -2.8948870591394953
    },
    "1": {
      "closest": 0.04252298359932988,
      "centroid": 1.5121017066010716,
      "furthest": 3.1004124710496184
    }
  },
  "24": {
    "0": {
      "closest": -0.14259441182075547,
      "centroid": -1.4019974976631184,
      "furthest": -2.995459225909311
    },
    "1": {
      "closest": 0.08015352960750655,
      "centroid": 1.5625714485866835,
      "furthest": 3.2587911222623887
    }
  },
  "25": {
    "0": {
      "closest": -0.07114174363975989,
      "centroid": -1.4759376435713643,
      "furthest": -3.1228676336758454
    },
    "1": {
      "closest": 0.06230399730089642,
      "centroid": 1.736669370644587,
      "furthest": 3.7892111611435415
    }
  },
  "26": {
    "0": {
      "closest": -0.19381762298972038,
      "centroid": -1.5417651722533157,
      "furthest": -3.266657331583733
    },
    "1": {
      "closest": -0.05479432523471156,
      "centroid": 1.7522705906501659,
      "furthest": 3.7223137305233314
    }
  },
  "27": {
    "0": {
      "closest": -0.07791877718478274,
      "centroid": -1.6232511132574705,
      "furthest": -3.482834788431642
    },
    "1": {
      "closest": -0.041257884491644914,
      "centroid": 1.9005195655026583,
      "furthest": 4.099677164069973
    }
  },
  "28": {
    "0": {
      "closest": 0.01504833449219789,
      "centroid": -2.2800319283728556,
      "furthest": -4.837226838910797
    },