{
  "0": {
    "acc": 0.94375,
    "precision": 0.9448621553884712,
    "recall": 0.9425,
    "f1": 0.9436795994993742,
    "auc": 0.98264375,
    "mse": 0.047757778860025815
  },
  "1": {
    "acc": 0.96,
    "precision": 0.9623115577889447,
    "recall": 0.9575,
    "f1": 0.9598997493734336,
    "auc": 0.99325,
    "mse": 0.034875017404348334
  },
  "2": {
    "acc": 0.9675,
    "precision": 0.9698492462311558,
    "recall": 0.965,
    "f1": 0.9674185463659147,
    "auc": 0.99589375,
    "mse": 0.04382755792836627
  },
  "3": {
    "acc": 1.0,
    "precision": 1.0,
    "recall": 1.0,
    "f1": 1.0,
    "auc": 1.0,
    "mse": 0.0012879349077379806
  },
  "4": {
    "acc": 0.98,
    "precision": 0.9848484848484849,
    "recall": 0.975,
    "f1": 0.9798994974874372,
    "auc": 0.9985625,
    "mse": 0.018708025273969434
  },
  "5": {
    "acc": 0.99375,
    "precision": 0.9974811083123426,
    "recall": 0.99,
    "f1": 0.9937264742785445,
    "auc": 0.999775,
    "mse": 0.011308138462798894
  },
  "6": {
    "acc": 0.99875,
    "precision": 1.0,
    "recall": 0.9975,
    "f1": 0.9987484355444305,
    "auc": 1.0,
    "mse": 0.0024869485712380734
  },
  "7": {
    "acc": 0.99625,
    "precision": 1.0,
    "recall": 0.9925,
    "f1": 0.9962358845671268,
    "auc": 0.99999375,
    "mse": 0.005690851192262091
  },
  "8": {
    "acc": 0.99625,
    "precision": 1.0,
    "recall": 0.9925,
    "f1": 0.9962358845671268,
    "auc": 0.99999375,
    "mse": 0.004880992564357112
  },
  "9": {
    "acc": 0.99625,
    "precision": 1.0,
    "recall": 0.9925,
    "f1": 0.9962358845671268,
    "auc": 0.9999750000000001,
    "mse": 0.004823916893044948
  },
  "10": {
    "acc": 0.99625,
    "precision": 1.0,
    "recall": 0.9925,
    "f1": 0.9962358845671268,
    "auc": 0.99995,
    "mse": 0.004851421380544068
  },
  "11": {
    "acc": 0.9975,
    "precision": 1.0,
    "recall": 0.995,
    "f1": 0.9974937343358395,
    "auc": 0.9999875,
    "mse": 0.004152350064546043
  },
  "12": {
    "acc": 0.995,
    "precision": 0.9974874371859297,
    "recall": 0.9925,
    "f1": 0.9949874686716792,
    "auc": 0.9999,
    "mse": 0.0056301678686083425
  },
  "13": {
    "acc": 0.98375,
    "precision": 0.9898734177215189,
    "recall": 0.9775,
    "f1": 0.9836477987421384,
    "auc": 0.99860625,
    "mse": 0.017454546033547406
  },
  "14": {
    "acc": 0.985,
    "precision": 0.9923857868020305,
    "recall": 0.9775,
    "f1": 0.9848866498740554,
    "auc": 0.9986812500000001,
    "mse": 0.017406468866758312
  },
  "15": {
    "acc": 0.985,
    "precision": 0.9923857868020305,
    "recall": 0.9775,
    "f1": 0.9848866498740554,
    "auc": 0.9985625,
    "mse": 0.016574176788213175
  },
  "16": {
    "acc": 0.9875,
    "precision": 0.9949238578680203,
    "recall": 0.98,
    "f1": 0.9874055415617129,
    "auc": 0.9989625,
    "mse": 0.015098687637426767
  },
  "17": {
    "acc": 0.98875,
    "precision": 0.9949367088607595,
    "recall": 0.9825,
    "f1": 0.9886792452830189,
    "auc": 0.99945,
    "mse": 0.0134899845755868
  },
  "18": {
    "acc": 0.98875,
    "precision": 0.9949367088607595,
    "recall": 0.9825,
    "f1": 0.9886792452830189,
    "auc": 0.9995437500000001,
    "mse": 0.012495113353332764
  },
  "19": {
    "acc": 0.99,
    "precision": 0.9949494949494949,
    "recall": 0.985,
    "f1": 0.9899497487437185,
    "auc": 0.9996625,
    "mse": 0.011822681777713786
  },
  "20": {
    "acc": 0.9925,
    "precision": 0.9974747474747475,
    "recall": 0.9875,
    "f1": 0.992462311557789,
    "auc": 0.9997625,
    "mse": 0.010700103952434264
  },
  "21": {
    "acc": 0.99625,
    "precision": 1.0,
    "recall": 0.9925,
    "f1": 0.9962358845671268,
    "auc": 0.99983125,
    "mse": 0.009492545619462384
  },
  "22": {
    "acc": 0.99625,
    "precision": 1.0,
    "recall": 0.9925,
    "f1": 0.9962358845671268,
    "auc": 0.99985,
    "mse": 0.008774172851510251
  },
  "23": {
    "acc": 0.99625,
    "precision": 1.0,
    "recall": 0.9925,
    "f1": 0.9962358845671268,
    "auc": 0.99989375,
    "mse": 0.007919685367084187
  },
  "24": {
    "acc": 0.99625,
    "precision": 1.0,
    "recall": 0.9925,
    "f1": 0.9962358845671268,
    "auc": 0.9999375,
    "mse": 0.007377818869632784
  },
  "25": {
    "acc": 0.99625,
    "precision": 1.0,
    "recall": 0.9925,
    "f1": 0.9962358845671268,
    "auc": 0.9999375,
    "mse": 0.0073105483896362235
  },
  "26": {
    "acc": 0.99625,
    "precision": 1.0,
    "recall": 0.9925,
    "f1": 0.9962358845671268,
    "auc": 0.99998125,
    "mse": 0.005798992987669465
  },
  "27": {
    "acc": 0.99625,
    "precision": 1.0,
    "recall": 0.9925,
    "f1": 0.9962358845671268,
    "auc": 0.99999375,
    "mse": 0.0059196590724624
  },
  "28": {
    "acc": 0.98125,
    "precision": 0.9848866498740554,
    "recall": 0.9775,
    "f1": 0.9811794228356336,
    "auc": 0.99716875,
    "mse": 0.026304143396181194
  },
  "29": {
    "acc": 0.9825,
    "precision": 0.9873737373737373,
    "recall": 0.9775,
    "f1": 0.9824120603015075,
    "auc": 0.9976499999999999,
    "mse": 0.02357102891042633
  },
  "30": {
    "acc": 0.98375,
    "precision": 0.9898734177215189,
    "recall": 0.9775,
    "f1": 0.9836477987421384,
    "auc": 0.9982562500000001,
    "mse": 0.020116331999822164
  },
  "31": {
    "acc": 0.98625,
    "precision": 0.9949109414758269,
    "recall": 0.9775,
    "f1": 0.9861286254728878,
    "auc": 0.9987125,
    "mse": 0.01710248993807885
  },
  "aggregation": {
    "acc": 99.625,
    "precision": 1.0,
    "recall": 0.9925,
    "f1": 0.9962358845671268,
    "auc": 0.9998125,
    "mse": 0.01087473641700046
  }
}