{
  "0": {
    "0": {
      "closest": -0.052490234375,
      "centroid": -0.05538757145404816,
      "furthest": -0.05810546875
    },
    "1": {
      "closest": 0.042236328125,
      "centroid": 0.04453674331307411,
      "furthest": 0.048095703125
    }
  },
  "1": {
    "0": {
      "closest": -0.0634765625,
      "centroid": -0.06761718541383743,
      "furthest": -0.072265625
    },
    "1": {
      "closest": 0.0546875,
      "centroid": 0.05881103500723839,
      "furthest": 0.0654296875
    }
  },
  "2": {
    "0": {
      "closest": -0.10430833697319031,
      "centroid": -0.11187995970249176,
      "furthest": -0.11847297847270966
    },
    "1": {
      "closest": 0.07174056023359299,
      "centroid": 0.07766802608966827,
      "furthest": 0.09019315987825394
    }
  },
  "3": {
    "0": {
      "closest": -0.11618487536907196,
      "centroid": -0.12313617765903473,
      "furthest": -0.13371992111206055
    },
    "1": {
      "closest": 0.1240469440817833,
      "centroid": 0.13414695858955383,
      "furthest": 0.14166846871376038
    }
  },
  "4": {
    "0": {
      "closest": -0.1162109375,
      "centroid": -0.13273192942142487,
      "furthest": -0.1630859375
    },
    "1": {
      "closest": 0.12158203125,
      "centroid": 0.1364782750606537,
      "furthest": 0.158203125
    }
  },
  "5": {
    "0": {
      "closest": -0.12689009308815002,
      "centroid": -0.14443594217300415,
      "furthest": -0.18682165443897247
    },
    "1": {
      "closest": 0.13287636637687683,
      "centroid": 0.1476147174835205,
      "furthest": 0.17431339621543884
    }
  },
  "6": {
    "0": {
      "closest": -0.18169626593589783,
      "centroid": -0.19282656908035278,
      "furthest": -0.2154596447944641
    },
    "1": {
      "closest": 0.19253681600093842,
      "centroid": 0.2066970020532608,
      "furthest": 0.2169182300567627
    }
  },
  "7": {
    "0": {
      "closest": -0.154181107878685,
      "centroid": -0.16454634070396423,
      "furthest": -0.17760831117630005
    },
    "1": {
      "closest": 0.16432026028633118,
      "centroid": 0.18000389635562897,
      "furthest": 0.19317170977592468
    }
  },
  "8": {
    "0": {
      "closest": -0.1672789603471756,
      "centroid": -0.18003316223621368,
      "furthest": -0.19268396496772766
    },
    "1": {
      "closest": 0.1747337281703949,
      "centroid": 0.1877710223197937,
      "furthest": 0.20032624900341034
    }
  },
  "9": {
    "0": {
      "closest": -0.18359042704105377,
      "centroid": -0.20399433374404907,
      "furthest": -0.22153550386428833
    },
    "1": {
      "closest": 0.16794835031032562,
      "centroid": 0.19200588762760162,
      "furthest": 0.2108018845319748
    }
  },
  "10": {
    "0": {
      "closest": -0.19947798550128937,
      "centroid": -0.2171178013086319,
      "furthest": -0.246562197804451
    },
    "1": {
      "closest": 0.17523393034934998,
      "centroid": 0.1981065422296524,
      "furthest": 0.22335641086101532
    }
  },
  "11": {
    "0": {
      "closest": -0.25100255012512207,
      "centroid": -0.27620792388916016,
      "furthest": -0.3035925030708313
    },
    "1": {
      "closest": 0.2553612291812897,
      "centroid": 0.2782490849494934,
      "furthest": 0.30840224027633667
    }
  },
  "12": {
    "0": {
      "closest": -0.25531139969825745,
      "centroid": -0.2887820601463318,
      "furthest": -0.322751522064209
    },
    "1": {
      "closest": 0.26841628551483154,
      "centroid": 0.28991439938545227,
      "furthest": 0.3142443299293518
    }
  },
  "13": {
    "0": {
      "closest": -0.2070641815662384,
      "centroid": -0.24077194929122925,
      "furthest": -0.28366804122924805
    },
    "1": {
      "closest": 0.18572285771369934,
      "centroid": 0.2185554951429367,
      "furthest": 0.2542441189289093
    }
  },
  "14": {
    "0": {
      "closest": -0.19783231616020203,
      "centroid": -0.2527412474155426,
      "furthest": -0.32057881355285645
    },
    "1": {
      "closest": 0.19247043132781982,
      "centroid": 0.25728631019592285,
      "furthest": 0.32796311378479004
    }
  },
  "15": {
    "0": {
      "closest": -0.2378731667995453,
      "centroid": -0.31740710139274597,
      "furthest": -0.3732653260231018
    },
    "1": {
      "closest": 0.2356525957584381,
      "centroid": 0.3122974634170532,
      "furthest": 0.45316922664642334
    }
  },
  "16": {
    "0": {
      "closest": -0.3050224184989929,
      "centroid": -0.4435857832431793,
      "furthest": -0.5347923040390015
    },
    "1": {
      "closest": 0.3096838593482971,
      "centroid": 0.443807989358902,
      "furthest": 0.6256221532821655
    }
  },
  "17": {
    "0": {
      "closest": -0.274478018283844,
      "centroid": -0.48274925351142883,
      "furthest": -0.5841610431671143
    },
    "1": {
      "closest": 0.034638166427612305,
      "centroid": 0.20260094106197357,
      "furthest": 0.4167711138725281
    }
  },
  "18": {
    "0": {
      "closest": -0.3337739408016205,
      "centroid": -0.4473128616809845,
      "furthest": -0.5202098488807678
    },
    "1": {
      "closest": 0.18538708984851837,
      "centroid": 0.31654223799705505,
      "furthest": 0.5100605487823486
    }
  },
  "19": {
    "0": {
      "closest": -0.21648576855659485,
      "centroid": -0.34867072105407715,
      "furthest": -0.4288126230239868
    },
    "1": {
      "closest": 0.14165817201137543,
      "centroid": 0.2703866958618164,
      "furthest": 0.4220629930496216
    }
  },
  "20": {
    "0": {
      "closest": -0.31954917311668396,
      "centroid": -0.44478026032447815,
      "furthest": -0.5515470504760742
    },
    "1": {
      "closest": 0.09837788343429565,
      "centroid": 0.32666337490081787,
      "furthest": 0.5431081652641296
    }
  },
  "21": {
    "0": {
      "closest": -0.3596542179584503,
      "centroid": -0.5218712091445923,
      "furthest": -0.6155155897140503
    },
    "1": {
      "closest": 0.1510714292526245,
      "centroid": 0.3425881266593933,
      "furthest": 0.6055792570114136
    }
  },
  "22": {
    "0": {
      "closest": -0.38480210304260254,
      "centroid": -0.49421653151512146,
      "furthest": -0.6227439045906067
    },
    "1": {
      "closest": 0.10971802473068237,
      "centroid": 0.3535301983356476,
      "furthest": 0.5678633451461792
    }
  },
  "23": {
    "0": {
      "closest": -0.3519601821899414,
      "centroid": -0.4569530487060547,
      "furthest": -0.5257613658905029
    },
    "1": {
      "closest": 0.22786271572113037,
      "centroid": 0.3552171587944031,
      "furthest": 0.5154290795326233
    }
  },
  "24": {
    "0": {
      "closest": -0.3660787343978882,
      "centroid": -0.4681607782840729,
      "furthest": -0.571689248085022
    },
    "1": {
      "closest": 0.14644712209701538,
      "centroid": 0.37910982966423035,
      "furthest": 0.5785584449768066
    }
  },
  "25": {
    "0": {
      "closest": -0.44674375653266907,
      "centroid": -0.5662972331047058,
      "furthest": -0.6955077648162842
    },
    "1": {
      "closest": 0.2600948214530945,
      "centroid": 0.5241548418998718,
      "furthest": 0.8209750652313232
    }
  },
  "26": {
    "0": {
      "closest": -0.3443427085876465,
      "centroid": -0.5006136298179626,
      "furthest": -0.6276298761367798
    },
    "1": {
      "closest": 0.23643803596496582,
      "centroid": 0.4720807671546936,
      "furthest": 0.8987394571304321
    }
  },
  "27": {
    "0": {
      "closest": -0.3150656223297119,
      "centroid": -0.505323588848114,
      "furthest": -0.6731530427932739
    },
    "1": {
      "closest": 0.2703540325164795,
      "centroid": 0.4835408329963684,
      "furthest": 0.9013184309005737
    }
  },
  "28": {
    "0": {
      "closest": -0.3271314799785614,
      "centroid": -0.5132208466529846,
      "furthest": -0.7004702091217041
    },
    "1": {
      "closest": 0.35703232884407043,
      "centroid": 0.5128653645515442,