{
  "0": {
    "0": {
      "closest": -0.00016605807468295097,
      "centroid": -0.042195554822683334,
      "furthest": -0.1918887197971344
    },
    "1": {
      "closest": 0.00016659917309880257,
      "centroid": 0.042195554822683334,
      "furthest": 0.1270715743303299
    }
  },
  "1": {
    "0": {
      "closest": 0.0002522622235119343,
      "centroid": -0.07347875833511353,
      "furthest": -0.2895074486732483
    },
    "1": {
      "closest": -0.00011198408901691437,
      "centroid": 0.07347876578569412,
      "furthest": 0.2317986637353897
    }
  },
  "2": {
    "0": {
      "closest": 0.0006804000586271286,
      "centroid": -0.1205931231379509,
      "furthest": -0.43844008445739746
    },
    "1": {
      "closest": -0.0003069681115448475,
      "centroid": 0.1205931231379509,
      "furthest": 0.3887176215648651
    }
  },
  "3": {
    "0": {
      "closest": 0.003442800138145685,
      "centroid": -0.20832742750644684,
      "furthest": -0.6819933652877808
    },
    "1": {
      "closest": 0.0030142886098474264,
      "centroid": 0.20832741260528564,
      "furthest": 0.5771380662918091
    }
  },
  "4": {
    "0": {
      "closest": 0.000560590997338295,
      "centroid": -0.2869398295879364,
      "furthest": -0.9924785494804382
    },
    "1": {
      "closest": 0.0004334086552262306,
      "centroid": 0.2869397699832916,
      "furthest": 0.7890841960906982
    }
  },
  "5": {
    "0": {
      "closest": 0.0016605984419584274,
      "centroid": -0.3529180884361267,
      "furthest": -1.163283348083496
    },
    "1": {
      "closest": -0.003945822827517986,
      "centroid": 0.3529180884361267,
      "furthest": 0.9547139406204224
    }
  },
  "6": {
    "0": {
      "closest": 0.0016681551933288574,
      "centroid": -0.44920802116394043,
      "furthest": -1.2546041011810303
    },
    "1": {
      "closest": -0.0009084045886993408,
      "centroid": 0.44920802116394043,
      "furthest": 1.2278047800064087
    }
  },
  "7": {
    "0": {
      "closest": 0.00045611802488565445,
      "centroid": -0.5169846415519714,
      "furthest": -1.4257639646530151
    },
    "1": {
      "closest": -2.0613428205251694e-05,
      "centroid": 0.5169847011566162,
      "furthest": 1.219069004058838
    }
  },
  "8": {
    "0": {
      "closest": 0.0028338460251688957,
      "centroid": -0.5515395402908325,
      "furthest": -1.5383292436599731
    },
    "1": {
      "closest": -0.002557791769504547,
      "centroid": 0.5515395402908325,
      "furthest": 1.1892845630645752
    }
  },
  "9": {
    "0": {
      "closest": -0.003691532649099827,
      "centroid": -0.6078194975852966,
      "furthest": -1.6735471487045288
    },
    "1": {
      "closest": -0.004923693835735321,
      "centroid": 0.6078194975852966,
      "furthest": 1.3516757488250732
    }
  },
  "10": {
    "0": {
      "closest": 0.0032898075878620148,
      "centroid": -0.6571661233901978,
      "furthest": -1.830480694770813
    },
    "1": {
      "closest": 0.0016080886125564575,
      "centroid": 0.6571661233901978,
      "furthest": 1.4470685720443726
    }
  },
  "11": {
    "0": {
      "closest": -0.0008102357387542725,
      "centroid": -0.6532214879989624,
      "furthest": -1.767066478729248
    },
    "1": {
      "closest": 0.0004337318241596222,
      "centroid": 0.6532215476036072,
      "furthest": 1.4682269096374512
    }
  },
  "12": {
    "0": {
      "closest": -0.0013342201709747314,
      "centroid": -0.74576735496521,
      "furthest": -1.9620821475982666
    },
    "1": {
      "closest": 0.003460146486759186,
      "centroid": 0.74576735496521,
      "furthest": 1.5645942687988281
    }
  },
  "13": {
    "0": {
      "closest": -0.0042281374335289,
      "centroid": -0.7906473278999329,
      "furthest": -2.112290859222412
    },
    "1": {
      "closest": 0.00763355940580368,
      "centroid": 0.7906473278999329,
      "furthest": 1.628961443901062
    }
  },
  "14": {
    "0": {
      "closest": -0.0034167105332016945,
      "centroid": -0.8164734244346619,
      "furthest": -2.1829609870910645
    },
    "1": {
      "closest": -0.0021430421620607376,
      "centroid": 0.8164733648300171,
      "furthest": 1.6879866123199463
    }
  },
  "15": {
    "0": {
      "closest": -0.0070209261029958725,
      "centroid": -0.9692414999008179,
      "furthest": -2.666923761367798
    },
    "1": {
      "closest": -0.000990668311715126,
      "centroid": 0.9692414999008179,
      "furthest": 1.9717979431152344
    }
  },
  "16": {
    "0": {
      "closest": -0.004585277289152145,
      "centroid": -1.0190906524658203,
      "furthest": -2.8129897117614746
    },
    "1": {
      "closest": 0.010630015283823013,
      "centroid": 1.0190907716751099,
      "furthest": 2.214785575866699
    }
  },
  "17": {
    "0": {
      "closest": -0.0007780119776725769,
      "centroid": -1.185241460800171,
      "furthest": -3.2566614151000977
    },
    "1": {
      "closest": 0.0013325121253728867,
      "centroid": 1.185241460800171,
      "furthest": 2.6164674758911133
    }
  },
  "18": {
    "0": {
      "closest": -0.0035229064524173737,
      "centroid": -1.264621376991272,
      "furthest": -3.534698486328125
    },
    "1": {
      "closest": -0.0036455653607845306,
      "centroid": 1.2646212577819824,
      "furthest": 2.741851806640625
    }
  },
  "19": {
    "0": {
      "closest": -0.017442375421524048,
      "centroid": -1.3773274421691895,
      "furthest": -3.8905110359191895
    },
    "1": {
      "closest": -0.01601516455411911,
      "centroid": 1.3773274421691895,
      "furthest": 3.0093135833740234
    }
  },
  "20": {
    "0": {
      "closest": 0.0037838108837604523,
      "centroid": -1.4715505838394165,
      "furthest": -4.080194473266602
    },
    "1": {
      "closest": 0.03080894984304905,
      "centroid": 1.4715505838394165,
      "furthest": 3.1671528816223145
    }
  },
  "21": {
    "0": {
      "closest": 0.005308585241436958,
      "centroid": -1.6389456987380981,
      "furthest": -4.6341986656188965
    },
    "1": {
      "closest": 0.006596706807613373,
      "centroid": 1.6389455795288086,
      "furthest": 3.5074334144592285
    }
  },
  "22": {
    "0": {
      "closest": -0.0042663514614105225,
      "centroid": -1.7461603879928589,
      "furthest": -5.167418479919434
    },
    "1": {
      "closest": 0.006176944822072983,
      "centroid": 1.7461603879928589,
      "furthest": 3.7480998039245605
    }
  },
  "23": {
    "0": {
      "closest": -0.008020782843232155,
      "centroid": -1.8840209245681763,
      "furthest": -5.656993865966797
    },
    "1": {
      "closest": 0.0006601382046937943,
      "centroid": 1.8840208053588867,
      "furthest": 4.02785587310791
    }
  },
  "24": {
    "0": {
      "closest": 0.003183908760547638,
      "centroid": -1.9726078510284424,
      "furthest": -6.050992488861084
    },
    "1": {
      "closest": -0.0006518512964248657,
      "centroid": 1.9726080894470215,
      "furthest": 4.22568941116333
    }
  },
  "25": {
    "0": {
      "closest": 0.008496150374412537,
      "centroid": -2.141831159591675,
      "furthest": -6.889326095581055
    },
    "1": {
      "closest": 0.0008184909820556641,
      "centroid": 2.141831159591675,
      "furthest": 4.612142562866211
    }
  },
  "26": {
    "0": {
      "closest": -0.005371101200580597,
      "centroid": -2.2631969451904297,
      "furthest": -7.451623916625977
    },
    "1": {
      "closest": 0.006456941366195679,
      "centroid": 2.263197183609009,
      "furthest": 4.914868354797363
    }
  },
  "27": {
    "0": {
      "closest": 0.0007200539112091064,
      "centroid": -2.3656249046325684,
      "furthest": -7.894536972045898
    },
    "1": {
      "closest": -0.02648960053920746,
      "centroid": 2.3656246662139893,
      "furthest": 5.13958740234375
    }
  },
  "28": {
    "0": {
      "closest": -0.011561915278434753,
      "centroid": -2.5294172763824463,