{
  "0": {
    "0": {
      "closest": 0.0003807133549180511,
      "centroid": -0.04865631003761421,
      "furthest": -0.19123549286055896
    },
    "1": {
      "closest": 0.00020553529581564256,
      "centroid": 0.023085635476120872,
      "furthest": 0.06974982998791548
    }
  },
  "1": {
    "0": {
      "closest": 0.0003923756866995552,
      "centroid": -0.04759493674786567,
      "furthest": -0.14210178830902337
    },
    "1": {
      "closest": 0.0021262419757872124,
      "centroid": 0.03885936444960787,
      "furthest": 0.0875870565381155
    }
  },
  "2": {
    "0": {
      "closest": -0.0008086771066282833,
      "centroid": -0.08441422447735082,
      "furthest": -0.26238423578653913
    },
    "1": {
      "closest": 0.0023874801561658138,
      "centroid": 0.06615757558905486,
      "furthest": 0.1556724554844818
    }
  },
  "3": {
    "0": {
      "closest": 9.682033929560296e-05,
      "centroid": -0.144730864644893,
      "furthest": -0.37593911884475306
    },
    "1": {
      "closest": -0.0011341503024678845,
      "centroid": 0.1125756822332063,
      "furthest": 0.25848035313810724
    }
  },
  "4": {
    "0": {
      "closest": -0.00012783953886446806,
      "centroid": -0.2041851077932285,
      "furthest": -0.5296480777517008
    },
    "1": {
      "closest": -0.00019226945477853266,
      "centroid": 0.15990598804588654,
      "furthest": 0.3545145268870924
    }
  },
  "5": {
    "0": {
      "closest": -0.002618852334172951,
      "centroid": -0.20208570049541716,
      "furthest": -0.5070226340242809
    },
    "1": {
      "closest": 0.014583897466250648,
      "centroid": 0.1661819897142921,
      "furthest": 0.3939525815097492
    }
  },
  "6": {
    "0": {
      "closest": 0.004805598021651609,
      "centroid": -0.23053397898952765,
      "furthest": -0.5629838597881512
    },
    "1": {
      "closest": -0.020960995505317673,
      "centroid": 0.18929028071302512,
      "furthest": 0.4236113573380733
    }
  },
  "7": {
    "0": {
      "closest": -0.0055637517932783515,
      "centroid": -0.3331371322193261,
      "furthest": -0.8015874371815372
    },
    "1": {
      "closest": 0.012567002953003018,
      "centroid": 0.2840540485912819,
      "furthest": 0.6572663993085446
    }
  },
  "8": {
    "0": {
      "closest": -0.016834045737725144,
      "centroid": -0.30011125497876917,
      "furthest": -0.6920647882921522
    },
    "1": {
      "closest": 0.017797574934433756,
      "centroid": 0.24930259393197807,
      "furthest": 0.5509131803838182
    }
  },
  "9": {
    "0": {
      "closest": 0.00041666115742394587,
      "centroid": -0.43069734721689173,
      "furthest": -0.9951083146827626
    },
    "1": {
      "closest": 0.005818725009719316,
      "centroid": 0.3966730925050143,
      "furthest": 0.8581785129323332
    }
  },
  "10": {
    "0": {
      "closest": -0.006040635764006423,
      "centroid": -0.39156214379159693,
      "furthest": -0.8388798792867613
    },
    "1": {
      "closest": 0.02229085274312098,
      "centroid": 0.34505623316566064,
      "furthest": 0.7437399463787356
    }
  },
  "11": {
    "0": {
      "closest": 0.00012555827268710684,
      "centroid": -0.3871102297622305,
      "furthest": -0.8517331350477872
    },
    "1": {
      "closest": 0.028531589462594292,
      "centroid": 0.3391957652944669,
      "furthest": 0.735716233968735
    }
  },
  "12": {
    "0": {
      "closest": -0.005457609900241536,
      "centroid": -0.46225995409551685,
      "furthest": -1.0491947062149865
    },
    "1": {
      "closest": 0.0016626909779524739,
      "centroid": 0.38619921361158516,
      "furthest": 0.8618965973336039
    }
  },
  "13": {
    "0": {
      "closest": -0.025695169817306185,
      "centroid": -0.3802536869308487,
      "furthest": -0.8540207207548349
    },
    "1": {
      "closest": 0.0026204895737920453,
      "centroid": 0.32271782617168127,
      "furthest": 0.7593708844264621
    }
  },
  "14": {
    "0": {
      "closest": -0.03630601279709586,
      "centroid": -0.3735757965644259,
      "furthest": -0.839201836277926
    },
    "1": {
      "closest": 0.02748018320307643,
      "centroid": 0.3086288708498628,
      "furthest": 0.712110500903327
    }
  },
  "15": {
    "0": {
      "closest": 0.016706554170398798,
      "centroid": -0.49065670485939405,
      "furthest": -1.1800283008061088
    },
    "1": {
      "closest": -0.012276236472151036,
      "centroid": 0.4198621346539134,
      "furthest": 0.989426884186118
    }
  },
  "16": {
    "0": {
      "closest": -0.06470043491036098,
      "centroid": -0.44050927978998916,
      "furthest": -1.1358711449988788
    },
    "1": {
      "closest": 0.025822857135690033,
      "centroid": 0.37605074265911326,
      "furthest": 0.8828209331476331
    }
  },
  "17": {
    "0": {
      "closest": -0.02220480860410569,
      "centroid": -0.5013902931056031,
      "furthest": -1.3537723881762358
    },
    "1": {
      "closest": -0.013485809970936721,
      "centroid": 0.4419242065602794,
      "furthest": 1.0694273884062118
    }
  },
  "18": {
    "0": {
      "closest": -0.006419113210673677,
      "centroid": -0.5554318764977484,
      "furthest": -1.4418535720659282
    },
    "1": {
      "closest": 0.01693556208078173,
      "centroid": 0.4942081620469384,
      "furthest": 1.120776884711239
    }
  },
  "19": {
    "0": {
      "closest": -0.00854045184944597,
      "centroid": -0.6011162314185468,
      "furthest": -1.6002594639926535
    },
    "1": {
      "closest": 0.05146577633669225,
      "centroid": 0.5257719749266656,
      "furthest": 1.1625594228619942
    }
  },
  "20": {
    "0": {
      "closest": -0.020115739517732753,
      "centroid": -0.6172916271285679,
      "furthest": -1.6920547355133544
    },
    "1": {
      "closest": 0.0030359846688143427,
      "centroid": 0.5482957162725506,
      "furthest": 1.3354974944478668
    }
  },
  "21": {
    "0": {
      "closest": -0.08028538999245632,
      "centroid": -0.6975991246924954,
      "furthest": -1.740682416051115
    },
    "1": {
      "closest": 0.012643746081646645,
      "centroid": 0.5992400334508525,
      "furthest": 1.3379479727605383
    }
  },
  "22": {
    "0": {
      "closest": -0.07505992232412259,
      "centroid": -0.7542671254075174,
      "furthest": -1.9516775991267223
    },
    "1": {
      "closest": -0.0022308136131562184,
      "centroid": 0.6354570957880561,
      "furthest": 1.3836931656831535
    }
  },
  "23": {
    "0": {
      "closest": -0.004356876450307412,
      "centroid": -1.026797676733922,
      "furthest": -2.8543525317288223
    },
    "1": {
      "closest": 0.03236347016406663,
      "centroid": 0.8809562047450805,
      "furthest": 2.089744605465564
    }
  },
  "24": {
    "0": {
      "closest": -0.0005660981210060603,
      "centroid": -1.045454464038086,
      "furthest": -2.9422175032633335
    },
    "1": {
      "closest": 0.002597551348910529,
      "centroid": 0.9058256725565954,
      "furthest": 2.118891545226299
    }
  },
  "25": {
    "0": {
      "closest": -0.12008797136792734,
      "centroid": -0.9309027165984907,
      "furthest": -2.550957391675026
    },
    "1": {
      "closest": 0.0857395130000242,
      "centroid": 0.7700188627997119,
      "furthest": 1.8547497831044544
    }
  },
  "26": {
    "0": {
      "closest": -0.07838585797423656,
      "centroid": -1.0263845201687667,
      "furthest": -2.8932211511864434
    },
    "1": {
      "closest": 0.007977023783980908,
      "centroid": 0.8732924250828428,
      "furthest": 2.1592814414121673
    }
  },
  "27": {
    "0": {
      "closest": -0.14854571183909848,
      "centroid": -1.0435710504827072,
      "furthest": -2.8649110960156916
    },
    "1": {
      "closest": 0.07950525634765829,
      "centroid": 0.8670180106473282,
      "furthest": 2.0392387307329956
    }
  },
  "28": {
    "0": {
      "closest": -0.0438702479010977,
      "centroid": -1.2916053549294497,