{
  "0": {
    "acc": 0.9,
    "precision": 0.9210526315789473,
    "recall": 0.875,
    "f1": 0.8974358974358975,
    "auc": 0.9628125000000001,
    "mse": 0.2498714176030796
  },
  "1": {
    "acc": 0.99,
    "precision": 0.99,
    "recall": 0.99,
    "f1": 0.99,
    "auc": 0.9981125,
    "mse": 0.017795987785863852
  },
  "2": {
    "acc": 0.98375,
    "precision": 0.9801488833746899,
    "recall": 0.9875,
    "f1": 0.9838107098381071,
    "auc": 0.996625,
    "mse": 0.017403477866882656
  },
  "3": {
    "acc": 0.97625,
    "precision": 0.9750623441396509,
    "recall": 0.9775,
    "f1": 0.9762796504369539,
    "auc": 0.9951500000000001,
    "mse": 0.019276248337427675
  },
  "4": {
    "acc": 0.97625,
    "precision": 0.9774436090225563,
    "recall": 0.975,
    "f1": 0.9762202753441802,
    "auc": 0.9952625,
    "mse": 0.022203387346359474
  },
  "5": {
    "acc": 0.995,
    "precision": 0.995,
    "recall": 0.995,
    "f1": 0.995,
    "auc": 0.999825,
    "mse": 0.009485747852285849
  },
  "6": {
    "acc": 0.9975,
    "precision": 0.9975,
    "recall": 0.9975,
    "f1": 0.9975,
    "auc": 0.99998125,
    "mse": 0.006124871548468369
  },
  "7": {
    "acc": 0.98375,
    "precision": 0.9825436408977556,
    "recall": 0.985,
    "f1": 0.9837702871410736,
    "auc": 0.99729375,
    "mse": 0.023667820673854676
  },
  "8": {
    "acc": 1.0,
    "precision": 1.0,
    "recall": 1.0,
    "f1": 1.0,
    "auc": 1.0,
    "mse": 0.0041132061594002746
  },
  "9": {
    "acc": 0.965,
    "precision": 0.9514563106796117,
    "recall": 0.98,
    "f1": 0.9655172413793104,
    "auc": 0.99271875,
    "mse": 0.055973293223759456
  },
  "10": {
    "acc": 0.98625,
    "precision": 0.9874686716791979,
    "recall": 0.985,
    "f1": 0.986232790988736,
    "auc": 0.99881875,
    "mse": 0.01786388780870315
  },
  "11": {
    "acc": 0.985,
    "precision": 0.985,
    "recall": 0.985,
    "f1": 0.985,
    "auc": 0.99874375,
    "mse": 0.018775869973368383
  },
  "12": {
    "acc": 0.98375,
    "precision": 0.9825436408977556,
    "recall": 0.985,
    "f1": 0.9837702871410736,
    "auc": 0.9976125,
    "mse": 0.020372457872716056
  },
  "13": {
    "acc": 0.99875,
    "precision": 1.0,
    "recall": 0.9975,
    "f1": 0.9987484355444305,
    "auc": 1.0,
    "mse": 0.003916367522681052
  },
  "14": {
    "acc": 1.0,
    "precision": 1.0,
    "recall": 1.0,
    "f1": 1.0,
    "auc": 1.0,
    "mse": 0.0017342182552127665
  },
  "15": {
    "acc": 0.9925,
    "precision": 0.9949748743718593,
    "recall": 0.99,
    "f1": 0.9924812030075187,
    "auc": 0.99944375,
    "mse": 0.012906120878293998
  },
  "16": {
    "acc": 1.0,
    "precision": 1.0,
    "recall": 1.0,
    "f1": 1.0,
    "auc": 1.0,
    "mse": 0.0016663214171188734
  },
  "17": {
    "acc": 0.99875,
    "precision": 1.0,
    "recall": 0.9975,
    "f1": 0.9987484355444305,
    "auc": 1.0,
    "mse": 0.0023867063848791613
  },
  "18": {
    "acc": 0.9975,
    "precision": 1.0,
    "recall": 0.995,
    "f1": 0.9974937343358395,
    "auc": 0.99981875,
    "mse": 0.008532270177346766
  },
  "19": {
    "acc": 0.99625,
    "precision": 0.9974937343358395,
    "recall": 0.995,
    "f1": 0.9962453066332916,
    "auc": 0.99985625,
    "mse": 0.008205626521145058
  },
  "20": {
    "acc": 1.0,
    "precision": 1.0,
    "recall": 1.0,
    "f1": 1.0,
    "auc": 1.0,
    "mse": 0.0023763880339851607
  },
  "21": {
    "acc": 0.99875,
    "precision": 1.0,
    "recall": 0.9975,
    "f1": 0.9987484355444305,
    "auc": 1.0,
    "mse": 0.004896505106832439
  },
  "22": {
    "acc": 0.99875,
    "precision": 1.0,
    "recall": 0.9975,
    "f1": 0.9987484355444305,
    "auc": 1.0,
    "mse": 0.004328149742519726
  },
  "23": {
    "acc": 0.98,
    "precision": 0.98,
    "recall": 0.98,
    "f1": 0.98,
    "auc": 0.9974125,
    "mse": 0.025902947661249554
  },
  "24": {
    "acc": 0.985,
    "precision": 0.985,
    "recall": 0.985,
    "f1": 0.985,
    "auc": 0.99809375,
    "mse": 0.023137028645658395
  },
  "25": {
    "acc": 1.0,
    "precision": 1.0,
    "recall": 1.0,
    "f1": 1.0,
    "auc": 1.0,
    "mse": 0.0028910123893195385
  },
  "26": {
    "acc": 1.0,
    "precision": 1.0,
    "recall": 1.0,
    "f1": 1.0,
    "auc": 1.0,
    "mse": 0.0033846539881246455
  },
  "27": {
    "acc": 1.0,
    "precision": 1.0,
    "recall": 1.0,
    "f1": 1.0,
    "auc": 1.0,
    "mse": 0.0024518575037705908
  },
  "28": {
    "acc": 0.99125,
    "precision": 0.9924812030075187,
    "recall": 0.99,
    "f1": 0.9912390488110138,
    "auc": 0.9993062500000001,
    "mse": 0.015394297842354106
  },
  "29": {
    "acc": 0.9925,
    "precision": 0.9949748743718593,
    "recall": 0.99,
    "f1": 0.9924812030075187,
    "auc": 0.9996875000000001,
    "mse": 0.013216209760022428
  },
  "30": {
    "acc": 0.99375,
    "precision": 0.9974811083123426,
    "recall": 0.99,
    "f1": 0.9937264742785445,
    "auc": 0.99986875,
    "mse": 0.010294824538664331
  },
  "31": {
    "acc": 1.0,
    "precision": 1.0,
    "recall": 1.0,
    "f1": 1.0,
    "auc": 1.0,
    "mse": 0.000682075183696595
  },
  "aggregation": {
    "acc": 99.625,
    "precision": 1.0,
    "recall": 0.9925,
    "f1": 0.9962358845671268,
    "auc": 0.9999375,
    "mse": 0.010024686689188947
  }
}