{
  "0": {
    "0": {
      "closest": -0.05224609375,
      "centroid": -0.05454101413488388,
      "furthest": -0.057373046875
    },
    "1": {
      "closest": 0.04150390625,
      "centroid": 0.043824464082717896,
      "furthest": 0.046630859375
    }
  },
  "1": {
    "0": {
      "closest": -0.06201171875,
      "centroid": -0.06591430306434631,
      "furthest": -0.0693359375
    },
    "1": {
      "closest": 0.053955078125,
      "centroid": 0.057686157524585724,
      "furthest": 0.06298828125
    }
  },
  "2": {
    "0": {
      "closest": -0.10126665979623795,
      "centroid": -0.11030514538288116,
      "furthest": -0.11717420071363449
    },
    "1": {
      "closest": 0.07224462926387787,
      "centroid": 0.07788865268230438,
      "furthest": 0.08862177282571793
    }
  },
  "3": {
    "0": {
      "closest": -0.11479543149471283,
      "centroid": -0.12259779870510101,
      "furthest": -0.1333031952381134
    },
    "1": {
      "closest": 0.12756218016147614,
      "centroid": 0.13480928540229797,
      "furthest": 0.14226678013801575
    }
  },
  "4": {
    "0": {
      "closest": -0.16972258687019348,
      "centroid": -0.18759548664093018,
      "furthest": -0.20873552560806274
    },
    "1": {
      "closest": 0.18465152382850647,
      "centroid": 0.19618144631385803,
      "furthest": 0.21172398328781128
    }
  },
  "5": {
    "0": {
      "closest": -0.20058149099349976,
      "centroid": -0.2259386032819748,
      "furthest": -0.247599259018898
    },
    "1": {
      "closest": 0.22212038934230804,
      "centroid": 0.23298557102680206,
      "furthest": 0.2486930787563324
    }
  },
  "6": {
    "0": {
      "closest": -0.14051491022109985,
      "centroid": -0.1525374799966812,
      "furthest": -0.17453248798847198
    },
    "1": {
      "closest": 0.15073497593402863,
      "centroid": 0.16322582960128784,
      "furthest": 0.17479370534420013
    }
  },
  "7": {
    "0": {
      "closest": -0.15112139284610748,
      "centroid": -0.1654401570558548,
      "furthest": -0.1835659295320511
    },
    "1": {
      "closest": 0.16779395937919617,
      "centroid": 0.1815459281206131,
      "furthest": 0.19716832041740417
    }
  },
  "8": {
    "0": {
      "closest": -0.16773150861263275,
      "centroid": -0.1805364042520523,
      "furthest": -0.19789721071720123
    },
    "1": {
      "closest": 0.1792469620704651,
      "centroid": 0.18879401683807373,
      "furthest": 0.1997547596693039
    }
  },
  "9": {
    "0": {
      "closest": -0.18755626678466797,
      "centroid": -0.20597389340400696,
      "furthest": -0.22397315502166748
    },
    "1": {
      "closest": 0.17501887679100037,
      "centroid": 0.19207020103931427,
      "furthest": 0.20722104609012604
    }
  },
  "10": {
    "0": {
      "closest": -0.19879643619060516,
      "centroid": -0.21930339932441711,
      "furthest": -0.2430378794670105
    },
    "1": {
      "closest": 0.18093518912792206,
      "centroid": 0.19884027540683746,
      "furthest": 0.21481196582317352
    }
  },
  "11": {
    "0": {
      "closest": -0.23195649683475494,
      "centroid": -0.2595222592353821,
      "furthest": -0.29578566551208496
    },
    "1": {
      "closest": 0.23007303476333618,
      "centroid": 0.24807079136371613,
      "furthest": 0.26508960127830505
    }
  },
  "12": {
    "0": {
      "closest": -0.2515670955181122,
      "centroid": -0.2826647460460663,
      "furthest": -0.3175591230392456
    },
    "1": {
      "closest": 0.2510060667991638,
      "centroid": 0.2798389196395874,
      "furthest": 0.31338202953338623
    }
  },
  "13": {
    "0": {
      "closest": -0.1914251446723938,
      "centroid": -0.22845417261123657,
      "furthest": -0.27374860644340515
    },
    "1": {
      "closest": 0.16296300292015076,
      "centroid": 0.20594356954097748,
      "furthest": 0.23653799295425415
    }
  },
  "14": {
    "0": {
      "closest": -0.2231091856956482,
      "centroid": -0.27421438694000244,
      "furthest": -0.3216850757598877
    },
    "1": {
      "closest": 0.2295275181531906,
      "centroid": 0.26947611570358276,
      "furthest": 0.33765512704849243
    }
  },
  "15": {
    "0": {
      "closest": -0.2003069818019867,
      "centroid": -0.30487725138664246,
      "furthest": -0.379052072763443
    },
    "1": {
      "closest": 0.23113209009170532,
      "centroid": 0.2986738085746765,
      "furthest": 0.40201735496520996
    }
  },
  "16": {
    "0": {
      "closest": -0.309187650680542,
      "centroid": -0.40201419591903687,
      "furthest": -0.48766592144966125
    },
    "1": {
      "closest": 0.29479289054870605,
      "centroid": 0.4092819094657898,
      "furthest": 0.5643864274024963
    }
  },
  "17": {
    "0": {
      "closest": -0.36260250210762024,
      "centroid": -0.428964763879776,
      "furthest": -0.49642515182495117
    },
    "1": {
      "closest": 0.152356818318367,
      "centroid": 0.2501579523086548,
      "furthest": 0.3993336856365204
    }
  },
  "18": {
    "0": {
      "closest": -0.30456972122192383,
      "centroid": -0.3780362010002136,
      "furthest": -0.4466931223869324
    },
    "1": {
      "closest": 0.21131114661693573,
      "centroid": 0.3024797737598419,
      "furthest": 0.46281665563583374
    }
  },
  "19": {
    "0": {
      "closest": -0.23425671458244324,
      "centroid": -0.3251389265060425,
      "furthest": -0.37817081809043884
    },
    "1": {
      "closest": 0.2361876219511032,
      "centroid": 0.31242287158966064,
      "furthest": 0.48753324151039124
    }
  },
  "20": {
    "0": {
      "closest": -0.2587592303752899,
      "centroid": -0.34842056035995483,
      "furthest": -0.4032714068889618
    },
    "1": {
      "closest": 0.22184792160987854,
      "centroid": 0.3188360929489136,
      "furthest": 0.5262999534606934
    }
  },
  "21": {
    "0": {
      "closest": -0.23487943410873413,
      "centroid": -0.40112805366516113,
      "furthest": -0.5082754492759705
    },
    "1": {
      "closest": 0.17705732583999634,
      "centroid": 0.33000996708869934,
      "furthest": 0.5646035671234131
    }
  },
  "22": {
    "0": {
      "closest": -0.4167802035808563,
      "centroid": -0.5196591019630432,
      "furthest": -0.6316025257110596
    },
    "1": {
      "closest": 0.2704893946647644,
      "centroid": 0.3951705992221832,
      "furthest": 0.5033894181251526
    }
  },
  "23": {
    "0": {
      "closest": -0.2900325059890747,
      "centroid": -0.38450103998184204,
      "furthest": -0.46468329429626465
    },
    "1": {
      "closest": 0.2508268356323242,
      "centroid": 0.35745730996131897,
      "furthest": 0.5402411222457886
    }
  },
  "24": {
    "0": {
      "closest": -0.40538591146469116,
      "centroid": -0.5018042922019958,
      "furthest": -0.6151015758514404
    },
    "1": {
      "closest": 0.3430098593235016,
      "centroid": 0.4337702989578247,
      "furthest": 0.5285557508468628
    }
  },
  "25": {
    "0": {
      "closest": -0.2781803607940674,
      "centroid": -0.4193737804889679,
      "furthest": -0.577610969543457
    },
    "1": {
      "closest": 0.2970372438430786,
      "centroid": 0.42927849292755127,
      "furthest": 0.7315863370895386
    }
  },
  "26": {
    "0": {
      "closest": -0.31166207790374756,
      "centroid": -0.45324158668518066,
      "furthest": -0.6127288341522217
    },
    "1": {
      "closest": 0.3071342706680298,
      "centroid": 0.4607451558113098,
      "furthest": 0.7825766801834106
    }
  },
  "27": {
    "0": {
      "closest": -0.3138498067855835,
      "centroid": -0.4663015305995941,
      "furthest": -0.6491820812225342
    },
    "1": {
      "closest": 0.3294656276702881,
      "centroid": 0.48000019788742065,
      "furthest": 0.7397459745407104
    }
  },
  "28": {
    "0": {
      "closest": -0.20391212403774261,
      "centroid": -0.42610031366348267,
      "furthest": -0.6062160134315491
    },
    "1": {
      "closest": 0.34615325927734375,