{
  "0": {
    "0": {
      "closest": -0.05322265625,
      "centroid": -0.05507202073931694,
      "furthest": -0.057861328125
    },
    "1": {
      "closest": 0.0419921875,
      "centroid": 0.04385986179113388,
      "furthest": 0.046142578125
    }
  },
  "1": {
    "0": {
      "closest": -0.0625,
      "centroid": -0.06629028171300888,
      "furthest": -0.06982421875
    },
    "1": {
      "closest": 0.0537109375,
      "centroid": 0.05785217136144638,
      "furthest": 0.062255859375
    }
  },
  "2": {
    "0": {
      "closest": -0.10234753787517548,
      "centroid": -0.11086782813072205,
      "furthest": -0.11839154362678528
    },
    "1": {
      "closest": 0.06108476221561432,
      "centroid": 0.07934410870075226,
      "furthest": 0.08827507495880127
    }
  },
  "3": {
    "0": {
      "closest": -0.12010030448436737,
      "centroid": -0.12734957039356232,
      "furthest": -0.13612625002861023
    },
    "1": {
      "closest": 0.1290830820798874,
      "centroid": 0.13639652729034424,
      "furthest": 0.1440429538488388
    }
  },
  "4": {
    "0": {
      "closest": -0.1568799763917923,
      "centroid": -0.17392246425151825,
      "furthest": -0.1926364153623581
    },
    "1": {
      "closest": 0.14231115579605103,
      "centroid": 0.18031924962997437,
      "furthest": 0.19576790928840637
    }
  },
  "5": {
    "0": {
      "closest": -0.22223690152168274,
      "centroid": -0.23625946044921875,
      "furthest": -0.257680743932724
    },
    "1": {
      "closest": 0.20188894867897034,
      "centroid": 0.24086979031562805,
      "furthest": 0.2556888461112976
    }
  },
  "6": {
    "0": {
      "closest": -0.17082354426383972,
      "centroid": -0.18336229026317596,
      "furthest": -0.20018866658210754
    },
    "1": {
      "closest": 0.17764724791049957,
      "centroid": 0.19501838088035583,
      "furthest": 0.20766903460025787
    }
  },
  "7": {
    "0": {
      "closest": -0.15226124227046967,
      "centroid": -0.16456706821918488,
      "furthest": -0.17988598346710205
    },
    "1": {
      "closest": 0.1598779708147049,
      "centroid": 0.18047618865966797,
      "furthest": 0.20068183541297913
    }
  },
  "8": {
    "0": {
      "closest": -0.16805844008922577,
      "centroid": -0.18125495314598083,
      "furthest": -0.19731007516384125
    },
    "1": {
      "closest": 0.17199300229549408,
      "centroid": 0.188568115234375,
      "furthest": 0.20920179784297943
    }
  },
  "9": {
    "0": {
      "closest": -0.18170009553432465,
      "centroid": -0.20603471994400024,
      "furthest": -0.22478502988815308
    },
    "1": {
      "closest": 0.1674184650182724,
      "centroid": 0.1914157122373581,
      "furthest": 0.21526703238487244
    }
  },
  "10": {
    "0": {
      "closest": -0.19335514307022095,
      "centroid": -0.21940457820892334,
      "furthest": -0.24115322530269623
    },
    "1": {
      "closest": 0.17250734567642212,
      "centroid": 0.19854925572872162,
      "furthest": 0.22331705689430237
    }
  },
  "11": {
    "0": {
      "closest": -0.26364320516586304,
      "centroid": -0.286202073097229,
      "furthest": -0.3152850866317749
    },
    "1": {
      "closest": 0.2578972578048706,
      "centroid": 0.28174781799316406,
      "furthest": 0.30647480487823486
    }
  },
  "12": {
    "0": {
      "closest": -0.24675458669662476,
      "centroid": -0.2928168475627899,
      "furthest": -0.32647496461868286
    },
    "1": {
      "closest": 0.26293355226516724,
      "centroid": 0.2871321439743042,
      "furthest": 0.3180776536464691
    }
  },
  "13": {
    "0": {
      "closest": -0.19113212823867798,
      "centroid": -0.2362852543592453,
      "furthest": -0.2864694893360138
    },
    "1": {
      "closest": 0.1838555783033371,
      "centroid": 0.21591560542583466,
      "furthest": 0.24628621339797974
    }
  },
  "14": {
    "0": {
      "closest": -0.17491799592971802,
      "centroid": -0.2358199656009674,
      "furthest": -0.2901214361190796
    },
    "1": {
      "closest": 0.19849243760108948,
      "centroid": 0.23730167746543884,
      "furthest": 0.31042271852493286
    }
  },
  "15": {
    "0": {
      "closest": -0.21644800901412964,
      "centroid": -0.3041173219680786,
      "furthest": -0.3881421685218811
    },
    "1": {
      "closest": 0.23533885180950165,
      "centroid": 0.29706764221191406,
      "furthest": 0.42031052708625793
    }
  },
  "16": {
    "0": {
      "closest": -0.31195640563964844,
      "centroid": -0.4125714898109436,
      "furthest": -0.5010835528373718
    },
    "1": {
      "closest": 0.3354952335357666,
      "centroid": 0.4195787012577057,
      "furthest": 0.5872119069099426
    }
  },
  "17": {
    "0": {
      "closest": -0.3985511362552643,
      "centroid": -0.46639710664749146,
      "furthest": -0.540221631526947
    },
    "1": {
      "closest": 0.09602521359920502,
      "centroid": 0.19163472950458527,
      "furthest": 0.3173891603946686
    }
  },
  "18": {
    "0": {
      "closest": -0.3737325668334961,
      "centroid": -0.4974004328250885,
      "furthest": -0.5624297857284546
    },
    "1": {
      "closest": 0.2881486117839813,
      "centroid": 0.38636693358421326,
      "furthest": 0.589232861995697
    }
  },
  "19": {
    "0": {
      "closest": -0.21763594448566437,
      "centroid": -0.33687758445739746,
      "furthest": -0.39687660336494446
    },
    "1": {
      "closest": 0.18104960024356842,
      "centroid": 0.2844622731208801,
      "furthest": 0.4654892683029175
    }
  },
  "20": {
    "0": {
      "closest": -0.2328983098268509,
      "centroid": -0.33788132667541504,
      "furthest": -0.40328025817871094
    },
    "1": {
      "closest": 0.19846786558628082,
      "centroid": 0.3219447433948517,
      "furthest": 0.5420322418212891
    }
  },
  "21": {
    "0": {
      "closest": -0.2652490437030792,
      "centroid": -0.40956321358680725,
      "furthest": -0.5125287771224976
    },
    "1": {
      "closest": 0.2015514373779297,
      "centroid": 0.3274388015270233,
      "furthest": 0.5544537305831909
    }
  },
  "22": {
    "0": {
      "closest": -0.4205610156059265,
      "centroid": -0.5313026309013367,
      "furthest": -0.6604413390159607
    },
    "1": {
      "closest": 0.25848305225372314,
      "centroid": 0.39214298129081726,
      "furthest": 0.4886428415775299
    }
  },
  "23": {
    "0": {
      "closest": -0.24295133352279663,
      "centroid": -0.38017159700393677,
      "furthest": -0.4632839262485504
    },
    "1": {
      "closest": 0.26747095584869385,
      "centroid": 0.3587900400161743,
      "furthest": 0.49080368876457214
    }
  },
  "24": {
    "0": {
      "closest": -0.45191797614097595,
      "centroid": -0.5230029225349426,
      "furthest": -0.6115736961364746
    },
    "1": {
      "closest": 0.33134040236473083,
      "centroid": 0.4500334560871124,
      "furthest": 0.5270142555236816
    }
  },
  "25": {
    "0": {
      "closest": -0.39350634813308716,
      "centroid": -0.4970540702342987,
      "furthest": -0.6418315172195435
    },
    "1": {
      "closest": 0.39397865533828735,
      "centroid": 0.5061432719230652,
      "furthest": 0.6119723320007324
    }
  },
  "26": {
    "0": {
      "closest": -0.285616397857666,
      "centroid": -0.43670016527175903,
      "furthest": -0.565719723701477
    },
    "1": {
      "closest": 0.2775048017501831,
      "centroid": 0.44164836406707764,
      "furthest": 0.7888295650482178
    }
  },
  "27": {
    "0": {
      "closest": -0.291332483291626,
      "centroid": -0.4564610421657562,
      "furthest": -0.608467698097229
    },
    "1": {
      "closest": 0.299380898475647,
      "centroid": 0.4670320749282837,
      "furthest": 0.7615761756896973
    }
  },
  "28": {
    "0": {
      "closest": -0.2492164820432663,
      "centroid": -0.43372082710266113,
      "furthest": -0.6358171701431274
    },
    "1": {
      "closest": 0.35589003562927246,