{
  "0": {
    "0": {
      "closest": -0.04760207608342171,
      "centroid": -0.05007338896393776,
      "furthest": -0.05346145108342171
    },
    "1": {
      "closest": 0.04712448641657829,
      "centroid": 0.05012497305870056,
      "furthest": 0.05347214266657829
    }
  },
  "1": {
    "0": {
      "closest": -0.058277226984500885,
      "centroid": -0.06351649016141891,
      "furthest": -0.06853113323450089
    },
    "1": {
      "closest": 0.059398554265499115,
      "centroid": 0.06358128786087036,
      "furthest": 0.06916417926549911
    }
  },
  "2": {
    "0": {
      "closest": -0.0835423544049263,
      "centroid": -0.09107287228107452,
      "furthest": -0.0972142294049263
    },
    "1": {
      "closest": 0.0849146768450737,
      "centroid": 0.09106335788965225,
      "furthest": 0.1010279580950737
    }
  },
  "3": {
    "0": {
      "closest": -0.09339528530836105,
      "centroid": -0.10063160210847855,
      "furthest": -0.10853200405836105
    },
    "1": {
      "closest": 0.08824533969163895,
      "centroid": 0.10063061118125916,
      "furthest": 0.10777658969163895
    }
  },
  "4": {
    "0": {
      "closest": -0.17394475638866425,
      "centroid": -0.18628425896167755,
      "furthest": -0.1996481865644455
    },
    "1": {
      "closest": 0.17541258037090302,
      "centroid": 0.18627743422985077,
      "furthest": 0.1982295960187912
    }
  },
  "5": {
    "0": {
      "closest": -0.20490066707134247,
      "centroid": -0.22670875489711761,
      "furthest": -0.24672341346740723
    },
    "1": {
      "closest": 0.2079409956932068,
      "centroid": 0.2268153727054596,
      "furthest": 0.24853107333183289
    }
  },
  "6": {
    "0": {
      "closest": -0.142666295170784,
      "centroid": -0.15329985320568085,
      "furthest": -0.166592076420784
    },
    "1": {
      "closest": 0.139560267329216,
      "centroid": 0.1533590853214264,
      "furthest": 0.165927454829216
    }
  },
  "7": {
    "0": {
      "closest": -0.155886709690094,
      "centroid": -0.1705973744392395,
      "furthest": -0.185183584690094
    },
    "1": {
      "closest": 0.146847665309906,
      "centroid": 0.17076614499092102,
      "furthest": 0.190792977809906
    }
  },
  "8": {
    "0": {
      "closest": -0.16906525194644928,
      "centroid": -0.18237823247909546,
      "furthest": -0.19640900194644928
    },
    "1": {
      "closest": 0.16491912305355072,
      "centroid": 0.18238982558250427,
      "furthest": 0.20105193555355072
    }
  },
  "9": {
    "0": {
      "closest": -0.18296115100383759,
      "centroid": -0.19681857526302338,
      "furthest": -0.21518771350383759
    },
    "1": {
      "closest": 0.17153103649616241,
      "centroid": 0.1968972384929657,
      "furthest": 0.22621853649616241
    }
  },
  "10": {
    "0": {
      "closest": -0.18947835266590118,
      "centroid": -0.20652183890342712,
      "furthest": -0.23147054016590118
    },
    "1": {
      "closest": 0.18161539733409882,
      "centroid": 0.20649085938930511,
      "furthest": 0.23630289733409882
    }
  },
  "11": {
    "0": {
      "closest": -0.06945741176605225,
      "centroid": -0.39840927720069885,
      "furthest": -0.6212326288223267
    },
    "1": {
      "closest": 0.07854688167572021,
      "centroid": 0.39185523986816406,
      "furthest": 0.5917280912399292
    }
  },
  "12": {
    "0": {
      "closest": -0.3227770924568176,
      "centroid": -0.5042077898979187,
      "furthest": -0.6020349860191345
    },
    "1": {
      "closest": 0.36676958203315735,
      "centroid": 0.4839440882205963,
      "furthest": 0.5580176115036011
    }
  },
  "13": {
    "0": {
      "closest": -0.05341291427612305,
      "centroid": -0.3312670886516571,
      "furthest": -0.5367077589035034
    },
    "1": {
      "closest": 0.09480828046798706,
      "centroid": 0.3132116496562958,
      "furthest": 0.4607129693031311
    }
  },
  "14": {
    "0": {
      "closest": -0.007335484027862549,
      "centroid": -0.34460052847862244,
      "furthest": -0.5715258717536926
    },
    "1": {
      "closest": 0.036256611347198486,
      "centroid": 0.36763909459114075,
      "furthest": 0.724565863609314
    }
  },
  "15": {
    "0": {
      "closest": -0.41326233744621277,
      "centroid": -0.7042860984802246,
      "furthest": -0.8697675466537476
    },
    "1": {
      "closest": 0.3675062954425812,
      "centroid": 0.7198464870452881,
      "furthest": 1.1337192058563232
    }
  },
  "16": {
    "0": {
      "closest": -0.02055799961090088,
      "centroid": -0.6037776470184326,
      "furthest": -0.9315139055252075
    },
    "1": {
      "closest": 0.053273916244506836,
      "centroid": 0.6846895813941956,
      "furthest": 1.5556268692016602
    }
  },
  "17": {
    "0": {
      "closest": -0.09948241710662842,
      "centroid": -0.5125204920768738,
      "furthest": -0.7050231695175171
    },
    "1": {
      "closest": 0.12807053327560425,
      "centroid": 0.5930614471435547,
      "furthest": 1.2095580101013184
    }
  },
  "18": {
    "0": {
      "closest": -0.23931366205215454,
      "centroid": -0.35522186756134033,
      "furthest": -0.42486053705215454
    },
    "1": {
      "closest": 0.16595977544784546,
      "centroid": 0.3569168150424957,
      "furthest": 0.6044363379478455
    }
  },
  "19": {
    "0": {
      "closest": -0.3751574158668518,
      "centroid": -0.5780104994773865,
      "furthest": -0.6901476383209229
    },
    "1": {
      "closest": 0.264607697725296,
      "centroid": 0.6154580116271973,
      "furthest": 0.9170074462890625
    }
  },
  "20": {
    "0": {
      "closest": -0.5654655694961548,
      "centroid": -0.6916283965110779,
      "furthest": -0.7935380935668945
    },
    "1": {
      "closest": 0.3448895215988159,
      "centroid": 0.7270025610923767,
      "furthest": 1.0659734010696411
    }
  },
  "21": {
    "0": {
      "closest": -0.10453712940216064,
      "centroid": -0.7330615520477295,
      "furthest": -0.957579493522644
    },
    "1": {
      "closest": 0.10534989833831787,
      "centroid": 0.8593643307685852,
      "furthest": 1.7177724838256836
    }
  },
  "22": {
    "0": {
      "closest": -0.45951855182647705,
      "centroid": -0.847342848777771,
      "furthest": -1.0769495964050293
    },
    "1": {
      "closest": 0.32706737518310547,
      "centroid": 0.9322192668914795,
      "furthest": 1.631438970565796
    }
  },
  "23": {
    "0": {
      "closest": -0.7012021541595459,
      "centroid": -0.8862539529800415,
      "furthest": -1.0480842590332031
    },
    "1": {
      "closest": 0.44648119807243347,
      "centroid": 0.983318030834198,
      "furthest": 1.6572916507720947
    }
  },
  "24": {
    "0": {
      "closest": -0.5855538249015808,
      "centroid": -0.8058391809463501,
      "furthest": -0.9676924347877502
    },
    "1": {
      "closest": 0.35016030073165894,
      "centroid": 0.9359808564186096,
      "furthest": 1.672634482383728
    }
  },
  "25": {
    "0": {
      "closest": -0.3016916513442993,
      "centroid": -0.5491377115249634,
      "furthest": -0.6914879083633423
    },
    "1": {
      "closest": 0.19861483573913574,
      "centroid": 0.5610988140106201,
      "furthest": 1.1079078912734985
    }
  },
  "26": {
    "0": {
      "closest": -0.4128519296646118,
      "centroid": -0.5946918725967407,
      "furthest": -0.7271509170532227
    },
    "1": {
      "closest": 0.23409412801265717,
      "centroid": 0.602965235710144,
      "furthest": 1.1276638507843018
    }
  },
  "27": {
    "0": {
      "closest": -0.4168958067893982,
      "centroid": -0.5980433821678162,
      "furthest": -0.7660478949546814
    },
    "1": {
      "closest": 0.2660030722618103,
      "centroid": 0.6042674779891968,
      "furthest": 1.1356613636016846
    }
  },
  "28": {
    "0": {
      "closest": -0.254200279712677,
      "centroid": -0.5084582567214966,
      "furthest": -0.7254126071929932
    },