{
  "0": {
    "0": {
      "closest": -0.04780825227499008,
      "centroid": -0.050120264291763306,
      "furthest": -0.05244692414999008
    },
    "1": {
      "closest": 0.04765073210000992,
      "centroid": 0.050181251019239426,
      "furthest": 0.05326596647500992
    }
  },
  "1": {
    "0": {
      "closest": -0.05868519842624664,
      "centroid": -0.06340686976909637,
      "furthest": -0.06747426092624664
    },
    "1": {
      "closest": 0.06021128594875336,
      "centroid": 0.06342418491840363,
      "furthest": 0.06826792657375336
    }
  },
  "2": {
    "0": {
      "closest": -0.08317556232213974,
      "centroid": -0.09165576845407486,
      "furthest": -0.09880056232213974
    },
    "1": {
      "closest": 0.08576975017786026,
      "centroid": 0.09164745360612869,
      "furthest": 0.10188303142786026
    }
  },
  "3": {
    "0": {
      "closest": -0.09020662307739258,
      "centroid": -0.10040803998708725,
      "furthest": -0.10924959182739258
    },
    "1": {
      "closest": 0.08899259567260742,
      "centroid": 0.10039518028497696,
      "furthest": 0.10754728317260742
    }
  },
  "4": {
    "0": {
      "closest": -0.12619617581367493,
      "centroid": -0.14363539218902588,
      "furthest": -0.1637556105852127
    },
    "1": {
      "closest": 0.13008171319961548,
      "centroid": 0.14364702999591827,
      "furthest": 0.1584688425064087
    }
  },
  "5": {
    "0": {
      "closest": -0.17449232935905457,
      "centroid": -0.1994452327489853,
      "furthest": -0.21635638177394867
    },
    "1": {
      "closest": 0.17533957958221436,
      "centroid": 0.19951412081718445,
      "furthest": 0.2206047773361206
    }
  },
  "6": {
    "0": {
      "closest": -0.14147017896175385,
      "centroid": -0.15357834100723267,
      "furthest": -0.16734908521175385
    },
    "1": {
      "closest": 0.13831497728824615,
      "centroid": 0.15366165339946747,
      "furthest": 0.16565872728824615
    }
  },
  "7": {
    "0": {
      "closest": -0.15669895708560944,
      "centroid": -0.16998997330665588,
      "furthest": -0.18599583208560944
    },
    "1": {
      "closest": 0.14994166791439056,
      "centroid": 0.17009304463863373,
      "furthest": 0.18412135541439056
    }
  },
  "8": {
    "0": {
      "closest": -0.16853058338165283,
      "centroid": -0.18177032470703125,
      "furthest": -0.19685089588165283
    },
    "1": {
      "closest": 0.16350066661834717,
      "centroid": 0.1818331927061081,
      "furthest": 0.19670379161834717
    }
  },
  "9": {
    "0": {
      "closest": -0.18113619089126587,
      "centroid": -0.19561615586280823,
      "furthest": -0.21531587839126587
    },
    "1": {
      "closest": 0.17335599660873413,
      "centroid": 0.19567780196666718,
      "furthest": 0.21241849660873413
    }
  },
  "10": {
    "0": {
      "closest": -0.21038594841957092,
      "centroid": -0.23562994599342346,
      "furthest": -0.25783559679985046
    },
    "1": {
      "closest": 0.20972660183906555,
      "centroid": 0.23563507199287415,
      "furthest": 0.2561713755130768
    }
  },
  "11": {
    "0": {
      "closest": -0.055291175842285156,
      "centroid": -0.40632736682891846,
      "furthest": -0.6095868349075317
    },
    "1": {
      "closest": 0.24127721786499023,
      "centroid": 0.3914543092250824,
      "furthest": 0.5589314699172974
    }
  },
  "12": {
    "0": {
      "closest": -0.3078898787498474,
      "centroid": -0.4750690460205078,
      "furthest": -0.5657331943511963
    },
    "1": {
      "closest": 0.39586901664733887,
      "centroid": 0.45505011081695557,
      "furthest": 0.5216900110244751
    }
  },
  "13": {
    "0": {
      "closest": -0.27547770738601685,
      "centroid": -0.5306910276412964,
      "furthest": -0.6799481511116028
    },
    "1": {
      "closest": 0.39174628257751465,
      "centroid": 0.49610787630081177,
      "furthest": 0.6184142827987671
    }
  },
  "14": {
    "0": {
      "closest": -0.0021062493324279785,
      "centroid": -0.36569106578826904,
      "furthest": -0.6214938759803772
    },
    "1": {
      "closest": 0.18488669395446777,
      "centroid": 0.340401291847229,
      "furthest": 0.6416213512420654
    }
  },
  "15": {
    "0": {
      "closest": -0.41906046867370605,
      "centroid": -0.6874508857727051,
      "furthest": -0.9334512948989868
    },
    "1": {
      "closest": 0.4417998492717743,
      "centroid": 0.6543533802032471,
      "furthest": 0.9610402584075928
    }
  },
  "16": {
    "0": {
      "closest": -0.07832396030426025,
      "centroid": -0.4387145936489105,
      "furthest": -0.7472304105758667
    },
    "1": {
      "closest": 0.10282266139984131,
      "centroid": 0.4242328703403473,
      "furthest": 0.8120408058166504
    }
  },
  "17": {
    "0": {
      "closest": -0.31466931104660034,
      "centroid": -0.5456482172012329,
      "furthest": -0.7326884865760803
    },
    "1": {
      "closest": 0.2824738919734955,
      "centroid": 0.549262523651123,
      "furthest": 0.9111373424530029
    }
  },
  "18": {
    "0": {
      "closest": -0.2355673909187317,
      "centroid": -0.30996188521385193,
      "furthest": -0.3683798909187317
    },
    "1": {
      "closest": 0.1657997965812683,
      "centroid": 0.31010645627975464,
      "furthest": 0.5144326090812683
    }
  },
  "19": {
    "0": {
      "closest": -0.20718693733215332,
      "centroid": -0.3051312565803528,
      "furthest": -0.3927338123321533
    },
    "1": {
      "closest": 0.17757868766784668,
      "centroid": 0.305169016122818,
      "furthest": 0.4939849376678467
    }
  },
  "20": {
    "0": {
      "closest": -0.5059006810188293,
      "centroid": -0.6064388155937195,
      "furthest": -0.6737692356109619
    },
    "1": {
      "closest": 0.4345182180404663,
      "centroid": 0.6152594685554504,
      "furthest": 0.8523643016815186
    }
  },
  "21": {
    "0": {
      "closest": -0.4029271602630615,
      "centroid": -0.7518647909164429,
      "furthest": -1.0009574890136719
    },
    "1": {
      "closest": 0.339141845703125,
      "centroid": 0.7595750689506531,
      "furthest": 1.3514748811721802
    }
  },
  "22": {
    "0": {
      "closest": -0.6194738149642944,
      "centroid": -0.8698645234107971,
      "furthest": -1.0451090335845947
    },
    "1": {
      "closest": 0.5646446943283081,
      "centroid": 0.8733349442481995,
      "furthest": 1.4185357093811035
    }
  },
  "23": {
    "0": {
      "closest": -0.6099196672439575,
      "centroid": -0.7242552042007446,
      "furthest": -0.8392946720123291
    },
    "1": {
      "closest": 0.4703689217567444,
      "centroid": 0.7414757013320923,
      "furthest": 1.213621735572815
    }
  },
  "24": {
    "0": {
      "closest": -0.6489742994308472,
      "centroid": -0.7937162518501282,
      "furthest": -0.9132025241851807
    },
    "1": {
      "closest": 0.470515638589859,
      "centroid": 0.8249912858009338,
      "furthest": 1.3882168531417847
    }
  },
  "25": {
    "0": {
      "closest": -0.3171806335449219,
      "centroid": -0.48764076828956604,
      "furthest": -0.6373933553695679
    },
    "1": {
      "closest": 0.27601921558380127,
      "centroid": 0.47710129618644714,
      "furthest": 0.8602737188339233
    }
  },
  "26": {
    "0": {
      "closest": -0.39191997051239014,
      "centroid": -0.5391537547111511,
      "furthest": -0.6790666580200195
    },
    "1": {
      "closest": 0.31073999404907227,
      "centroid": 0.5242422223091125,
      "furthest": 0.9089688062667847
    }
  },
  "27": {
    "0": {
      "closest": -0.36239415407180786,
      "centroid": -0.5290915966033936,
      "furthest": -0.6749042868614197
    },
    "1": {
      "closest": 0.321941077709198,
      "centroid": 0.5256640911102295,
      "furthest": 0.8531404137611389
    }
  },
  "28": {
    "0": {
      "closest": -0.4106627106666565,
      "centroid": -0.6079928278923035,
      "furthest": -0.797298789024353
    },