{
  "0": {
    "0": {
      "closest": -0.6016595363616943,
      "centroid": -0.6136173009872437,
      "furthest": -0.6270632743835449
    },
    "1": {
      "closest": 0.5985177755355835,
      "centroid": 0.6136173009872437,
      "furthest": 0.6303138136863708
    }
  },
  "1": {
    "0": {
      "closest": -0.7309380769729614,
      "centroid": -0.7486451268196106,
      "furthest": -0.764213502407074
    },
    "1": {
      "closest": 0.7344332933425903,
      "centroid": 0.7486451268196106,
      "furthest": 0.7612425088882446
    }
  },
  "2": {
    "0": {
      "closest": -0.9534604549407959,
      "centroid": -0.9814533591270447,
      "furthest": -1.0147929191589355
    },
    "1": {
      "closest": 0.965723991394043,
      "centroid": 0.9814533591270447,
      "furthest": 0.9968119263648987
    }
  },
  "3": {
    "0": {
      "closest": -1.074666142463684,
      "centroid": -1.1438908576965332,
      "furthest": -1.1816959381103516
    },
    "1": {
      "closest": 1.1031217575073242,
      "centroid": 1.1438908576965332,
      "furthest": 1.1794706583023071
    }
  },
  "4": {
    "0": {
      "closest": -1.3154157400131226,
      "centroid": -1.3856638669967651,
      "furthest": -1.4291783571243286
    },
    "1": {
      "closest": 1.3340034484863281,
      "centroid": 1.3856639862060547,
      "furthest": 1.4452793598175049
    }
  },
  "5": {
    "0": {
      "closest": -1.4392390251159668,
      "centroid": -1.6124857664108276,
      "furthest": -1.7295547723770142
    },
    "1": {
      "closest": 1.4873428344726562,
      "centroid": 1.6124858856201172,
      "furthest": 1.7101843357086182
    }
  },
  "6": {
    "0": {
      "closest": -1.4940626621246338,
      "centroid": -1.733505129814148,
      "furthest": -1.8375047445297241
    },
    "1": {
      "closest": 1.6097724437713623,
      "centroid": 1.7335052490234375,
      "furthest": 1.8178784847259521
    }
  },
  "7": {
    "0": {
      "closest": -1.638431191444397,
      "centroid": -2.053938627243042,
      "furthest": -2.2229485511779785
    },
    "1": {
      "closest": 1.902780294418335,
      "centroid": 2.053938388824463,
      "furthest": 2.1790130138397217
    }
  },
  "8": {
    "0": {
      "closest": -1.581667184829712,
      "centroid": -2.0985312461853027,
      "furthest": -2.2765583992004395
    },
    "1": {
      "closest": 1.8668687343597412,
      "centroid": 2.0985312461853027,
      "furthest": 2.2609143257141113
    }
  },
  "9": {
    "0": {
      "closest": -1.8857696056365967,
      "centroid": -2.3769872188568115,
      "furthest": -2.6388540267944336
    },
    "1": {
      "closest": 1.973699927330017,
      "centroid": 2.3769872188568115,
      "furthest": 2.6024842262268066
    }
  },
  "10": {
    "0": {
      "closest": -1.993750810623169,
      "centroid": -2.60074782371521,
      "furthest": -2.863837242126465
    },
    "1": {
      "closest": 2.1976301670074463,
      "centroid": 2.600748062133789,
      "furthest": 2.9193003177642822
    }
  },
  "11": {
    "0": {
      "closest": -2.0924391746520996,
      "centroid": -2.6819911003112793,
      "furthest": -2.9295706748962402
    },
    "1": {
      "closest": 2.168504238128662,
      "centroid": 2.6819911003112793,
      "furthest": 3.0463147163391113
    }
  },
  "12": {
    "0": {
      "closest": -2.0943663120269775,
      "centroid": -2.8499672412872314,
      "furthest": -3.211742877960205
    },
    "1": {
      "closest": 2.155205726623535,
      "centroid": 2.8499672412872314,
      "furthest": 3.3678500652313232
    }
  },
  "13": {
    "0": {
      "closest": -2.008808135986328,
      "centroid": -2.9738736152648926,
      "furthest": -3.4033613204956055
    },
    "1": {
      "closest": 2.1229052543640137,
      "centroid": 2.9738736152648926,
      "furthest": 3.5709009170532227
    }
  },
  "14": {
    "0": {
      "closest": -2.287177085876465,
      "centroid": -3.161548137664795,
      "furthest": -3.5216264724731445
    },
    "1": {
      "closest": 2.0957999229431152,
      "centroid": 3.161547899246216,
      "furthest": 3.8342113494873047
    }
  },
  "15": {
    "0": {
      "closest": -2.7025375366210938,
      "centroid": -3.4857583045959473,
      "furthest": -3.890781879425049
    },
    "1": {
      "closest": 2.08958101272583,
      "centroid": 3.485758066177368,
      "furthest": 4.373204231262207
    }
  },
  "16": {
    "0": {
      "closest": -3.072237491607666,
      "centroid": -3.9050447940826416,
      "furthest": -4.457831382751465
    },
    "1": {
      "closest": 2.1416380405426025,
      "centroid": 3.9050450325012207,
      "furthest": 4.869001865386963
    }
  },
  "17": {
    "0": {
      "closest": -3.3935580253601074,
      "centroid": -4.336658954620361,
      "furthest": -4.981779098510742
    },
    "1": {
      "closest": 2.288177490234375,
      "centroid": 4.336658954620361,
      "furthest": 5.288055896759033
    }
  },
  "18": {
    "0": {
      "closest": -3.7215497493743896,
      "centroid": -4.655472278594971,
      "furthest": -5.389309883117676
    },
    "1": {
      "closest": 2.2843847274780273,
      "centroid": 4.655472278594971,
      "furthest": 5.780385971069336
    }
  },
  "19": {
    "0": {
      "closest": -4.3403215408325195,
      "centroid": -5.117048740386963,
      "furthest": -5.739349842071533
    },
    "1": {
      "closest": 2.772029399871826,
      "centroid": 5.117048740386963,
      "furthest": 6.323875427246094
    }
  },
  "20": {
    "0": {
      "closest": -4.6376953125,
      "centroid": -5.560704231262207,
      "furthest": -6.244978904724121
    },
    "1": {
      "closest": 2.8711485862731934,
      "centroid": 5.560704231262207,
      "furthest": 6.92832088470459
    }
  },
  "21": {
    "0": {
      "closest": -5.0811591148376465,
      "centroid": -6.2047319412231445,
      "furthest": -6.924076080322266
    },
    "1": {
      "closest": 3.0101442337036133,
      "centroid": 6.2047319412231445,
      "furthest": 7.832242965698242
    }
  },
  "22": {
    "0": {
      "closest": -5.801030158996582,
      "centroid": -6.875538349151611,
      "furthest": -7.597701549530029
    },
    "1": {
      "closest": 3.4124879837036133,
      "centroid": 6.875537872314453,
      "furthest": 8.753662109375
    }
  },
  "23": {
    "0": {
      "closest": -6.338503837585449,
      "centroid": -7.470590591430664,
      "furthest": -8.240256309509277
    },
    "1": {
      "closest": 3.5676212310791016,
      "centroid": 7.470590591430664,
      "furthest": 9.681771278381348
    }
  },
  "24": {
    "0": {
      "closest": -6.512686252593994,
      "centroid": -7.842309474945068,
      "furthest": -8.65869140625
    },
    "1": {
      "closest": 3.5779895782470703,
      "centroid": 7.84230899810791,
      "furthest": 10.352025985717773
    }
  },
  "25": {
    "0": {
      "closest": -6.719811916351318,
      "centroid": -8.142434120178223,
      "furthest": -9.039651870727539
    },
    "1": {
      "closest": 3.721111297607422,
      "centroid": 8.142435073852539,
      "furthest": 10.629396438598633
    }
  },
  "26": {
    "0": {
      "closest": -7.258564472198486,
      "centroid": -8.846890449523926,
      "furthest": -9.87739372253418
    },
    "1": {
      "closest": 3.96484375,
      "centroid": 8.846891403198242,
      "furthest": 11.49176025390625
    }
  },
  "27": {
    "0": {
      "closest": -7.709643363952637,
      "centroid": -9.580281257629395,
      "furthest": -10.759379386901855
    },
    "1": {
      "closest": 4.143102645874023,
      "centroid": 9.580281257629395,
      "furthest": 12.542596817016602
    }
  },
  "28": {
    "0": {
      "closest": -8.84650707244873,
      "centroid": -10.818735122680664,
      "furthest": -12.180097579956055
    },
    "1": {
      "closest": 4.740974426269531,
      "centroid": 10.81873607635498,
      "furthest": 14.055819511413574
    }
  },
  "29": {
    "0": {
      "closest": -9.91508960723877,