{
  "0": {
    "0": {
      "closest": -0.6003404259681702,
      "centroid": -0.6122702360153198,
      "furthest": -0.6272953152656555
    },
    "1": {
      "closest": 0.5871870517730713,
      "centroid": 0.6122702360153198,
      "furthest": 0.6273287534713745
    }
  },
  "1": {
    "0": {
      "closest": -0.7265374660491943,
      "centroid": -0.7468336224555969,
      "furthest": -0.760657548904419
    },
    "1": {
      "closest": 0.7242928147315979,
      "centroid": 0.7468335628509521,
      "furthest": 0.7588843107223511
    }
  },
  "2": {
    "0": {
      "closest": -0.9471393823623657,
      "centroid": -0.9785144329071045,
      "furthest": -1.0019680261611938
    },
    "1": {
      "closest": 0.9569540023803711,
      "centroid": 0.9785144329071045,
      "furthest": 0.9903006553649902
    }
  },
  "3": {
    "0": {
      "closest": -1.073241949081421,
      "centroid": -1.138814926147461,
      "furthest": -1.1773544549942017
    },
    "1": {
      "closest": 1.1051307916641235,
      "centroid": 1.138814926147461,
      "furthest": 1.1826708316802979
    }
  },
  "4": {
    "0": {
      "closest": -1.2598507404327393,
      "centroid": -1.386338710784912,
      "furthest": -1.4422321319580078
    },
    "1": {
      "closest": 1.3179354667663574,
      "centroid": 1.386338710784912,
      "furthest": 1.4656215906143188
    }
  },
  "5": {
    "0": {
      "closest": -1.4436815977096558,
      "centroid": -1.5969799757003784,
      "furthest": -1.6899503469467163
    },
    "1": {
      "closest": 1.4719585180282593,
      "centroid": 1.5969799757003784,
      "furthest": 1.7126410007476807
    }
  },
  "6": {
    "0": {
      "closest": -1.496788501739502,
      "centroid": -1.7252751588821411,
      "furthest": -1.8426119089126587
    },
    "1": {
      "closest": 1.6097922325134277,
      "centroid": 1.7252750396728516,
      "furthest": 1.8297297954559326
    }
  },
  "7": {
    "0": {
      "closest": -1.700674057006836,
      "centroid": -2.0449748039245605,
      "furthest": -2.1912245750427246
    },
    "1": {
      "closest": 1.9255399703979492,
      "centroid": 2.0449748039245605,
      "furthest": 2.1947789192199707
    }
  },
  "8": {
    "0": {
      "closest": -1.6881685256958008,
      "centroid": -2.0947368144989014,
      "furthest": -2.2668652534484863
    },
    "1": {
      "closest": 1.9363559484481812,
      "centroid": 2.0947368144989014,
      "furthest": 2.256944179534912
    }
  },
  "9": {
    "0": {
      "closest": -1.9243597984313965,
      "centroid": -2.3793766498565674,
      "furthest": -2.6424918174743652
    },
    "1": {
      "closest": 2.1210856437683105,
      "centroid": 2.3793766498565674,
      "furthest": 2.586702346801758
    }
  },
  "10": {
    "0": {
      "closest": -2.0559492111206055,
      "centroid": -2.6170027256011963,
      "furthest": -2.937938690185547
    },
    "1": {
      "closest": 2.3257040977478027,
      "centroid": 2.6170029640197754,
      "furthest": 2.876816987991333
    }
  },
  "11": {
    "0": {
      "closest": -2.2364468574523926,
      "centroid": -2.7141594886779785,
      "furthest": -2.9476494789123535
    },
    "1": {
      "closest": 2.230372428894043,
      "centroid": 2.7141592502593994,
      "furthest": 2.992428779602051
    }
  },
  "12": {
    "0": {
      "closest": -2.1946072578430176,
      "centroid": -2.872082471847534,
      "furthest": -3.2400622367858887
    },
    "1": {
      "closest": 2.227381467819214,
      "centroid": 2.872082471847534,
      "furthest": 3.340649366378784
    }
  },
  "13": {
    "0": {
      "closest": -2.2182788848876953,
      "centroid": -2.984046459197998,
      "furthest": -3.305169105529785
    },
    "1": {
      "closest": 2.2051711082458496,
      "centroid": 2.984046459197998,
      "furthest": 3.6651577949523926
    }
  },
  "14": {
    "0": {
      "closest": -2.5048608779907227,
      "centroid": -3.228537082672119,
      "furthest": -3.542581796646118
    },
    "1": {
      "closest": 2.133009910583496,
      "centroid": 3.228537082672119,
      "furthest": 4.220624923706055
    }
  },
  "15": {
    "0": {
      "closest": -2.7929210662841797,
      "centroid": -3.5828380584716797,
      "furthest": -3.992504358291626
    },
    "1": {
      "closest": 1.9519691467285156,
      "centroid": 3.5828380584716797,
      "furthest": 4.798611640930176
    }
  },
  "16": {
    "0": {
      "closest": -2.964327335357666,
      "centroid": -3.967050790786743,
      "furthest": -4.458266258239746
    },
    "1": {
      "closest": 2.097809314727783,
      "centroid": 3.967050790786743,
      "furthest": 5.012307643890381
    }
  },
  "17": {
    "0": {
      "closest": -3.2113661766052246,
      "centroid": -4.32852840423584,
      "furthest": -4.885143280029297
    },
    "1": {
      "closest": 2.322234630584717,
      "centroid": 4.32852840423584,
      "furthest": 5.310856819152832
    }
  },
  "18": {
    "0": {
      "closest": -3.4459152221679688,
      "centroid": -4.599828243255615,
      "furthest": -5.152005195617676
    },
    "1": {
      "closest": 2.277501344680786,
      "centroid": 4.599828243255615,
      "furthest": 5.671476364135742
    }
  },
  "19": {
    "0": {
      "closest": -4.118924140930176,
      "centroid": -5.068359375,
      "furthest": -5.566275596618652
    },
    "1": {
      "closest": 2.7238776683807373,
      "centroid": 5.068359375,
      "furthest": 6.189112663269043
    }
  },
  "20": {
    "0": {
      "closest": -4.357995986938477,
      "centroid": -5.503142356872559,
      "furthest": -6.061143398284912
    },
    "1": {
      "closest": 2.748190402984619,
      "centroid": 5.503142356872559,
      "furthest": 6.8390092849731445
    }
  },
  "21": {
    "0": {
      "closest": -4.718570709228516,
      "centroid": -6.10676383972168,
      "furthest": -6.7110185623168945
    },
    "1": {
      "closest": 2.760765790939331,
      "centroid": 6.10676383972168,
      "furthest": 7.573686599731445
    }
  },
  "22": {
    "0": {
      "closest": -5.503329277038574,
      "centroid": -6.763747692108154,
      "furthest": -7.3626580238342285
    },
    "1": {
      "closest": 3.0950112342834473,
      "centroid": 6.7637481689453125,
      "furthest": 8.47214412689209
    }
  },
  "23": {
    "0": {
      "closest": -5.962784767150879,
      "centroid": -7.350125312805176,
      "furthest": -8.045047760009766
    },
    "1": {
      "closest": 3.2561450004577637,
      "centroid": 7.350125312805176,
      "furthest": 9.366666793823242
    }
  },
  "24": {
    "0": {
      "closest": -6.164109706878662,
      "centroid": -7.728323459625244,
      "furthest": -8.481758117675781
    },
    "1": {
      "closest": 3.112834930419922,
      "centroid": 7.728323936462402,
      "furthest": 10.035870552062988
    }
  },
  "25": {
    "0": {
      "closest": -6.606740951538086,
      "centroid": -8.029610633850098,
      "furthest": -8.868396759033203
    },
    "1": {
      "closest": 3.313491106033325,
      "centroid": 8.029610633850098,
      "furthest": 10.350028991699219
    }
  },
  "26": {
    "0": {
      "closest": -7.022784233093262,
      "centroid": -8.686553001403809,
      "furthest": -9.629697799682617
    },
    "1": {
      "closest": 3.5092337131500244,
      "centroid": 8.686553001403809,
      "furthest": 11.138299942016602
    }
  },
  "27": {
    "0": {
      "closest": -7.44099235534668,
      "centroid": -9.364808082580566,
      "furthest": -10.513090133666992
    },
    "1": {
      "closest": 3.6008172035217285,
      "centroid": 9.364806175231934,
      "furthest": 11.898685455322266
    }
  },
  "28": {
    "0": {
      "closest": -8.673849105834961,
      "centroid": -10.577422142028809,
      "furthest": -11.77799129486084
    },
    "1": {
      "closest": 3.94465708732605,
      "centroid": 10.577421188354492,
      "furthest": 13.490659713745117
    }
  },
  "29": {
    "0": {
      "closest": -10.03946590423584,