{
  "0": {
    "0": {
      "closest": -0.5931186484751243,
      "centroid": -0.6013238671106738,
      "furthest": -0.6128305318393295
    },
    "1": {
      "closest": 0.627858214652823,
      "centroid": 0.6393137230100199,
      "furthest": 0.6483269411617818
    }
  },
  "1": {
    "0": {
      "closest": -0.7284544399279544,
      "centroid": -0.7440760317455328,
      "furthest": -0.7593388379844853
    },
    "1": {
      "closest": 0.7482777575274626,
      "centroid": 0.7583164552032297,
      "furthest": 0.7666390993486687
    }
  },
  "2": {
    "0": {
      "closest": -1.0418075937330695,
      "centroid": -1.06478435706362,
      "furthest": -1.0855715797856629
    },
    "1": {
      "closest": 0.9360491136753559,
      "centroid": 0.9483960575506865,
      "furthest": 0.9626282770462593
    }
  },
  "3": {
    "0": {
      "closest": -1.1998860921301333,
      "centroid": -1.22791872795315,
      "furthest": -1.2539393868375304
    },
    "1": {
      "closest": 1.1775225860774805,
      "centroid": 1.1971604439355352,
      "furthest": 1.219986469840241
    }
  },
  "4": {
    "0": {
      "closest": -1.3213277265440828,
      "centroid": -1.3660032012761207,
      "furthest": -1.4050427544838964
    },
    "1": {
      "closest": 1.4834326602909191,
      "centroid": 1.5273147633950612,
      "furthest": 1.5637397213092927
    }
  },
  "5": {
    "0": {
      "closest": -1.4813856325488306,
      "centroid": -1.5325262192995341,
      "furthest": -1.5784505774305235
    },
    "1": {
      "closest": 1.5822143388933352,
      "centroid": 1.6238615110647958,
      "furthest": 1.6675087938515896
    }
  },
  "6": {
    "0": {
      "closest": -1.524846028684378,
      "centroid": -1.6072250936957873,
      "furthest": -1.664187708087706
    },
    "1": {
      "closest": 1.5233671162351534,
      "centroid": 1.5816516020042979,
      "furthest": 1.634394048642323
    }
  },
  "7": {
    "0": {
      "closest": -1.7174786289854544,
      "centroid": -1.7968827488392751,
      "furthest": -1.8560372010942285
    },
    "1": {
      "closest": 1.6712099134772043,
      "centroid": 1.736670962134144,
      "furthest": 1.792753820567242
    }
  },
  "8": {
    "0": {
      "closest": -1.701784468991306,
      "centroid": -1.8140550422537254,
      "furthest": -1.87774772360503
    },
    "1": {
      "closest": 1.693424300934149,
      "centroid": 1.7566659149712012,
      "furthest": 1.807215329824022
    }
  },
  "9": {
    "0": {
      "closest": -1.8989645847761174,
      "centroid": -2.1173258481822894,
      "furthest": -2.2205768752425628
    },
    "1": {
      "closest": 1.8860097213672224,
      "centroid": 2.050229496270207,
      "furthest": 2.1500978259655152
    }
  },
  "10": {
    "0": {
      "closest": -2.1042078730068505,
      "centroid": -2.3679123251525427,
      "furthest": -2.5237052612124793
    },
    "1": {
      "closest": 2.1156911611950475,
      "centroid": 2.27800432684775,
      "furthest": 2.3717448035329944
    }
  },
  "11": {
    "0": {
      "closest": -2.1264451683395085,
      "centroid": -2.510817378976073,
      "furthest": -2.6942363228264057
    },
    "1": {
      "closest": 2.1794415246558265,
      "centroid": 2.372226889232788,
      "furthest": 2.5246101947928263
    }
  },
  "12": {
    "0": {
      "closest": -1.8268389927863904,
      "centroid": -2.6063337741883945,
      "furthest": -2.846365186607689
    },
    "1": {
      "closest": 2.088415612948745,
      "centroid": 2.485223121881433,
      "furthest": 2.6923810587846724
    }
  },
  "13": {
    "0": {
      "closest": -1.7644793507688203,
      "centroid": -2.702680182398702,
      "furthest": -3.025803487989709
    },
    "1": {
      "closest": 1.823411567120608,
      "centroid": 2.645880905962482,
      "furthest": 3.021408513308133
    }
  },
  "14": {
    "0": {
      "closest": -2.011695751138186,
      "centroid": -3.0994214713509494,
      "furthest": -3.450953911995394
    },
    "1": {
      "closest": 1.0845613879737177,
      "centroid": 3.2761007408192007,
      "furthest": 4.274874082353781
    }
  },
  "15": {
    "0": {
      "closest": -2.2881788772562075,
      "centroid": -3.4318298907582716,
      "furthest": -3.7752417642983858
    },
    "1": {
      "closest": 0.6161176468335361,
      "centroid": 3.5885371797206616,
      "furthest": 4.890555988822566
    }
  },
  "16": {
    "0": {
      "closest": -2.697983561249431,
      "centroid": -3.9037861771363866,
      "furthest": -4.267132972649765
    },
    "1": {
      "closest": 0.5946218869954132,
      "centroid": 3.9113124171072253,
      "furthest": 5.051233023826001
    }
  },
  "17": {
    "0": {
      "closest": -2.8879075781861427,
      "centroid": -3.9971358866455104,
      "furthest": -4.333626739122436
    },
    "1": {
      "closest": 0.7664913313568671,
      "centroid": 4.131835533996828,
      "furthest": 5.22295303461695
    }
  },
  "18": {
    "0": {
      "closest": -3.077757933995907,
      "centroid": -4.247465093238848,
      "furthest": -4.578389847084768
    },
    "1": {
      "closest": 0.806341962883482,
      "centroid": 4.450426367053947,
      "furthest": 5.691102070381205
    }
  },
  "19": {
    "0": {
      "closest": -3.568510685376271,
      "centroid": -4.609625991899302,
      "furthest": -4.9434521330879395
    },
    "1": {
      "closest": 0.9632443058713802,
      "centroid": 4.858998968804006,
      "furthest": 6.160158168449387
    }
  },
  "20": {
    "0": {
      "closest": -3.8886708299153696,
      "centroid": -4.959343180339841,
      "furthest": -5.268548327633288
    },
    "1": {
      "closest": 1.0664623668796356,
      "centroid": 5.3262296520785135,
      "furthest": 6.838916983992171
    }
  },
  "21": {
    "0": {
      "closest": -4.317932909446381,
      "centroid": -5.4389331436090735,
      "furthest": -5.7658226151278384
    },
    "1": {
      "closest": 1.2200543736245022,
      "centroid": 5.889982961616681,
      "furthest": 7.566950415263889
    }
  },
  "22": {
    "0": {
      "closest": -4.680339928889906,
      "centroid": -5.775122219877882,
      "furthest": -6.1453106715029335
    },
    "1": {
      "closest": 1.4212345680750826,
      "centroid": 6.226733939831954,
      "furthest": 7.872213913102344
    }
  },
  "23": {
    "0": {
      "closest": -5.228067891263427,
      "centroid": -6.2779352867877245,
      "furthest": -6.5983648961599854
    },
    "1": {
      "closest": 1.3797897830045502,
      "centroid": 6.7068696027250905,
      "furthest": 8.502463114636857
    }
  },
  "24": {
    "0": {
      "closest": -5.501044565309097,
      "centroid": -6.564712271735657,
      "furthest": -6.933257073016382
    },
    "1": {
      "closest": 1.5325799722863516,
      "centroid": 7.067390087513653,
      "furthest": 8.853545126896776
    }
  },
  "25": {
    "0": {
      "closest": -5.779400102604078,
      "centroid": -6.808565173749259,
      "furthest": -7.3179480985822485
    },
    "1": {
      "closest": 1.941147343079516,
      "centroid": 7.322429468629984,
      "furthest": 9.011662044399632
    }
  },
  "26": {
    "0": {
      "closest": -6.159074373478104,
      "centroid": -7.312899633711205,
      "furthest": -7.982086110895503
    },
    "1": {
      "closest": 2.146931374470194,
      "centroid": 7.867153635448829,
      "furthest": 9.630799159798778
    }
  },
  "27": {
    "0": {
      "closest": -6.607231088799347,
      "centroid": -7.797735059094748,
      "furthest": -8.455053108047798
    },
    "1": {
      "closest": 2.2013927379353024,
      "centroid": 8.425582706941585,
      "furthest": 10.421046641704727
    }
  },
  "28": {
    "0": {
      "closest": -7.013966356279462,
      "centroid": -8.501573784544357,
      "furthest": -9.48166707620487
    },
    "1": {
      "closest": 2.617791223606934,
      "centroid": 9.164039067429421,
      "furthest": 11.274698083546188
    }
  },
  "29": {
    "0": {
      "closest": -7.489809006194654,