{
  "0": {
    "0": {
      "closest": -0.052734375,
      "centroid": -0.05520568788051605,
      "furthest": -0.05859375
    },
    "1": {
      "closest": 0.0419921875,
      "centroid": 0.04499267414212227,
      "furthest": 0.04833984375
    }
  },
  "1": {
    "0": {
      "closest": -0.06201171875,
      "centroid": -0.06725097447633743,
      "furthest": -0.072265625
    },
    "1": {
      "closest": 0.0556640625,
      "centroid": 0.05984680354595184,
      "furthest": 0.0654296875
    }
  },
  "2": {
    "0": {
      "closest": -0.10324997454881668,
      "centroid": -0.11095428466796875,
      "furthest": -0.11707834154367447
    },
    "1": {
      "closest": 0.07239778339862823,
      "centroid": 0.07852939516305923,
      "furthest": 0.08865002542734146
    }
  },
  "3": {
    "0": {
      "closest": -0.12047555297613144,
      "centroid": -0.12795379757881165,
      "furthest": -0.13663750886917114
    },
    "1": {
      "closest": 0.1275005340576172,
      "centroid": 0.1344948709011078,
      "furthest": 0.1402021199464798
    }
  },
  "4": {
    "0": {
      "closest": -0.20846806466579437,
      "centroid": -0.22192615270614624,
      "furthest": -0.23547503352165222
    },
    "1": {
      "closest": 0.2141077220439911,
      "centroid": 0.22376342117786407,
      "furthest": 0.23801138997077942
    }
  },
  "5": {
    "0": {
      "closest": -0.19740137457847595,
      "centroid": -0.2195502072572708,
      "furthest": -0.23987287282943726
    },
    "1": {
      "closest": 0.20131631195545197,
      "centroid": 0.21942920982837677,
      "furthest": 0.24119919538497925
    }
  },
  "6": {
    "0": {
      "closest": -0.17786556482315063,
      "centroid": -0.18769338726997375,
      "furthest": -0.20331960916519165
    },
    "1": {
      "closest": 0.18833334743976593,
      "centroid": 0.20158493518829346,
      "furthest": 0.21379832923412323
    }
  },
  "7": {
    "0": {
      "closest": -0.1491299420595169,
      "centroid": -0.16428005695343018,
      "furthest": -0.17683103680610657
    },
    "1": {
      "closest": 0.1551283597946167,
      "centroid": 0.17822608351707458,
      "furthest": 0.20032069087028503
    }
  },
  "8": {
    "0": {
      "closest": -0.16667401790618896,
      "centroid": -0.1800004541873932,
      "furthest": -0.1939810961484909
    },
    "1": {
      "closest": 0.16764748096466064,
      "centroid": 0.1849999576807022,
      "furthest": 0.20372894406318665
    }
  },
  "9": {
    "0": {
      "closest": -0.18793423473834991,
      "centroid": -0.20442764461040497,
      "furthest": -0.22292111814022064
    },
    "1": {
      "closest": 0.16110186278820038,
      "centroid": 0.1881088763475418,
      "furthest": 0.21703211963176727
    }
  },
  "10": {
    "0": {
      "closest": -0.23392796516418457,
      "centroid": -0.2533299922943115,
      "furthest": -0.2817399501800537
    },
    "1": {
      "closest": 0.21354244649410248,
      "centroid": 0.23774877190589905,
      "furthest": 0.2677539587020874
    }
  },
  "11": {
    "0": {
      "closest": -0.2596108019351959,
      "centroid": -0.29822200536727905,
      "furthest": -0.3354935348033905
    },
    "1": {
      "closest": 0.24629326164722443,
      "centroid": 0.28772833943367004,
      "furthest": 0.3210475742816925
    }
  },
  "12": {
    "0": {
      "closest": -0.2364753782749176,
      "centroid": -0.2843063473701477,
      "furthest": -0.3192639946937561
    },
    "1": {
      "closest": 0.22251808643341064,
      "centroid": 0.27027079463005066,
      "furthest": 0.3032374382019043
    }
  },
  "13": {
    "0": {
      "closest": -0.22098983824253082,
      "centroid": -0.28788989782333374,
      "furthest": -0.3489997982978821
    },
    "1": {
      "closest": 0.2187890112400055,
      "centroid": 0.27087825536727905,
      "furthest": 0.3014479875564575
    }
  },
  "14": {
    "0": {
      "closest": -0.16667841374874115,
      "centroid": -0.2525535821914673,
      "furthest": -0.33289554715156555
    },
    "1": {
      "closest": 0.09288297593593597,
      "centroid": 0.25570055842399597,
      "furthest": 0.41803956031799316
    }
  },
  "15": {
    "0": {
      "closest": -0.19153271615505219,
      "centroid": -0.2810885012149811,
      "furthest": -0.35574862360954285
    },
    "1": {
      "closest": 0.10538139939308167,
      "centroid": 0.28942346572875977,
      "furthest": 0.552489697933197
    }
  },
  "16": {
    "0": {
      "closest": -0.27335307002067566,
      "centroid": -0.41879352927207947,
      "furthest": -0.5276685953140259
    },
    "1": {
      "closest": 0.19588829576969147,
      "centroid": 0.4192313253879547,
      "furthest": 0.7071129083633423
    }
  },
  "17": {
    "0": {
      "closest": -0.3973023593425751,
      "centroid": -0.5177187323570251,
      "furthest": -0.5990009307861328
    },
    "1": {
      "closest": 0.22997930645942688,
      "centroid": 0.5137235522270203,
      "furthest": 0.7739538550376892
    }
  },
  "18": {
    "0": {
      "closest": -0.4124179184436798,
      "centroid": -0.5473748445510864,
      "furthest": -0.6302483081817627
    },
    "1": {
      "closest": 0.06099960207939148,
      "centroid": 0.2911628782749176,
      "furthest": 0.5726721286773682
    }
  },
  "19": {
    "0": {
      "closest": -0.23403222858905792,
      "centroid": -0.37408503890037537,
      "furthest": -0.4882223308086395
    },
    "1": {
      "closest": 0.09420651942491531,
      "centroid": 0.29590168595314026,
      "furthest": 0.500097930431366
    }
  },
  "20": {
    "0": {
      "closest": -0.20524898171424866,
      "centroid": -0.3981775939464569,
      "furthest": -0.5358397960662842
    },
    "1": {
      "closest": 0.07812687009572983,
      "centroid": 0.31830036640167236,
      "furthest": 0.5565563440322876
    }
  },
  "21": {
    "0": {
      "closest": -0.34567099809646606,
      "centroid": -0.7488029599189758,
      "furthest": -0.909413754940033
    },
    "1": {
      "closest": 0.34257084131240845,
      "centroid": 0.783155083656311,
      "furthest": 1.3038171529769897
    }
  },
  "22": {
    "0": {
      "closest": -0.30741047859191895,
      "centroid": -0.593139111995697,
      "furthest": -0.8051599264144897
    },
    "1": {
      "closest": 0.0591198205947876,
      "centroid": 0.47872573137283325,
      "furthest": 0.9927386045455933
    }
  },
  "23": {
    "0": {
      "closest": -0.3093476891517639,
      "centroid": -0.543768584728241,
      "furthest": -0.7341038584709167
    },
    "1": {
      "closest": 0.09127354621887207,
      "centroid": 0.4889361560344696,
      "furthest": 1.0635082721710205
    }
  },
  "24": {
    "0": {
      "closest": -0.27030426263809204,
      "centroid": -0.5545917749404907,
      "furthest": -0.7119551301002502
    },
    "1": {
      "closest": 0.09586668014526367,
      "centroid": 0.5110751390457153,
      "furthest": 1.1127557754516602
    }
  },
  "25": {
    "0": {
      "closest": -0.3085869550704956,
      "centroid": -0.5450965762138367,
      "furthest": -0.6847803592681885
    },
    "1": {
      "closest": 0.2049020528793335,
      "centroid": 0.5558961629867554,
      "furthest": 1.0868767499923706
    }
  },
  "26": {
    "0": {
      "closest": -0.417397141456604,
      "centroid": -0.589389443397522,
      "furthest": -0.7175801992416382
    },
    "1": {
      "closest": 0.243705153465271,
      "centroid": 0.5959650278091431,
      "furthest": 1.1080479621887207
    }
  },
  "27": {
    "0": {
      "closest": -0.41704094409942627,
      "centroid": -0.5937090516090393,
      "furthest": -0.7638497352600098
    },
    "1": {
      "closest": 0.26783013343811035,
      "centroid": 0.5993945598602295,
      "furthest": 1.1207135915756226
    }
  },
  "28": {
    "0": {
      "closest": -0.2603682279586792,
      "centroid": -0.5154024362564087,
      "furthest": -0.7253222465515137
    },
    "1": {
      "closest": 0.3012082278728485,
      "centroid": 0.5222348570823669,