{
  "0": {
    "0": {
      "closest": -0.5969598293304443,
      "centroid": -0.6114247441291809,
      "furthest": -0.6238065958023071
    },
    "1": {
      "closest": 0.592017412185669,
      "centroid": 0.6114247441291809,
      "furthest": 0.6245710849761963
    }
  },
  "1": {
    "0": {
      "closest": -0.729904055595398,
      "centroid": -0.7449649572372437,
      "furthest": -0.7581390142440796
    },
    "1": {
      "closest": 0.7279300093650818,
      "centroid": 0.7449649572372437,
      "furthest": 0.7571450471878052
    }
  },
  "2": {
    "0": {
      "closest": -0.9459840059280396,
      "centroid": -0.9783210158348083,
      "furthest": -1.0087096691131592
    },
    "1": {
      "closest": 0.9522253274917603,
      "centroid": 0.9783210158348083,
      "furthest": 0.9912557005882263
    }
  },
  "3": {
    "0": {
      "closest": -1.099989652633667,
      "centroid": -1.1344598531723022,
      "furthest": -1.177525520324707
    },
    "1": {
      "closest": 1.1022735834121704,
      "centroid": 1.1344598531723022,
      "furthest": 1.161686658859253
    }
  },
  "4": {
    "0": {
      "closest": -1.3065664768218994,
      "centroid": -1.372449517250061,
      "furthest": -1.4282331466674805
    },
    "1": {
      "closest": 1.3112576007843018,
      "centroid": 1.372449517250061,
      "furthest": 1.4362273216247559
    }
  },
  "5": {
    "0": {
      "closest": -1.4985053539276123,
      "centroid": -1.590386986732483,
      "furthest": -1.6954752206802368
    },
    "1": {
      "closest": 1.385532259941101,
      "centroid": 1.5903868675231934,
      "furthest": 1.6857361793518066
    }
  },
  "6": {
    "0": {
      "closest": -1.5456979274749756,
      "centroid": -1.7335302829742432,
      "furthest": -1.849816918373108
    },
    "1": {
      "closest": 1.484931468963623,
      "centroid": 1.7335302829742432,
      "furthest": 1.8449480533599854
    }
  },
  "7": {
    "0": {
      "closest": -1.7254109382629395,
      "centroid": -2.0637919902801514,
      "furthest": -2.2353811264038086
    },
    "1": {
      "closest": 1.655304193496704,
      "centroid": 2.0637919902801514,
      "furthest": 2.188661575317383
    }
  },
  "8": {
    "0": {
      "closest": -1.7659932374954224,
      "centroid": -2.0950942039489746,
      "furthest": -2.3073620796203613
    },
    "1": {
      "closest": 1.675408959388733,
      "centroid": 2.0950942039489746,
      "furthest": 2.2390570640563965
    }
  },
  "9": {
    "0": {
      "closest": -2.0316288471221924,
      "centroid": -2.413398504257202,
      "furthest": -2.7076773643493652
    },
    "1": {
      "closest": 1.9928016662597656,
      "centroid": 2.413398504257202,
      "furthest": 2.5859174728393555
    }
  },
  "10": {
    "0": {
      "closest": -2.150546073913574,
      "centroid": -2.646308660507202,
      "furthest": -3.07875919342041
    },
    "1": {
      "closest": 2.146333694458008,
      "centroid": 2.646308660507202,
      "furthest": 2.8778717517852783
    }
  },
  "11": {
    "0": {
      "closest": -2.203073740005493,
      "centroid": -2.6695942878723145,
      "furthest": -2.9753823280334473
    },
    "1": {
      "closest": 2.021411418914795,
      "centroid": 2.6695945262908936,
      "furthest": 2.9452171325683594
    }
  },
  "12": {
    "0": {
      "closest": -2.3339414596557617,
      "centroid": -2.816817283630371,
      "furthest": -3.1154706478118896
    },
    "1": {
      "closest": 2.107076406478882,
      "centroid": 2.816817283630371,
      "furthest": 3.1410181522369385
    }
  },
  "13": {
    "0": {
      "closest": -2.319763660430908,
      "centroid": -2.959852457046509,
      "furthest": -3.270601987838745
    },
    "1": {
      "closest": 2.13348388671875,
      "centroid": 2.959852457046509,
      "furthest": 3.3954901695251465
    }
  },
  "14": {
    "0": {
      "closest": -2.303865909576416,
      "centroid": -3.184440851211548,
      "furthest": -3.510472297668457
    },
    "1": {
      "closest": 2.2603793144226074,
      "centroid": 3.184440851211548,
      "furthest": 3.698066473007202
    }
  },
  "15": {
    "0": {
      "closest": -2.6944618225097656,
      "centroid": -3.4845635890960693,
      "furthest": -3.8999485969543457
    },
    "1": {
      "closest": 2.4312098026275635,
      "centroid": 3.4845633506774902,
      "furthest": 4.118721961975098
    }
  },
  "16": {
    "0": {
      "closest": -2.996389389038086,
      "centroid": -3.91758394241333,
      "furthest": -4.53769588470459
    },
    "1": {
      "closest": 2.7056691646575928,
      "centroid": 3.91758394241333,
      "furthest": 4.661795616149902
    }
  },
  "17": {
    "0": {
      "closest": -3.174649238586426,
      "centroid": -4.334732532501221,
      "furthest": -5.0584306716918945
    },
    "1": {
      "closest": 3.0497403144836426,
      "centroid": 4.334732532501221,
      "furthest": 5.078199863433838
    }
  },
  "18": {
    "0": {
      "closest": -3.4082672595977783,
      "centroid": -4.6588335037231445,
      "furthest": -5.41957950592041
    },
    "1": {
      "closest": 3.218714714050293,
      "centroid": 4.658833980560303,
      "furthest": 5.5178985595703125
    }
  },
  "19": {
    "0": {
      "closest": -4.041486740112305,
      "centroid": -5.136771202087402,
      "furthest": -5.853638648986816
    },
    "1": {
      "closest": 3.689600944519043,
      "centroid": 5.136771202087402,
      "furthest": 6.0892333984375
    }
  },
  "20": {
    "0": {
      "closest": -4.39987850189209,
      "centroid": -5.5669450759887695,
      "furthest": -6.358819961547852
    },
    "1": {
      "closest": 3.8967175483703613,
      "centroid": 5.5669450759887695,
      "furthest": 6.7483062744140625
    }
  },
  "21": {
    "0": {
      "closest": -4.817646026611328,
      "centroid": -6.189461708068848,
      "furthest": -7.012719631195068
    },
    "1": {
      "closest": 4.20539665222168,
      "centroid": 6.1894612312316895,
      "furthest": 7.613779067993164
    }
  },
  "22": {
    "0": {
      "closest": -5.422688961029053,
      "centroid": -6.8127264976501465,
      "furthest": -7.621615409851074
    },
    "1": {
      "closest": 4.558246612548828,
      "centroid": 6.8127264976501465,
      "furthest": 8.489290237426758
    }
  },
  "23": {
    "0": {
      "closest": -5.896970748901367,
      "centroid": -7.388436317443848,
      "furthest": -8.236072540283203
    },
    "1": {
      "closest": 4.756180763244629,
      "centroid": 7.3884358406066895,
      "furthest": 9.394003868103027
    }
  },
  "24": {
    "0": {
      "closest": -6.1504950523376465,
      "centroid": -7.72926664352417,
      "furthest": -8.718513488769531
    },
    "1": {
      "closest": 4.777811527252197,
      "centroid": 7.72926664352417,
      "furthest": 9.944095611572266
    }
  },
  "25": {
    "0": {
      "closest": -6.431065559387207,
      "centroid": -8.02774429321289,
      "furthest": -9.185201644897461
    },
    "1": {
      "closest": 4.965442180633545,
      "centroid": 8.02774429321289,
      "furthest": 10.209854125976562
    }
  },
  "26": {
    "0": {
      "closest": -6.798352241516113,
      "centroid": -8.719493865966797,
      "furthest": -9.965481758117676
    },
    "1": {
      "closest": 5.220034122467041,
      "centroid": 8.719493865966797,
      "furthest": 11.104959487915039
    }
  },
  "27": {
    "0": {
      "closest": -7.012514114379883,
      "centroid": -9.420133590698242,
      "furthest": -10.874968528747559
    },
    "1": {
      "closest": 5.481015205383301,
      "centroid": 9.420132637023926,
      "furthest": 12.07016372680664
    }
  },
  "28": {
    "0": {
      "closest": -8.118779182434082,
      "centroid": -10.61739730834961,
      "furthest": -12.12310791015625
    },
    "1": {
      "closest": 5.981271266937256,
      "centroid": 10.617396354675293,
      "furthest": 13.597452163696289
    }
  },
  "29": {
    "0": {
      "closest": -9.335027694702148,