{
  "0": {
    "0": {
      "closest": -0.6006269454956055,
      "centroid": -0.6113684177398682,
      "furthest": -0.6248396635055542
    },
    "1": {
      "closest": 0.5913403034210205,
      "centroid": 0.6113684177398682,
      "furthest": 0.630567193031311
    }
  },
  "1": {
    "0": {
      "closest": -0.7288864254951477,
      "centroid": -0.7458250522613525,
      "furthest": -0.7644363641738892
    },
    "1": {
      "closest": 0.7262529730796814,
      "centroid": 0.7458251118659973,
      "furthest": 0.7614784240722656
    }
  },
  "2": {
    "0": {
      "closest": -0.9459476470947266,
      "centroid": -0.9775593280792236,
      "furthest": -1.008607029914856
    },
    "1": {
      "closest": 0.960811972618103,
      "centroid": 0.9775593280792236,
      "furthest": 0.9911584854125977
    }
  },
  "3": {
    "0": {
      "closest": -1.0753884315490723,
      "centroid": -1.1362344026565552,
      "furthest": -1.1871801614761353
    },
    "1": {
      "closest": 1.1009854078292847,
      "centroid": 1.1362344026565552,
      "furthest": 1.1647121906280518
    }
  },
  "4": {
    "0": {
      "closest": -1.3282313346862793,
      "centroid": -1.3908723592758179,
      "furthest": -1.44658625125885
    },
    "1": {
      "closest": 1.321038842201233,
      "centroid": 1.3908723592758179,
      "furthest": 1.4585306644439697
    }
  },
  "5": {
    "0": {
      "closest": -1.4680068492889404,
      "centroid": -1.6044158935546875,
      "furthest": -1.6905195713043213
    },
    "1": {
      "closest": 1.499733567237854,
      "centroid": 1.604416012763977,
      "furthest": 1.7054572105407715
    }
  },
  "6": {
    "0": {
      "closest": -1.5237947702407837,
      "centroid": -1.7391589879989624,
      "furthest": -1.8844753503799438
    },
    "1": {
      "closest": 1.6349527835845947,
      "centroid": 1.7391589879989624,
      "furthest": 1.8193910121917725
    }
  },
  "7": {
    "0": {
      "closest": -1.7181458473205566,
      "centroid": -2.0581846237182617,
      "furthest": -2.2172656059265137
    },
    "1": {
      "closest": 1.936592936515808,
      "centroid": 2.0581846237182617,
      "furthest": 2.1832971572875977
    }
  },
  "8": {
    "0": {
      "closest": -1.6584298610687256,
      "centroid": -2.094644546508789,
      "furthest": -2.3215770721435547
    },
    "1": {
      "closest": 1.9493317604064941,
      "centroid": 2.094644546508789,
      "furthest": 2.214172124862671
    }
  },
  "9": {
    "0": {
      "closest": -1.7405858039855957,
      "centroid": -2.3953330516815186,
      "furthest": -2.643615245819092
    },
    "1": {
      "closest": 1.9289183616638184,
      "centroid": 2.3953330516815186,
      "furthest": 2.5546905994415283
    }
  },
  "10": {
    "0": {
      "closest": -1.9970762729644775,
      "centroid": -2.6255815029144287,
      "furthest": -2.8840951919555664
    },
    "1": {
      "closest": 2.0663888454437256,
      "centroid": 2.6255815029144287,
      "furthest": 2.8616316318511963
    }
  },
  "11": {
    "0": {
      "closest": -2.207911968231201,
      "centroid": -2.71816086769104,
      "furthest": -2.935112953186035
    },
    "1": {
      "closest": 1.9960426092147827,
      "centroid": 2.718160629272461,
      "furthest": 3.0160064697265625
    }
  },
  "12": {
    "0": {
      "closest": -2.1928069591522217,
      "centroid": -2.906466007232666,
      "furthest": -3.2055211067199707
    },
    "1": {
      "closest": 1.9673855304718018,
      "centroid": 2.906466007232666,
      "furthest": 3.326279640197754
    }
  },
  "13": {
    "0": {
      "closest": -2.3882675170898438,
      "centroid": -3.077017068862915,
      "furthest": -3.475830078125
    },
    "1": {
      "closest": 1.8986304998397827,
      "centroid": 3.077016830444336,
      "furthest": 3.643735408782959
    }
  },
  "14": {
    "0": {
      "closest": -2.6742546558380127,
      "centroid": -3.3821444511413574,
      "furthest": -3.7689759731292725
    },
    "1": {
      "closest": 1.6337716579437256,
      "centroid": 3.3821442127227783,
      "furthest": 4.177412986755371
    }
  },
  "15": {
    "0": {
      "closest": -2.9999301433563232,
      "centroid": -3.7687172889709473,
      "furthest": -4.162325859069824
    },
    "1": {
      "closest": 1.4815022945404053,
      "centroid": 3.7687172889709473,
      "furthest": 4.738248825073242
    }
  },
  "16": {
    "0": {
      "closest": -3.2326292991638184,
      "centroid": -4.146050930023193,
      "furthest": -4.658857345581055
    },
    "1": {
      "closest": 1.793100357055664,
      "centroid": 4.146050930023193,
      "furthest": 5.082553863525391
    }
  },
  "17": {
    "0": {
      "closest": -3.6315722465515137,
      "centroid": -4.4929656982421875,
      "furthest": -5.033572673797607
    },
    "1": {
      "closest": 2.1902995109558105,
      "centroid": 4.4929656982421875,
      "furthest": 5.393963813781738
    }
  },
  "18": {
    "0": {
      "closest": -3.8794045448303223,
      "centroid": -4.764824867248535,
      "furthest": -5.344261169433594
    },
    "1": {
      "closest": 2.2679643630981445,
      "centroid": 4.764825344085693,
      "furthest": 5.758510589599609
    }
  },
  "19": {
    "0": {
      "closest": -4.485091209411621,
      "centroid": -5.224719524383545,
      "furthest": -5.773907661437988
    },
    "1": {
      "closest": 2.687089204788208,
      "centroid": 5.224719524383545,
      "furthest": 6.252593517303467
    }
  },
  "20": {
    "0": {
      "closest": -4.860898017883301,
      "centroid": -5.676403999328613,
      "furthest": -6.258833885192871
    },
    "1": {
      "closest": 2.785836696624756,
      "centroid": 5.6764044761657715,
      "furthest": 6.872167110443115
    }
  },
  "21": {
    "0": {
      "closest": -5.373354911804199,
      "centroid": -6.295854568481445,
      "furthest": -6.952865123748779
    },
    "1": {
      "closest": 2.9849390983581543,
      "centroid": 6.295854568481445,
      "furthest": 7.753453254699707
    }
  },
  "22": {
    "0": {
      "closest": -6.156304359436035,
      "centroid": -6.94735860824585,
      "furthest": -7.566841125488281
    },
    "1": {
      "closest": 3.298095464706421,
      "centroid": 6.947358131408691,
      "furthest": 8.644071578979492
    }
  },
  "23": {
    "0": {
      "closest": -6.704520225524902,
      "centroid": -7.528872013092041,
      "furthest": -8.178829193115234
    },
    "1": {
      "closest": 3.4347612857818604,
      "centroid": 7.528872489929199,
      "furthest": 9.469428062438965
    }
  },
  "24": {
    "0": {
      "closest": -6.967141151428223,
      "centroid": -7.930624485015869,
      "furthest": -8.602218627929688
    },
    "1": {
      "closest": 3.3606228828430176,
      "centroid": 7.930624008178711,
      "furthest": 10.109313011169434
    }
  },
  "25": {
    "0": {
      "closest": -7.247129917144775,
      "centroid": -8.247064590454102,
      "furthest": -9.022180557250977
    },
    "1": {
      "closest": 3.6024723052978516,
      "centroid": 8.247065544128418,
      "furthest": 10.459519386291504
    }
  },
  "26": {
    "0": {
      "closest": -7.795764923095703,
      "centroid": -8.907791137695312,
      "furthest": -9.731622695922852
    },
    "1": {
      "closest": 3.847893238067627,
      "centroid": 8.907792091369629,
      "furthest": 11.354011535644531
    }
  },
  "27": {
    "0": {
      "closest": -8.291598320007324,
      "centroid": -9.591116905212402,
      "furthest": -10.457290649414062
    },
    "1": {
      "closest": 4.001513481140137,
      "centroid": 9.591116905212402,
      "furthest": 12.31280517578125
    }
  },
  "28": {
    "0": {
      "closest": -9.385154724121094,
      "centroid": -10.841585159301758,
      "furthest": -11.855325698852539
    },
    "1": {
      "closest": 4.512028694152832,
      "centroid": 10.841586112976074,
      "furthest": 13.992898941040039
    }
  },
  "29": {
    "0": {
      "closest": -10.550968170166016,