{
  "0": {
    "0": {
      "closest": -0.5858832325684691,
      "centroid": -0.5980530189277944,
      "furthest": -0.6072865491057668
    },
    "1": {
      "closest": 0.6319459239516506,
      "centroid": 0.6441248368579351,
      "furthest": 0.6527152072271227
    }
  },
  "1": {
    "0": {
      "closest": -0.724471135216257,
      "centroid": -0.7394803619368372,
      "furthest": -0.7535127674013151
    },
    "1": {
      "closest": 0.7519219874291861,
      "centroid": 0.7633260764693485,
      "furthest": 0.7711632151617043
    }
  },
  "2": {
    "0": {
      "closest": -1.0368750250926428,
      "centroid": -1.0598284458754477,
      "furthest": -1.0808119735257677
    },
    "1": {
      "closest": 0.939609253083161,
      "centroid": 0.9546080233200824,
      "furthest": 0.9681276025907837
    }
  },
  "3": {
    "0": {
      "closest": -1.1996457703558434,
      "centroid": -1.227834360208777,
      "furthest": -1.2541203844881923
    },
    "1": {
      "closest": 1.1797716894052557,
      "centroid": 1.2031194683598387,
      "furthest": 1.223377300486645
    }
  },
  "4": {
    "0": {
      "closest": -1.3250579627552357,
      "centroid": -1.3667794508898345,
      "furthest": -1.3998379479421512
    },
    "1": {
      "closest": 1.496731770716404,
      "centroid": 1.5337924873815616,
      "furthest": 1.5737055248426852
    }
  },
  "5": {
    "0": {
      "closest": -1.448232613740557,
      "centroid": -1.5326282616498486,
      "furthest": -1.5712596039157993
    },
    "1": {
      "closest": 1.574843852819098,
      "centroid": 1.627631043984213,
      "furthest": 1.682070610810453
    }
  },
  "6": {
    "0": {
      "closest": -1.5116993415625402,
      "centroid": -1.6143256322247919,
      "furthest": -1.6749432532890558
    },
    "1": {
      "closest": 1.52880095707303,
      "centroid": 1.5846971829215477,
      "furthest": 1.6470074026619925
    }
  },
  "7": {
    "0": {
      "closest": -1.672752567634916,
      "centroid": -1.8010148541545299,
      "furthest": -1.8626275764436184
    },
    "1": {
      "closest": 1.6784772269110912,
      "centroid": 1.7450244832701372,
      "furthest": 1.7965584117831446
    }
  },
  "8": {
    "0": {
      "closest": -1.6608930239408615,
      "centroid": -1.817321889508857,
      "furthest": -1.8759110567954271
    },
    "1": {
      "closest": 1.6865668586624305,
      "centroid": 1.752983460958609,
      "furthest": 1.8141403276887167
    }
  },
  "9": {
    "0": {
      "closest": -1.9046641069761536,
      "centroid": -2.0934440620040906,
      "furthest": -2.1955674105734158
    },
    "1": {
      "closest": 1.9440259918018037,
      "centroid": 2.0060296539858413,
      "furthest": 2.075228762168249
    }
  },
  "10": {
    "0": {
      "closest": -2.0689907463903574,
      "centroid": -2.2899555852488414,
      "furthest": -2.4668159219939483
    },
    "1": {
      "closest": 2.0905779734359293,
      "centroid": 2.2039607480902634,
      "furthest": 2.298627787596997
    }
  },
  "11": {
    "0": {
      "closest": -2.150749149732551,
      "centroid": -2.3963080452929044,
      "furthest": -2.573599348242534
    },
    "1": {
      "closest": 2.1651740989659856,
      "centroid": 2.276648737787527,
      "furthest": 2.3842450453934774
    }
  },
  "12": {
    "0": {
      "closest": -2.069267687788509,
      "centroid": -2.421603309763764,
      "furthest": -2.7090405745673416
    },
    "1": {
      "closest": 2.1061368944936403,
      "centroid": 2.330670290550356,
      "furthest": 2.501518050781517
    }
  },
  "13": {
    "0": {
      "closest": -1.9640426220173945,
      "centroid": -2.4572053849449254,
      "furthest": -2.8271271210725093
    },
    "1": {
      "closest": 2.0922741948359986,
      "centroid": 2.3769065132126923,
      "furthest": 2.614312571271812
    }
  },
  "14": {
    "0": {
      "closest": -2.0007054565594795,
      "centroid": -2.56700805141759,
      "furthest": -2.951082850732223
    },
    "1": {
      "closest": 1.8724554404875924,
      "centroid": 2.5714510419989915,
      "furthest": 3.433288241292508
    }
  },
  "15": {
    "0": {
      "closest": -2.0325443572998174,
      "centroid": -2.633845193679718,
      "furthest": -2.974837979781035
    },
    "1": {
      "closest": 1.6715092846239772,
      "centroid": 2.5972538181878067,
      "furthest": 3.6792654709092996
    }
  },
  "16": {
    "0": {
      "closest": -2.380415685946227,
      "centroid": -2.90830541018469,
      "furthest": -3.2504671824029048
    },
    "1": {
      "closest": 1.7734979935673443,
      "centroid": 2.8722068054780676,
      "furthest": 3.962992952838794
    }
  },
  "17": {
    "0": {
      "closest": -2.5021688415814847,
      "centroid": -3.010638898520837,
      "furthest": -3.295606491438814
    },
    "1": {
      "closest": 1.8831799016048791,
      "centroid": 3.0625939613205833,
      "furthest": 4.2952672168753585
    }
  },
  "18": {
    "0": {
      "closest": -2.654339895876035,
      "centroid": -3.134989730647354,
      "furthest": -3.490236995443873
    },
    "1": {
      "closest": 2.0442665154607482,
      "centroid": 3.210981130455062,
      "furthest": 4.625327229665842
    }
  },
  "19": {
    "0": {
      "closest": -2.974687098638133,
      "centroid": -3.4138598446990187,
      "furthest": -3.8121466717919947
    },
    "1": {
      "closest": 2.2847066850772784,
      "centroid": 3.4720299726286665,
      "furthest": 4.9842881409204285
    }
  },
  "20": {
    "0": {
      "closest": -3.182494975433134,
      "centroid": -3.676818258524187,
      "furthest": -4.077073054442008
    },
    "1": {
      "closest": 2.4007862950227197,
      "centroid": 3.7869324302869005,
      "furthest": 5.685253265782965
    }
  },
  "21": {
    "0": {
      "closest": -3.5429157263092534,
      "centroid": -4.081394948852058,
      "furthest": -4.448786892562799
    },
    "1": {
      "closest": 2.57918812091474,
      "centroid": 4.196577487568148,
      "furthest": 6.366985556447119
    }
  },
  "22": {
    "0": {
      "closest": -3.8757997583314183,
      "centroid": -4.371339074754426,
      "furthest": -4.750197199344601
    },
    "1": {
      "closest": 2.8048589612387884,
      "centroid": 4.489444607094215,
      "furthest": 6.696165282371279
    }
  },
  "23": {
    "0": {
      "closest": -4.223699493308789,
      "centroid": -4.709591219764885,
      "furthest": -5.131934133528613
    },
    "1": {
      "closest": 2.992021244644925,
      "centroid": 4.7983786242940445,
      "furthest": 7.173396046589685
    }
  },
  "24": {
    "0": {
      "closest": -4.449172974546963,
      "centroid": -4.944546320934221,
      "furthest": -5.409364574316999
    },
    "1": {
      "closest": 3.16066635713125,
      "centroid": 5.067652456667983,
      "furthest": 7.528445280689408
    }
  },
  "25": {
    "0": {
      "closest": -4.542666926430963,
      "centroid": -5.195160530020619,
      "furthest": -5.753157096661228
    },
    "1": {
      "closest": 3.502033633177749,
      "centroid": 5.365423141424912,
      "furthest": 7.658622019188865
    }
  },
  "26": {
    "0": {
      "closest": -4.828982404591861,
      "centroid": -5.56006356875864,
      "furthest": -6.167782492520558
    },
    "1": {
      "closest": 3.7536999460507054,
      "centroid": 5.758329728180345,
      "furthest": 8.169817911946154
    }
  },
  "27": {
    "0": {
      "closest": -5.078529510551742,
      "centroid": -5.896052337924844,
      "furthest": -6.567180911486445
    },
    "1": {
      "closest": 4.0093923882025475,
      "centroid": 6.110230216410398,
      "furthest": 8.63443182232091
    }
  },
  "28": {
    "0": {
      "closest": -5.481718298951169,
      "centroid": -6.453270239901245,
      "furthest": -7.270727042131082
    },
    "1": {
      "closest": 4.500506684352499,
      "centroid": 6.676652680800057,
      "furthest": 9.284554699583037
    }
  },
  "29": {
    "0": {
      "closest": -5.952906707335006,