{
  "0": {
    "0": {
      "closest": -0.5990025995830442,
      "centroid": -0.6088232727226112,
      "furthest": -0.6176475425723064
    },
    "1": {
      "closest": 0.6205342475246248,
      "centroid": 0.632350227494975,
      "furthest": 0.6449881680611971
    }
  },
  "1": {
    "0": {
      "closest": -0.7341059592843242,
      "centroid": -0.7453426912726706,
      "furthest": -0.755680396684977
    },
    "1": {
      "closest": 0.7468777730093346,
      "centroid": 0.7571296929491479,
      "furthest": 0.7701487955520421
    }
  },
  "2": {
    "0": {
      "closest": -1.0000990643914198,
      "centroid": -1.018252608992793,
      "furthest": -1.040925554317271
    },
    "1": {
      "closest": 0.9854744911206195,
      "centroid": 0.9969234503854261,
      "furthest": 1.0078550756279143
    }
  },
  "3": {
    "0": {
      "closest": -1.180723003393403,
      "centroid": -1.2202371891852275,
      "furthest": -1.2458030835005791
    },
    "1": {
      "closest": 1.186179793265196,
      "centroid": 1.2065734418006193,
      "furthest": 1.2292996902535511
    }
  },
  "4": {
    "0": {
      "closest": -1.4007205517222032,
      "centroid": -1.4504094218309864,
      "furthest": -1.5003395275616742
    },
    "1": {
      "closest": 1.402547897270646,
      "centroid": 1.4499080491918368,
      "furthest": 1.489743439353986
    }
  },
  "5": {
    "0": {
      "closest": -1.5246142070790696,
      "centroid": -1.5716498447527152,
      "furthest": -1.623054998942086
    },
    "1": {
      "closest": 1.5120586628365567,
      "centroid": 1.5790703143419813,
      "furthest": 1.6308397413320768
    }
  },
  "6": {
    "0": {
      "closest": -1.5045624783158464,
      "centroid": -1.5954061123255854,
      "furthest": -1.669027633544201
    },
    "1": {
      "closest": 1.5037544682371362,
      "centroid": 1.5868951534656777,
      "furthest": 1.6361854934551974
    }
  },
  "7": {
    "0": {
      "closest": -1.6782340713365813,
      "centroid": -1.7705076076480168,
      "furthest": -1.8317437091222422
    },
    "1": {
      "closest": 1.6579812568649697,
      "centroid": 1.750987583802192,
      "furthest": 1.8222605740526088
    }
  },
  "8": {
    "0": {
      "closest": -1.6465897307446216,
      "centroid": -1.7743947120821184,
      "furthest": -1.8501405935863358
    },
    "1": {
      "closest": 1.683957123930651,
      "centroid": 1.7768646209765706,
      "furthest": 1.876290567787
    }
  },
  "9": {
    "0": {
      "closest": -1.8278147059888914,
      "centroid": -2.0573124008374153,
      "furthest": -2.15306211353524
    },
    "1": {
      "closest": 1.945058790477701,
      "centroid": 2.062506532965387,
      "furthest": 2.170498896727412
    }
  },
  "10": {
    "0": {
      "closest": -1.9784118831856383,
      "centroid": -2.2791468209630295,
      "furthest": -2.404699188474414
    },
    "1": {
      "closest": 2.116063056165671,
      "centroid": 2.273020061636209,
      "furthest": 2.3990576830763963
    }
  },
  "11": {
    "0": {
      "closest": -1.9749509054496266,
      "centroid": -2.3775602252678585,
      "furthest": -2.5462163054813516
    },
    "1": {
      "closest": 2.186027279375752,
      "centroid": 2.37842801892133,
      "furthest": 2.5425711584026636
    }
  },
  "12": {
    "0": {
      "closest": -1.7421191799212168,
      "centroid": -2.46384413598461,
      "furthest": -2.719911325839054
    },
    "1": {
      "closest": 1.9717978600344477,
      "centroid": 2.461331660064969,
      "furthest": 2.795090482035427
    }
  },
  "13": {
    "0": {
      "closest": -1.7166540806634447,
      "centroid": -2.5581286246182713,
      "furthest": -2.855210946399255
    },
    "1": {
      "closest": 1.8335893952961215,
      "centroid": 2.5609893812487856,
      "furthest": 3.0826125572054353
    }
  },
  "14": {
    "0": {
      "closest": -1.9797986631232865,
      "centroid": -2.9698960274461546,
      "furthest": -3.3693666362704366
    },
    "1": {
      "closest": 1.3369419710851629,
      "centroid": 3.001993643195504,
      "furthest": 4.18528591689961
    }
  },
  "15": {
    "0": {
      "closest": -2.188555577008752,
      "centroid": -3.162482638816865,
      "furthest": -3.530939280746084
    },
    "1": {
      "closest": 0.9585885324615145,
      "centroid": 3.2452751105255992,
      "furthest": 4.573486725574186
    }
  },
  "16": {
    "0": {
      "closest": -2.6084594225549123,
      "centroid": -3.570835195084484,
      "furthest": -3.926702290867595
    },
    "1": {
      "closest": 0.9356736264570729,
      "centroid": 3.6649416868796174,
      "furthest": 4.985110780559632
    }
  },
  "17": {
    "0": {
      "closest": -2.7950321150221744,
      "centroid": -3.7189336398729766,
      "furthest": -4.030858859011565
    },
    "1": {
      "closest": 1.0807444837552886,
      "centroid": 3.8429317613399188,
      "furthest": 5.009634724544099
    }
  },
  "18": {
    "0": {
      "closest": -3.062312372181575,
      "centroid": -3.980321574119054,
      "furthest": -4.239356346675805
    },
    "1": {
      "closest": 1.1040210372103298,
      "centroid": 4.098653359775517,
      "furthest": 5.476411191417903
    }
  },
  "19": {
    "0": {
      "closest": -3.499508339922669,
      "centroid": -4.313187592791581,
      "furthest": -4.5905423280393896
    },
    "1": {
      "closest": 1.2667050616338325,
      "centroid": 4.4595165728255814,
      "furthest": 5.938199163157541
    }
  },
  "20": {
    "0": {
      "closest": -3.8661131396399675,
      "centroid": -4.707810237164965,
      "furthest": -5.011825655246879
    },
    "1": {
      "closest": 1.4408230567582292,
      "centroid": 4.875870312532499,
      "furthest": 6.5487926309806905
    }
  },
  "21": {
    "0": {
      "closest": -4.327738461819144,
      "centroid": -5.163549808441653,
      "furthest": -5.483989912688246
    },
    "1": {
      "closest": 1.5325077072840079,
      "centroid": 5.400303452823254,
      "furthest": 7.267370280002236
    }
  },
  "22": {
    "0": {
      "closest": -4.618585197264952,
      "centroid": -5.4609502576863385,
      "furthest": -5.792390728906315
    },
    "1": {
      "closest": 1.7706289158428643,
      "centroid": 5.690134858876049,
      "furthest": 7.510931576241522
    }
  },
  "23": {
    "0": {
      "closest": -5.101247923528579,
      "centroid": -5.865872165161196,
      "furthest": -6.187339681038834
    },
    "1": {
      "closest": 1.6511139734420253,
      "centroid": 6.226461397981115,
      "furthest": 8.39087821327687
    }
  },
  "24": {
    "0": {
      "closest": -5.3509608824996535,
      "centroid": -6.179076695554962,
      "furthest": -6.538189092088282
    },
    "1": {
      "closest": 1.7779691241223174,
      "centroid": 6.505582018952018,
      "furthest": 8.552189792966155
    }
  },
  "25": {
    "0": {
      "closest": -5.475154208612795,
      "centroid": -6.429614940129141,
      "furthest": -6.933343680978008
    },
    "1": {
      "closest": 2.0877033509415384,
      "centroid": 6.722316716684739,
      "furthest": 8.605620829151377
    }
  },
  "26": {
    "0": {
      "closest": -5.923492254564758,
      "centroid": -6.889473127011402,
      "furthest": -7.473828640736662
    },
    "1": {
      "closest": 2.254841649037015,
      "centroid": 7.217898652074498,
      "furthest": 9.147284099724125
    }
  },
  "27": {
    "0": {
      "closest": -6.160996808951275,
      "centroid": -7.348049317562788,
      "furthest": -7.983875371554093
    },
    "1": {
      "closest": 2.252914307054991,
      "centroid": 7.739261029314166,
      "furthest": 9.834782667248373
    }
  },
  "28": {
    "0": {
      "closest": -6.659338216602068,
      "centroid": -7.9821968380107435,
      "furthest": -8.79116639442224
    },
    "1": {
      "closest": 2.6027092166676202,
      "centroid": 8.410719284711472,
      "furthest": 10.604693087252127
    }
  },
  "29": {
    "0": {
      "closest": -6.925574793429911,