{
  "0": {
    "0": {
      "closest": 0.0010738950222730637,
      "centroid": -0.026364337652921677,
      "furthest": -0.0690387561917305
    },
    "1": {
      "closest": -0.0004229433834552765,
      "centroid": 0.021174099296331406,
      "furthest": 0.05211057513952255
    }
  },
  "1": {
    "0": {
      "closest": -0.004696556366980076,
      "centroid": -0.044976845383644104,
      "furthest": -0.11989718675613403
    },
    "1": {
      "closest": 0.004199345596134663,
      "centroid": 0.034989964216947556,
      "furthest": 0.08373671770095825
    }
  },
  "2": {
    "0": {
      "closest": -0.012275884859263897,
      "centroid": -0.07660071551799774,
      "furthest": -0.19956889748573303
    },
    "1": {
      "closest": 0.012250871397554874,
      "centroid": 0.060245856642723083,
      "furthest": 0.14127185940742493
    }
  },
  "3": {
    "0": {
      "closest": -0.025888828560709953,
      "centroid": -0.12690332531929016,
      "furthest": -0.2829538583755493
    },
    "1": {
      "closest": 0.02291317842900753,
      "centroid": 0.10216189175844193,
      "furthest": 0.2299918830394745
    }
  },
  "4": {
    "0": {
      "closest": -0.031953416764736176,
      "centroid": -0.1751755326986313,
      "furthest": -0.4080813527107239
    },
    "1": {
      "closest": 0.025005847215652466,
      "centroid": 0.14318563044071198,
      "furthest": 0.3151755928993225
    }
  },
  "5": {
    "0": {
      "closest": -0.042207323014736176,
      "centroid": -0.23718227446079254,
      "furthest": -0.5426873564720154
    },
    "1": {
      "closest": 0.03628609701991081,
      "centroid": 0.18755802512168884,
      "furthest": 0.3842480778694153
    }
  },
  "6": {
    "0": {
      "closest": -0.009590372443199158,
      "centroid": -0.19096995890140533,
      "furthest": -0.43185293674468994
    },
    "1": {
      "closest": 0.004927773028612137,
      "centroid": 0.16489796340465546,
      "furthest": 0.3485226631164551
    }
  },
  "7": {
    "0": {
      "closest": -0.07781780511140823,
      "centroid": -0.3831856846809387,
      "furthest": -0.8306552171707153
    },
    "1": {
      "closest": 0.06676307320594788,
      "centroid": 0.3180564045906067,
      "furthest": 0.5829997658729553
    }
  },
  "8": {
    "0": {
      "closest": -0.09152573347091675,
      "centroid": -0.39773011207580566,
      "furthest": -0.8271876573562622
    },
    "1": {
      "closest": 0.07386372983455658,
      "centroid": 0.3444098234176636,
      "furthest": 0.6386479139328003
    }
  },
  "9": {
    "0": {
      "closest": -0.08947700262069702,
      "centroid": -0.4274426996707916,
      "furthest": -0.9097633957862854
    },
    "1": {
      "closest": 0.07995662838220596,
      "centroid": 0.38179436326026917,
      "furthest": 0.7404142618179321
    }
  },
  "10": {
    "0": {
      "closest": -0.019744757562875748,
      "centroid": -0.3182082772254944,
      "furthest": -0.6492217779159546
    },
    "1": {
      "closest": 0.0045733340084552765,
      "centroid": 0.28794729709625244,
      "furthest": 0.5233708620071411
    }
  },
  "11": {
    "0": {
      "closest": -0.014802470803260803,
      "centroid": -0.3205735683441162,
      "furthest": -0.659634530544281
    },
    "1": {
      "closest": 0.019408345222473145,
      "centroid": 0.2933647632598877,
      "furthest": 0.5335206985473633
    }
  },
  "12": {
    "0": {
      "closest": -0.027218500152230263,
      "centroid": -0.3625471591949463,
      "furthest": -0.7385377883911133
    },
    "1": {
      "closest": 0.05162867531180382,
      "centroid": 0.341418981552124,
      "furthest": 0.6141786575317383
    }
  },
  "13": {
    "0": {
      "closest": -0.12574124336242676,
      "centroid": -0.568838357925415,
      "furthest": -1.1247553825378418
    },
    "1": {
      "closest": 0.1557796597480774,
      "centroid": 0.5186542272567749,
      "furthest": 0.9201028943061829
    }
  },
  "14": {
    "0": {
      "closest": -0.14152108132839203,
      "centroid": -0.5924948453903198,
      "furthest": -1.1852667331695557
    },
    "1": {
      "closest": 0.15742015838623047,
      "centroid": 0.541441798210144,
      "furthest": 0.9252163767814636
    }
  },
  "15": {
    "0": {
      "closest": -0.14976562559604645,
      "centroid": -0.6624327898025513,
      "furthest": -1.3203461170196533
    },
    "1": {
      "closest": 0.17019440233707428,
      "centroid": 0.6038499474525452,
      "furthest": 1.0906310081481934
    }
  },
  "16": {
    "0": {
      "closest": -0.14927852153778076,
      "centroid": -0.6985339522361755,
      "furthest": -1.425055742263794
    },
    "1": {
      "closest": 0.1813667267560959,
      "centroid": 0.6264541745185852,
      "furthest": 1.082024097442627
    }
  },
  "17": {
    "0": {
      "closest": -0.16235719621181488,
      "centroid": -0.7650132179260254,
      "furthest": -1.596632957458496
    },
    "1": {
      "closest": 0.19912175834178925,
      "centroid": 0.7036513686180115,
      "furthest": 1.2684237957000732
    }
  },
  "18": {
    "0": {
      "closest": -0.16297480463981628,
      "centroid": -0.8010275959968567,
      "furthest": -1.6512908935546875
    },
    "1": {
      "closest": 0.20696423947811127,
      "centroid": 0.7611738443374634,
      "furthest": 1.4096245765686035
    }
  },
  "19": {
    "0": {
      "closest": -0.17587998509407043,
      "centroid": -0.8650897741317749,
      "furthest": -1.8028066158294678
    },
    "1": {
      "closest": 0.23248426616191864,
      "centroid": 0.8226535320281982,
      "furthest": 1.5042400360107422
    }
  },
  "20": {
    "0": {
      "closest": -0.19128534197807312,
      "centroid": -0.9233036041259766,
      "furthest": -1.931558609008789
    },
    "1": {
      "closest": 0.24791234731674194,
      "centroid": 0.8741374015808105,
      "furthest": 1.5924632549285889
    }
  },
  "21": {
    "0": {
      "closest": -0.20417571067810059,
      "centroid": -1.0030285120010376,
      "furthest": -2.0917904376983643
    },
    "1": {
      "closest": 0.2665027976036072,
      "centroid": 0.9802011251449585,
      "furthest": 1.8729065656661987
    }
  },
  "22": {
    "0": {
      "closest": -0.21254031360149384,
      "centroid": -1.0662891864776611,
      "furthest": -2.221529960632324
    },
    "1": {
      "closest": 0.28333714604377747,
      "centroid": 1.0435597896575928,
      "furthest": 2.013780117034912
    }
  },
  "23": {
    "0": {
      "closest": -0.22823958098888397,
      "centroid": -1.129778265953064,
      "furthest": -2.3743162155151367
    },
    "1": {
      "closest": 0.2934362292289734,
      "centroid": 1.1079963445663452,
      "furthest": 2.188607692718506
    }
  },
  "24": {
    "0": {
      "closest": -0.13600945472717285,
      "centroid": -1.0721157789230347,
      "furthest": -2.3401334285736084
    },
    "1": {
      "closest": 0.21412765979766846,
      "centroid": 1.0538233518600464,
      "furthest": 2.14574933052063
    }
  },
  "25": {
    "0": {
      "closest": -0.25303924083709717,
      "centroid": -1.2916135787963867,
      "furthest": -2.7389371395111084
    },
    "1": {
      "closest": 0.3275913596153259,
      "centroid": 1.2800146341323853,
      "furthest": 2.519578456878662
    }
  },
  "26": {
    "0": {
      "closest": -0.19483329355716705,
      "centroid": -1.2710171937942505,
      "furthest": -2.7715508937835693
    },
    "1": {
      "closest": 0.2707822024822235,
      "centroid": 1.2659339904785156,
      "furthest": 2.4962775707244873
    }
  },
  "27": {
    "0": {
      "closest": -0.21644140779972076,
      "centroid": -1.399173378944397,
      "furthest": -3.0918872356414795
    },
    "1": {
      "closest": 0.3002813160419464,
      "centroid": 1.3925726413726807,
      "furthest": 2.732661485671997
    }
  },
  "28": {
    "0": {
      "closest": -0.2420583814382553,
      "centroid": -1.545354962348938,
      "furthest": -3.4644346237182617
    },