{
  "0": {
    "0": {
      "closest": 0.0001283652540389384,
      "centroid": -0.03261520166512508,
      "furthest": -0.10629346055803832
    },
    "1": {
      "closest": 1.5924544229889946e-05,
      "centroid": 0.02530011374230552,
      "furthest": 0.06268957124538703
    }
  },
  "1": {
    "0": {
      "closest": -3.966699605927049e-05,
      "centroid": -0.049704568981341485,
      "furthest": -0.14439721249740442
    },
    "1": {
      "closest": -0.0003418116483155098,
      "centroid": 0.041126838030150374,
      "furthest": 0.0969267359115473
    }
  },
  "2": {
    "0": {
      "closest": -0.0029130792302638486,
      "centroid": -0.08607413107814411,
      "furthest": -0.2567034909037308
    },
    "1": {
      "closest": 0.0026143979733760578,
      "centroid": 0.07142408952125479,
      "furthest": 0.16089598580532544
    }
  },
  "3": {
    "0": {
      "closest": -0.001727509162013946,
      "centroid": -0.14699855871593798,
      "furthest": -0.3956256503111679
    },
    "1": {
      "closest": -0.00016927064255944924,
      "centroid": 0.11236106652468245,
      "furthest": 0.26020774899471577
    }
  },
  "4": {
    "0": {
      "closest": 0.0006625903998249139,
      "centroid": -0.2049458635085659,
      "furthest": -0.5222525719384008
    },
    "1": {
      "closest": -0.0019804891015612752,
      "centroid": 0.1752074515611936,
      "furthest": 0.36084494878905043
    }
  },
  "5": {
    "0": {
      "closest": -0.0037389399814387533,
      "centroid": -0.2353383563354178,
      "furthest": -0.5889154012325492
    },
    "1": {
      "closest": -0.0019577255264301915,
      "centroid": 0.20350995121608284,
      "furthest": 0.4598768034798402
    }
  },
  "6": {
    "0": {
      "closest": 0.0032359241425732946,
      "centroid": -0.22859462975891404,
      "furthest": -0.5578159709790411
    },
    "1": {
      "closest": -0.014627401970388957,
      "centroid": 0.18935875419460216,
      "furthest": 0.41966331018803144
    }
  },
  "7": {
    "0": {
      "closest": -0.004725740557530916,
      "centroid": -0.33394823473014595,
      "furthest": -0.8037912026196288
    },
    "1": {
      "closest": 0.01028056284906791,
      "centroid": 0.2850082895442047,
      "furthest": 0.6585272337429293
    }
  },
  "8": {
    "0": {
      "closest": -0.023885234862354804,
      "centroid": -0.2989968404052904,
      "furthest": -0.688725036896148
    },
    "1": {
      "closest": 0.0282291766304075,
      "centroid": 0.24941123125079806,
      "furthest": 0.5581053564941019
    }
  },
  "9": {
    "0": {
      "closest": 0.000953007088288169,
      "centroid": -0.4309607670982441,
      "furthest": -0.9953623685577019
    },
    "1": {
      "closest": 0.004877051365934446,
      "centroid": 0.396600142155668,
      "furthest": 0.8587618531648616
    }
  },
  "10": {
    "0": {
      "closest": 0.0009338164856602105,
      "centroid": -0.3963072008442202,
      "furthest": -0.8540991931683757
    },
    "1": {
      "closest": 0.024210817934050867,
      "centroid": 0.3495689754063163,
      "furthest": 0.7586179979500896
    }
  },
  "11": {
    "0": {
      "closest": -0.0018310707033938837,
      "centroid": -0.3858447466651431,
      "furthest": -0.8475089066052393
    },
    "1": {
      "closest": 0.035477075309190954,
      "centroid": 0.33827662151076643,
      "furthest": 0.7385589933431512
    }
  },
  "12": {
    "0": {
      "closest": -0.009965965126284641,
      "centroid": -0.4595509694638348,
      "furthest": -1.038942588307912
    },
    "1": {
      "closest": 0.004386672182816886,
      "centroid": 0.3840683913467665,
      "furthest": 0.8563495987381972
    }
  },
  "13": {
    "0": {
      "closest": -0.049614429981304,
      "centroid": -0.35430889084667055,
      "furthest": -0.8002919413085628
    },
    "1": {
      "closest": 0.024588888026470357,
      "centroid": 0.3031313851171125,
      "furthest": 0.6806689551020394
    }
  },
  "14": {
    "0": {
      "closest": -0.0004990663030072125,
      "centroid": -0.44650038434705225,
      "furthest": -1.0399658283762165
    },
    "1": {
      "closest": -0.021030247456511376,
      "centroid": 0.3907584893189209,
      "furthest": 0.8913967632089207
    }
  },
  "15": {
    "0": {
      "closest": 0.017083783282669362,
      "centroid": -0.4842833472591852,
      "furthest": -1.1504127053686088
    },
    "1": {
      "closest": -0.01871490345163532,
      "centroid": 0.4202719849948096,
      "furthest": 1.0059096347342014
    }
  },
  "16": {
    "0": {
      "closest": -0.06510419321862912,
      "centroid": -0.44007863817854725,
      "furthest": -1.1338429064063704
    },
    "1": {
      "closest": 0.025379077268537647,
      "centroid": 0.3759250323346264,
      "furthest": 0.8819322844609769
    }
  },
  "17": {
    "0": {
      "closest": -0.017521782117316746,
      "centroid": -0.5018341951229951,
      "furthest": -1.3339289379826527
    },
    "1": {
      "closest": 0.01777713811756019,
      "centroid": 0.42677072435741636,
      "furthest": 1.0256141821773639
    }
  },
  "18": {
    "0": {
      "closest": -0.08046335144633798,
      "centroid": -0.5261493257072198,
      "furthest": -1.4079029111137378
    },
    "1": {
      "closest": 0.0580699756845764,
      "centroid": 0.45785756901810987,
      "furthest": 1.0216203280124438
    }
  },
  "19": {
    "0": {
      "closest": 0.005348851636148568,
      "centroid": -0.6027126628919519,
      "furthest": -1.6031086822864355
    },
    "1": {
      "closest": 0.04889035904620395,
      "centroid": 0.5269694315529772,
      "furthest": 1.1638162472951916
    }
  },
  "20": {
    "0": {
      "closest": -0.01868161572009386,
      "centroid": -0.6183486952219833,
      "furthest": -1.6953263999452302
    },
    "1": {
      "closest": -0.00032294187086196174,
      "centroid": 0.5491668965164613,
      "furthest": 1.3359097108013798
    }
  },
  "21": {
    "0": {
      "closest": -0.08040790835346166,
      "centroid": -0.6972200553688532,
      "furthest": -1.7391044456796074
    },
    "1": {
      "closest": -0.013223567385061414,
      "centroid": 0.5988073896416376,
      "furthest": 1.3379292946152115
    }
  },
  "22": {
    "0": {
      "closest": -0.10264795174792875,
      "centroid": -0.7440331003293171,
      "furthest": -1.9814750721696412
    },
    "1": {
      "closest": 0.10499544007326708,
      "centroid": 0.6131201176028217,
      "furthest": 1.4782340682709836
    }
  },
  "23": {
    "0": {
      "closest": -0.0018540199157905182,
      "centroid": -1.0315663659603924,
      "furthest": -2.87597285364686
    },
    "1": {
      "closest": 0.019785219484912,
      "centroid": 0.8807441022247245,
      "furthest": 2.0948327847802934
    }
  },
  "24": {
    "0": {
      "closest": -0.009490209147166934,
      "centroid": -1.0581011684494392,
      "furthest": -3.013588915271343
    },
    "1": {
      "closest": 0.013708404379982341,
      "centroid": 0.9110161327609367,
      "furthest": 2.1562363748616558
    }
  },
  "25": {
    "0": {
      "closest": -0.20060989330057916,
      "centroid": -0.8575482741463983,
      "furthest": -2.326989367225937
    },
    "1": {
      "closest": 0.20940023952585213,
      "centroid": 0.7067190736205657,
      "furthest": 1.6978626177219969
    }
  },
  "26": {
    "0": {
      "closest": -0.17778462616078772,
      "centroid": -0.9524094146229336,
      "furthest": -2.5569521421970056
    },
    "1": {
      "closest": 0.12596364315270048,
      "centroid": 0.7987092034681423,
      "furthest": 1.847482680256208
    }
  },
  "27": {
    "0": {
      "closest": -0.14099064918287127,
      "centroid": -1.0413453501653365,
      "furthest": -2.878530903485764
    },
    "1": {
      "closest": 0.062668523220941,
      "centroid": 0.8728081722265508,
      "furthest": 2.090236559823567
    }
  },
  "28": {
    "0": {
      "closest": 0.004744680081193969,
      "centroid": -1.2781033756697786,