{
  "0": {
    "acc": 0.97875,
    "precision": 0.982367758186398,
    "recall": 0.975,
    "f1": 0.9786700125470514,
    "auc": 0.9970187500000001,
    "mse": 0.01859049420950988
  },
  "1": {
    "acc": 0.98125,
    "precision": 0.9776674937965261,
    "recall": 0.985,
    "f1": 0.9813200498132005,
    "auc": 0.99511875,
    "mse": 0.025381452451641008
  },
  "2": {
    "acc": 0.97875,
    "precision": 0.9751861042183623,
    "recall": 0.9825,
    "f1": 0.9788293897882939,
    "auc": 0.9951125000000001,
    "mse": 0.0341210881227806
  },
  "3": {
    "acc": 0.97625,
    "precision": 0.9774436090225563,
    "recall": 0.975,
    "f1": 0.9762202753441802,
    "auc": 0.9957750000000001,
    "mse": 0.017899810322503536
  },
  "4": {
    "acc": 0.97125,
    "precision": 0.9654320987654321,
    "recall": 0.9775,
    "f1": 0.9714285714285714,
    "auc": 0.9937,
    "mse": 0.042303364870648945
  },
  "5": {
    "acc": 0.97375,
    "precision": 0.9702233250620348,
    "recall": 0.9775,
    "f1": 0.9738480697384807,
    "auc": 0.9960249999999999,
    "mse": 0.03488366327470623
  },
  "6": {
    "acc": 0.9975,
    "precision": 0.9975,
    "recall": 0.9975,
    "f1": 0.9975,
    "auc": 0.99998125,
    "mse": 0.00630217220455321
  },
  "7": {
    "acc": 0.98375,
    "precision": 0.9825436408977556,
    "recall": 0.985,
    "f1": 0.9837702871410736,
    "auc": 0.9972625,
    "mse": 0.023868542094932457
  },
  "8": {
    "acc": 1.0,
    "precision": 1.0,
    "recall": 1.0,
    "f1": 1.0,
    "auc": 1.0,
    "mse": 0.00367047683279358
  },
  "9": {
    "acc": 0.965,
    "precision": 0.9514563106796117,
    "recall": 0.98,
    "f1": 0.9655172413793104,
    "auc": 0.9926875000000001,
    "mse": 0.05597678803764399
  },
  "10": {
    "acc": 0.985,
    "precision": 0.985,
    "recall": 0.985,
    "f1": 0.985,
    "auc": 0.99861875,
    "mse": 0.01859700491337021
  },
  "11": {
    "acc": 0.98625,
    "precision": 0.9874686716791979,
    "recall": 0.985,
    "f1": 0.986232790988736,
    "auc": 0.99881875,
    "mse": 0.01840302835993397
  },
  "12": {
    "acc": 0.98375,
    "precision": 0.9825436408977556,
    "recall": 0.985,
    "f1": 0.9837702871410736,
    "auc": 0.9977,
    "mse": 0.020036312966350847
  },
  "13": {
    "acc": 1.0,
    "precision": 1.0,
    "recall": 1.0,
    "f1": 1.0,
    "auc": 1.0,
    "mse": 0.002001892863083856
  },
  "14": {
    "acc": 0.98625,
    "precision": 0.9874686716791979,
    "recall": 0.985,
    "f1": 0.986232790988736,
    "auc": 0.99910625,
    "mse": 0.015574282499053025
  },
  "15": {
    "acc": 0.9925,
    "precision": 0.9949748743718593,
    "recall": 0.99,
    "f1": 0.9924812030075187,
    "auc": 0.9993937500000001,
    "mse": 0.012152399065484775
  },
  "16": {
    "acc": 1.0,
    "precision": 1.0,
    "recall": 1.0,
    "f1": 1.0,
    "auc": 1.0,
    "mse": 0.0016540529256793045
  },
  "17": {
    "acc": 1.0,
    "precision": 1.0,
    "recall": 1.0,
    "f1": 1.0,
    "auc": 1.0,
    "mse": 0.0018860682501183087
  },
  "18": {
    "acc": 1.0,
    "precision": 1.0,
    "recall": 1.0,
    "f1": 1.0,
    "auc": 1.0,
    "mse": 0.0011723372508847744
  },
  "19": {
    "acc": 0.99625,
    "precision": 0.9974937343358395,
    "recall": 0.995,
    "f1": 0.9962453066332916,
    "auc": 0.9998499999999999,
    "mse": 0.008162267176817147
  },
  "20": {
    "acc": 0.99875,
    "precision": 1.0,
    "recall": 0.9975,
    "f1": 0.9987484355444305,
    "auc": 1.0,
    "mse": 0.002387647205089871
  },
  "21": {
    "acc": 0.99875,
    "precision": 1.0,
    "recall": 0.9975,
    "f1": 0.9987484355444305,
    "auc": 1.0,
    "mse": 0.004879143604004885
  },
  "22": {
    "acc": 1.0,
    "precision": 1.0,
    "recall": 1.0,
    "f1": 1.0,
    "auc": 1.0,
    "mse": 0.000537329043367047
  },
  "23": {
    "acc": 0.98,
    "precision": 0.98,
    "recall": 0.98,
    "f1": 0.98,
    "auc": 0.9974375,
    "mse": 0.025995110952994182
  },
  "24": {
    "acc": 0.9825,
    "precision": 0.9825,
    "recall": 0.9825,
    "f1": 0.9825,
    "auc": 0.99800625,
    "mse": 0.02360985914442986
  },
  "25": {
    "acc": 1.0,
    "precision": 1.0,
    "recall": 1.0,
    "f1": 1.0,
    "auc": 1.0,
    "mse": 0.0001362068445081507
  },
  "26": {
    "acc": 1.0,
    "precision": 1.0,
    "recall": 1.0,
    "f1": 1.0,
    "auc": 1.0,
    "mse": 0.002094149962855899
  },
  "27": {
    "acc": 1.0,
    "precision": 1.0,
    "recall": 1.0,
    "f1": 1.0,
    "auc": 1.0,
    "mse": 0.002482507993519562
  },
  "28": {
    "acc": 0.99125,
    "precision": 0.9924812030075187,
    "recall": 0.99,
    "f1": 0.9912390488110138,
    "auc": 0.9994124999999999,
    "mse": 0.015268191989449589
  },
  "29": {
    "acc": 0.9925,
    "precision": 0.9949748743718593,
    "recall": 0.99,
    "f1": 0.9924812030075187,
    "auc": 0.9996625,
    "mse": 0.013288970931587757
  },
  "30": {
    "acc": 0.995,
    "precision": 0.9974874371859297,
    "recall": 0.9925,
    "f1": 0.9949874686716792,
    "auc": 0.99989375,
    "mse": 0.010305880697644026
  },
  "31": {
    "acc": 1.0,
    "precision": 1.0,
    "recall": 1.0,
    "f1": 1.0,
    "auc": 1.0,
    "mse": 0.0006837417151151684
  },
  "aggregation": {
    "acc": 99.625,
    "precision": 1.0,
    "recall": 0.9925,
    "f1": 0.9962358845671268,
    "auc": 0.99996875,
    "mse": 0.009481884991931634
  }
}