{
  "0": {
    "0": {
      "closest": 0.00039275341241723147,
      "centroid": -0.044364233046260554,
      "furthest": -0.13386871979308068
    },
    "1": {
      "closest": -0.00011053960813776475,
      "centroid": 0.04226058629326383,
      "furthest": 0.09668448918310112
    }
  },
  "1": {
    "0": {
      "closest": -0.0009289506866144021,
      "centroid": -0.06610808828281767,
      "furthest": -0.192149213815498
    },
    "1": {
      "closest": -0.005126894607756442,
      "centroid": 0.057205055342174065,
      "furthest": 0.12955051056341754
    }
  },
  "2": {
    "0": {
      "closest": -0.00035269702757118396,
      "centroid": -0.1157602245484028,
      "furthest": -0.29044401825689325
    },
    "1": {
      "closest": 0.001114527874847178,
      "centroid": 0.10437753063946272,
      "furthest": 0.22869285672025508
    }
  },
  "3": {
    "0": {
      "closest": -0.022344007947492046,
      "centroid": -0.1806542644541116,
      "furthest": -0.39415896380211013
    },
    "1": {
      "closest": 0.013899449166547109,
      "centroid": 0.17225391862454809,
      "furthest": 0.3481664752562079
    }
  },
  "4": {
    "0": {
      "closest": -0.002257034538883166,
      "centroid": -0.2874470415356785,
      "furthest": -0.6537242681035211
    },
    "1": {
      "closest": 0.025424334318455134,
      "centroid": 0.276476536419814,
      "furthest": 0.5377007437909804
    }
  },
  "5": {
    "0": {
      "closest": -0.0033342065544948105,
      "centroid": -0.37457675079097724,
      "furthest": -0.7925821954284424
    },
    "1": {
      "closest": 0.06036596808884596,
      "centroid": 0.3156616467286997,
      "furthest": 0.599286889612375
    }
  },
  "6": {
    "0": {
      "closest": -0.01616027847922931,
      "centroid": -0.4621913829815478,
      "furthest": -0.9352394803166343
    },
    "1": {
      "closest": 0.07876970033304881,
      "centroid": 0.39865522414962085,
      "furthest": 0.7314011537578637
    }
  },
  "7": {
    "0": {
      "closest": 0.016746417748592313,
      "centroid": -0.5071220927021457,
      "furthest": -0.917619673318694
    },
    "1": {
      "closest": 0.0779328806561358,
      "centroid": 0.49551982671495,
      "furthest": 0.8953723688435269
    }
  },
  "8": {
    "0": {
      "closest": 0.00963313898049567,
      "centroid": -0.5517029520168972,
      "furthest": -0.9773251322434163
    },
    "1": {
      "closest": 0.08173691743583117,
      "centroid": 0.5302503571465185,
      "furthest": 0.993610169514593
    }
  },
  "9": {
    "0": {
      "closest": -0.0693157889677809,
      "centroid": -0.5883994867695754,
      "furthest": -1.0359039368570282
    },
    "1": {
      "closest": 0.11964990894109205,
      "centroid": 0.5198971657545465,
      "furthest": 0.9673896600982312
    }
  },
  "10": {
    "0": {
      "closest": -0.02416073148019616,
      "centroid": -0.6352991358236495,
      "furthest": -1.08233397085767
    },
    "1": {
      "closest": 0.12645233311714904,
      "centroid": 0.6196467138481679,
      "furthest": 1.1624751640798918
    }
  },
  "11": {
    "0": {
      "closest": -0.016826162115267607,
      "centroid": -0.6741743476467655,
      "furthest": -1.158321616690953
    },
    "1": {
      "closest": 0.10247775607762385,
      "centroid": 0.5976550803741218,
      "furthest": 1.1311171449933155
    }
  },
  "12": {
    "0": {
      "closest": 0.024464748747428586,
      "centroid": -0.7301520442375464,
      "furthest": -1.280729890465929
    },
    "1": {
      "closest": 0.10750917867146645,
      "centroid": 0.6761877866097328,
      "furthest": 1.2441560348716105
    }
  },
  "13": {
    "0": {
      "closest": 0.011297291045539323,
      "centroid": -0.7070380312936899,
      "furthest": -1.2370524996490269
    },
    "1": {
      "closest": 0.1604249765811514,
      "centroid": 0.6800872328534688,
      "furthest": 1.177597955430358
    }
  },
  "14": {
    "0": {
      "closest": -0.11037903959505227,
      "centroid": -0.6707898394842468,
      "furthest": -1.17780913044452
    },
    "1": {
      "closest": 0.12772969868226425,
      "centroid": 0.6096128961796933,
      "furthest": 1.0842227002523228
    }
  },
  "15": {
    "0": {
      "closest": 0.037054056719260375,
      "centroid": -0.7906747931646794,
      "furthest": -1.5700129644292518
    },
    "1": {
      "closest": 0.11677174011775893,
      "centroid": 0.7284444451924658,
      "furthest": 1.284332067285548
    }
  },
  "16": {
    "0": {
      "closest": 0.06448394389619963,
      "centroid": -0.8456268022832041,
      "furthest": -1.6835028899412408
    },
    "1": {
      "closest": 0.03490136227117595,
      "centroid": 0.8321537152193657,
      "furthest": 1.4928295496257944
    }
  },
  "17": {
    "0": {
      "closest": -0.009790661647851695,
      "centroid": -0.8342234716380187,
      "furthest": -1.5982088849336675
    },
    "1": {
      "closest": 0.16943689437471166,
      "centroid": 0.84413596399651,
      "furthest": 1.5354410123899471
    }
  },
  "18": {
    "0": {
      "closest": -0.06554840136824358,
      "centroid": -0.8806666580934305,
      "furthest": -1.7838343302291304
    },
    "1": {
      "closest": 0.22630182196183568,
      "centroid": 0.8735577997993996,
      "furthest": 1.5598874251432997
    }
  },
  "19": {
    "0": {
      "closest": -0.07823824378696898,
      "centroid": -1.0648058334335873,
      "furthest": -2.5097525372689318
    },
    "1": {
      "closest": 0.14921191284315805,
      "centroid": 1.0010354503910883,
      "furthest": 1.922372150354342
    }
  },
  "20": {
    "0": {
      "closest": -0.06450461169321814,
      "centroid": -1.1229495701362986,
      "furthest": -2.357664793403731
    },
    "1": {
      "closest": 0.06665283051403181,
      "centroid": 1.1456715587203865,
      "furthest": 2.1740503312250885
    }
  },
  "21": {
    "0": {
      "closest": -0.15407157222542034,
      "centroid": -1.0955296770736056,
      "furthest": -2.459943461932337
    },
    "1": {
      "closest": 0.2105890781504654,
      "centroid": 1.1560357591427928,
      "furthest": 2.364135322233056
    }
  },
  "22": {
    "0": {
      "closest": -0.2104733086210877,
      "centroid": -1.1541021437186165,
      "furthest": -2.5015687124989427
    },
    "1": {
      "closest": 0.2872068019928117,
      "centroid": 1.1840313813111936,
      "furthest": 2.4230459956140176
    }
  },
  "23": {
    "0": {
      "closest": -0.10285844940480793,
      "centroid": -1.3740862943764416,
      "furthest": -3.047739531011199
    },
    "1": {
      "closest": 0.052011269756206235,
      "centroid": 1.3902809758483539,
      "furthest": 2.8059628710511175
    }
  },
  "24": {
    "0": {
      "closest": 0.0973055021358934,
      "centroid": -1.4274498317310886,
      "furthest": -3.26337366706285
    },
    "1": {
      "closest": 0.0806165295048755,
      "centroid": 1.4483775067707365,
      "furthest": 2.888151359540148
    }
  },
  "25": {
    "0": {
      "closest": -0.3808256182051001,
      "centroid": -1.4871368534567904,
      "furthest": -4.052071955516368
    },
    "1": {
      "closest": 0.30350869228965305,
      "centroid": 1.3209083297114665,
      "furthest": 2.844085717415879
    }
  },
  "26": {
    "0": {
      "closest": -0.14178993625828173,
      "centroid": -1.5535790604788007,
      "furthest": -4.168753948894769
    },
    "1": {
      "closest": 0.27943920380234283,
      "centroid": 1.6220115405556639,
      "furthest": 3.402196006122007
    }
  },
  "27": {
    "0": {
      "closest": -0.09100656630282078,
      "centroid": -1.6713488052413945,
      "furthest": -4.349082431229035
    },
    "1": {
      "closest": 0.3349739845841426,
      "centroid": 1.7059991372688854,
      "furthest": 3.6724229057110147
    }
  },
  "28": {
    "0": {
      "closest": -0.10334201206985294,
      "centroid": -2.1229382922217552,
      "furthest": -5.135321915998547
    },
    "1": {
      "closest": 0.004195058117441031,