{
  "0": {
    "acc": 0.94875,
    "precision": 0.9367396593673966,
    "recall": 0.9625,
    "f1": 0.9494451294697904,
    "auc": 0.9897312500000001,
    "mse": 0.05954313521727453
  },
  "1": {
    "acc": 0.9875,
    "precision": 0.9850746268656716,
    "recall": 0.99,
    "f1": 0.9875311720698254,
    "auc": 0.998575,
    "mse": 0.012466131615728975
  },
  "2": {
    "acc": 0.99125,
    "precision": 0.9900249376558603,
    "recall": 0.9925,
    "f1": 0.9912609238451935,
    "auc": 0.9991375,
    "mse": 0.011039101707966417
  },
  "3": {
    "acc": 1.0,
    "precision": 1.0,
    "recall": 1.0,
    "f1": 1.0,
    "auc": 1.0,
    "mse": 0.00351974769875541
  },
  "4": {
    "acc": 0.99125,
    "precision": 0.9851851851851852,
    "recall": 0.9975,
    "f1": 0.991304347826087,
    "auc": 0.9997937499999999,
    "mse": 0.014795314535586
  },
  "5": {
    "acc": 0.9975,
    "precision": 0.9950248756218906,
    "recall": 1.0,
    "f1": 0.9975062344139651,
    "auc": 1.0,
    "mse": 0.0027230667345592495
  },
  "6": {
    "acc": 0.99875,
    "precision": 0.9975062344139651,
    "recall": 1.0,
    "f1": 0.9987515605493134,
    "auc": 1.0,
    "mse": 0.0022679198144719003
  },
  "7": {
    "acc": 0.99625,
    "precision": 0.9925558312655087,
    "recall": 1.0,
    "f1": 0.9962640099626401,
    "auc": 0.99999375,
    "mse": 0.004249062072872722
  },
  "8": {
    "acc": 0.99625,
    "precision": 0.9925558312655087,
    "recall": 1.0,
    "f1": 0.9962640099626401,
    "auc": 1.0,
    "mse": 0.004031789992867408
  },
  "9": {
    "acc": 1.0,
    "precision": 1.0,
    "recall": 1.0,
    "f1": 1.0,
    "auc": 1.0,
    "mse": 0.00045412419425463015
  },
  "10": {
    "acc": 0.9975,
    "precision": 0.9950248756218906,
    "recall": 1.0,
    "f1": 0.9975062344139651,
    "auc": 0.9999875,
    "mse": 0.003631681625243594
  },
  "11": {
    "acc": 0.99875,
    "precision": 0.9975062344139651,
    "recall": 1.0,
    "f1": 0.9987515605493134,
    "auc": 0.99999375,
    "mse": 0.0018960315469842975
  },
  "12": {
    "acc": 0.99625,
    "precision": 0.9925558312655087,
    "recall": 1.0,
    "f1": 0.9962640099626401,
    "auc": 0.9996125,
    "mse": 0.0038219819703441665
  },
  "13": {
    "acc": 0.99625,
    "precision": 0.9925558312655087,
    "recall": 1.0,
    "f1": 0.9962640099626401,
    "auc": 0.99989375,
    "mse": 0.0034894637617396405
  },
  "14": {
    "acc": 1.0,
    "precision": 1.0,
    "recall": 1.0,
    "f1": 1.0,
    "auc": 1.0,
    "mse": 0.0002575450417571964
  },
  "15": {
    "acc": 0.99625,
    "precision": 0.9925558312655087,
    "recall": 1.0,
    "f1": 0.9962640099626401,
    "auc": 0.9998750000000001,
    "mse": 0.0038240339019972747
  },
  "16": {
    "acc": 0.995,
    "precision": 0.9900990099009901,
    "recall": 1.0,
    "f1": 0.9950248756218906,
    "auc": 0.99943125,
    "mse": 0.01315429050802535
  },
  "17": {
    "acc": 1.0,
    "precision": 1.0,
    "recall": 1.0,
    "f1": 1.0,
    "auc": 1.0,
    "mse": 0.001507435983156552
  },
  "18": {
    "acc": 1.0,
    "precision": 1.0,
    "recall": 1.0,
    "f1": 1.0,
    "auc": 1.0,
    "mse": 0.0011886753019769655
  },
  "19": {
    "acc": 0.9975,
    "precision": 0.9950248756218906,
    "recall": 1.0,
    "f1": 0.9975062344139651,
    "auc": 1.0,
    "mse": 0.002474340816125363
  },
  "20": {
    "acc": 0.9975,
    "precision": 0.9950248756218906,
    "recall": 1.0,
    "f1": 0.9975062344139651,
    "auc": 0.99989375,
    "mse": 0.00868627742321692
  },
  "21": {
    "acc": 1.0,
    "precision": 1.0,
    "recall": 1.0,
    "f1": 1.0,
    "auc": 1.0,
    "mse": 0.0009126096094299612
  },
  "22": {
    "acc": 1.0,
    "precision": 1.0,
    "recall": 1.0,
    "f1": 1.0,
    "auc": 1.0,
    "mse": 0.0008018392922184833
  },
  "23": {
    "acc": 0.9975,
    "precision": 0.9950248756218906,
    "recall": 1.0,
    "f1": 0.9975062344139651,
    "auc": 0.99995625,
    "mse": 0.006614247902116943
  },
  "24": {
    "acc": 0.9975,
    "precision": 0.9950248756218906,
    "recall": 1.0,
    "f1": 0.9975062344139651,
    "auc": 0.99996875,
    "mse": 0.006066422935352031
  },
  "25": {
    "acc": 1.0,
    "precision": 1.0,
    "recall": 1.0,
    "f1": 1.0,
    "auc": 1.0,
    "mse": 6.196578599091415e-06
  },
  "26": {
    "acc": 1.0,
    "precision": 1.0,
    "recall": 1.0,
    "f1": 1.0,
    "auc": 1.0,
    "mse": 0.0007061070186551162
  },
  "27": {
    "acc": 1.0,
    "precision": 1.0,
    "recall": 1.0,
    "f1": 1.0,
    "auc": 1.0,
    "mse": 0.0006028230738763447
  },
  "28": {
    "acc": 0.98875,
    "precision": 0.9875311720698254,
    "recall": 0.99,
    "f1": 0.9887640449438202,
    "auc": 0.9994500000000001,
    "mse": 0.02236795195809073
  },
  "29": {
    "acc": 1.0,
    "precision": 1.0,
    "recall": 1.0,
    "f1": 1.0,
    "auc": 1.0,
    "mse": 0.00031089395935953996
  },
  "30": {
    "acc": 1.0,
    "precision": 1.0,
    "recall": 1.0,
    "f1": 1.0,
    "auc": 1.0,
    "mse": 6.163709390142531e-05
  },
  "31": {
    "acc": 1.0,
    "precision": 1.0,
    "recall": 1.0,
    "f1": 1.0,
    "auc": 1.0,
    "mse": 0.0019558550876218263
  },
  "aggregation": {
    "acc": 99.875,
    "precision": 0.9975062344139651,
    "recall": 1.0,
    "f1": 0.9987515605493134,
    "auc": 1.0,
    "mse": 0.0031432131212391925
  }
}