{
  "0": {
    "0": {
      "closest": 1.6717705875635147e-05,
      "centroid": -0.019118156284093857,
      "furthest": -0.06151986122131348
    },
    "1": {
      "closest": -0.00014975899830460548,
      "centroid": 0.017929794266819954,
      "furthest": 0.04362582415342331
    }
  },
  "1": {
    "0": {
      "closest": -0.00027018412947654724,
      "centroid": -0.026813514530658722,
      "furthest": -0.08117377758026123
    },
    "1": {
      "closest": -0.00012894906103610992,
      "centroid": 0.02676045335829258,
      "furthest": 0.06671340018510818
    }
  },
  "2": {
    "0": {
      "closest": -0.002097204327583313,
      "centroid": -0.045205358415842056,
      "furthest": -0.12332171201705933
    },
    "1": {
      "closest": -0.0009127967059612274,
      "centroid": 0.04643628001213074,
      "furthest": 0.11361555755138397
    }
  },
  "3": {
    "0": {
      "closest": -0.03274359554052353,
      "centroid": -0.11907400190830231,
      "furthest": -0.32012179493904114
    },
    "1": {
      "closest": 0.02223365008831024,
      "centroid": 0.12178526818752289,
      "furthest": 0.2674354314804077
    }
  },
  "4": {
    "0": {
      "closest": -0.001542605459690094,
      "centroid": -0.10755553841590881,
      "furthest": -0.253182053565979
    },
    "1": {
      "closest": -0.0025210529565811157,
      "centroid": 0.11381814628839493,
      "furthest": 0.258293092250824
    }
  },
  "5": {
    "0": {
      "closest": -0.06544606387615204,
      "centroid": -0.21386855840682983,
      "furthest": -0.4098972678184509
    },
    "1": {
      "closest": 0.044590726494789124,
      "centroid": 0.21873973309993744,
      "furthest": 0.5096513628959656
    }
  },
  "6": {
    "0": {
      "closest": -0.08177584409713745,
      "centroid": -0.2665318250656128,
      "furthest": -0.535815954208374
    },
    "1": {
      "closest": 0.06172401085495949,
      "centroid": 0.2757258117198944,
      "furthest": 0.5955603718757629
    }
  },
  "7": {
    "0": {
      "closest": -0.09594513475894928,
      "centroid": -0.317279577255249,
      "furthest": -0.6461390256881714
    },
    "1": {
      "closest": 0.08248047530651093,
      "centroid": 0.3313525319099426,
      "furthest": 0.6914716958999634
    }
  },
  "8": {
    "0": {
      "closest": -0.10256604105234146,
      "centroid": -0.3625142574310303,
      "furthest": -0.7331626415252686
    },
    "1": {
      "closest": 0.08938360214233398,
      "centroid": 0.3701534569263458,
      "furthest": 0.7299920916557312
    }
  },
  "9": {
    "0": {
      "closest": -0.11010412871837616,
      "centroid": -0.40749767422676086,
      "furthest": -0.8389790058135986
    },
    "1": {
      "closest": 0.09599477797746658,
      "centroid": 0.4097035229206085,
      "furthest": 0.7856027483940125
    }
  },
  "10": {
    "0": {
      "closest": -0.03335694968700409,
      "centroid": -0.2650260031223297,
      "furthest": -0.544519305229187
    },
    "1": {
      "closest": 0.01139349490404129,
      "centroid": 0.29522469639778137,
      "furthest": 0.5815640091896057
    }
  },
  "11": {
    "0": {
      "closest": -0.035118453204631805,
      "centroid": -0.26485562324523926,
      "furthest": -0.5392557978630066
    },
    "1": {
      "closest": 0.020204022526741028,
      "centroid": 0.302045613527298,
      "furthest": 0.6082004904747009
    }
  },
  "12": {
    "0": {
      "closest": -0.04305516555905342,
      "centroid": -0.29966670274734497,
      "furthest": -0.6141738295555115
    },
    "1": {
      "closest": 0.023596275597810745,
      "centroid": 0.3372727632522583,
      "furthest": 0.6633280515670776
    }
  },
  "13": {
    "0": {
      "closest": -0.04106493666768074,
      "centroid": -0.3122612237930298,
      "furthest": -0.6297910213470459
    },
    "1": {
      "closest": 0.024295054376125336,
      "centroid": 0.36579692363739014,
      "furthest": 0.7592217922210693
    }
  },
  "14": {
    "0": {
      "closest": -0.04431527853012085,
      "centroid": -0.32944464683532715,
      "furthest": -0.7212280035018921
    },
    "1": {
      "closest": 0.02416880428791046,
      "centroid": 0.38193535804748535,
      "furthest": 0.8050701022148132
    }
  },
  "15": {
    "0": {
      "closest": -0.05738183856010437,
      "centroid": -0.35596394538879395,
      "furthest": -0.7172619104385376
    },
    "1": {
      "closest": 0.04179710894823074,
      "centroid": 0.4252091646194458,
      "furthest": 0.9281694889068604
    }
  },
  "16": {
    "0": {
      "closest": -0.058426812291145325,
      "centroid": -0.40865230560302734,
      "furthest": -0.8432773947715759
    },
    "1": {
      "closest": 0.052662454545497894,
      "centroid": 0.48088812828063965,
      "furthest": 1.052714467048645
    }
  },
  "17": {
    "0": {
      "closest": -0.07816124707460403,
      "centroid": -0.48516297340393066,
      "furthest": -1.0535781383514404
    },
    "1": {
      "closest": 0.06296198070049286,
      "centroid": 0.5661632418632507,
      "furthest": 1.2810560464859009
    }
  },
  "18": {
    "0": {
      "closest": -0.08149285614490509,
      "centroid": -0.519926130771637,
      "furthest": -1.1411008834838867
    },
    "1": {
      "closest": 0.06914791464805603,
      "centroid": 0.6084062457084656,
      "furthest": 1.4297523498535156
    }
  },
  "19": {
    "0": {
      "closest": -0.10978268086910248,
      "centroid": -0.5654435157775879,
      "furthest": -1.191409707069397
    },
    "1": {
      "closest": 0.08310098946094513,
      "centroid": 0.6743675470352173,
      "furthest": 1.5567036867141724
    }
  },
  "20": {
    "0": {
      "closest": -0.1164318174123764,
      "centroid": -0.6312131881713867,
      "furthest": -1.342475414276123
    },
    "1": {
      "closest": 0.10740485787391663,
      "centroid": 0.7545206546783447,
      "furthest": 1.726020097732544
    }
  },
  "21": {
    "0": {
      "closest": 0.015121638774871826,
      "centroid": -0.5162553191184998,
      "furthest": -1.1475985050201416
    },
    "1": {
      "closest": -0.007475078105926514,
      "centroid": 0.6620579361915588,
      "furthest": 1.6251280307769775
    }
  },
  "22": {
    "0": {
      "closest": 0.020534753799438477,
      "centroid": -0.5469385981559753,
      "furthest": -1.2096370458602905
    },
    "1": {
      "closest": -0.0027139633893966675,
      "centroid": 0.7105739116668701,
      "furthest": 1.7674529552459717
    }
  },
  "23": {
    "0": {
      "closest": 0.003786802291870117,
      "centroid": -0.6000233292579651,
      "furthest": -1.2891939878463745
    },
    "1": {
      "closest": -0.0033157989382743835,
      "centroid": 0.7847685217857361,
      "furthest": 1.8897982835769653
    }
  },
  "24": {
    "0": {
      "closest": 0.0026913806796073914,
      "centroid": -0.6058142185211182,
      "furthest": -1.3134959936141968
    },
    "1": {
      "closest": 0.006701231002807617,
      "centroid": 0.7941232323646545,
      "furthest": 1.8878415822982788
    }
  },
  "25": {
    "0": {
      "closest": -0.008141741156578064,
      "centroid": -0.701038122177124,
      "furthest": -1.5221294164657593
    },
    "1": {
      "closest": 0.005139440298080444,
      "centroid": 0.9177989363670349,
      "furthest": 2.159414529800415
    }
  },
  "26": {
    "0": {
      "closest": -0.025238972157239914,
      "centroid": -0.7853780388832092,
      "furthest": -1.6094852685928345
    },
    "1": {
      "closest": 4.968419671058655e-05,
      "centroid": 1.0133209228515625,
      "furthest": 2.3613109588623047
    }
  },
  "27": {
    "0": {
      "closest": -0.00788179412484169,
      "centroid": -0.8175416588783264,
      "furthest": -1.6742671728134155
    },
    "1": {
      "closest": 0.008455183357000351,
      "centroid": 1.0418486595153809,
      "furthest": 2.4266364574432373
    }
  },
  "28": {
    "0": {
      "closest": 0.012417841702699661,
      "centroid": -0.9027813673019409,