{
  "0": {
    "acc": 0.93,
    "precision": 0.9257425742574258,
    "recall": 0.935,
    "f1": 0.9303482587064676,
    "auc": 0.98546875,
    "mse": 0.05510945449805984
  },
  "1": {
    "acc": 0.95875,
    "precision": 0.9622166246851386,
    "recall": 0.955,
    "f1": 0.958594730238394,
    "auc": 0.9934499999999999,
    "mse": 0.037693425554436236
  },
  "2": {
    "acc": 0.9875,
    "precision": 0.9949238578680203,
    "recall": 0.98,
    "f1": 0.9874055415617129,
    "auc": 0.99846875,
    "mse": 0.019388093672951263
  },
  "3": {
    "acc": 1.0,
    "precision": 1.0,
    "recall": 1.0,
    "f1": 1.0,
    "auc": 1.0,
    "mse": 0.00021475000732884054
  },
  "4": {
    "acc": 0.995,
    "precision": 1.0,
    "recall": 0.99,
    "f1": 0.9949748743718593,
    "auc": 0.99989375,
    "mse": 0.007713940241008161
  },
  "5": {
    "acc": 1.0,
    "precision": 1.0,
    "recall": 1.0,
    "f1": 1.0,
    "auc": 1.0,
    "mse": 0.0002385146517048159
  },
  "6": {
    "acc": 1.0,
    "precision": 1.0,
    "recall": 1.0,
    "f1": 1.0,
    "auc": 1.0,
    "mse": 0.0001779232006353951
  },
  "7": {
    "acc": 1.0,
    "precision": 1.0,
    "recall": 1.0,
    "f1": 1.0,
    "auc": 1.0,
    "mse": 0.00013490646739984735
  },
  "8": {
    "acc": 1.0,
    "precision": 1.0,
    "recall": 1.0,
    "f1": 1.0,
    "auc": 1.0,
    "mse": 0.00012221129447214526
  },
  "9": {
    "acc": 1.0,
    "precision": 1.0,
    "recall": 1.0,
    "f1": 1.0,
    "auc": 1.0,
    "mse": 7.168710360327783e-05
  },
  "10": {
    "acc": 1.0,
    "precision": 1.0,
    "recall": 1.0,
    "f1": 1.0,
    "auc": 1.0,
    "mse": 0.0021362045813877167
  },
  "11": {
    "acc": 1.0,
    "precision": 1.0,
    "recall": 1.0,
    "f1": 1.0,
    "auc": 1.0,
    "mse": 0.002028020027023185
  },
  "12": {
    "acc": 1.0,
    "precision": 1.0,
    "recall": 1.0,
    "f1": 1.0,
    "auc": 1.0,
    "mse": 0.0016392129469376502
  },
  "13": {
    "acc": 1.0,
    "precision": 1.0,
    "recall": 1.0,
    "f1": 1.0,
    "auc": 1.0,
    "mse": 0.0018138939993263099
  },
  "14": {
    "acc": 1.0,
    "precision": 1.0,
    "recall": 1.0,
    "f1": 1.0,
    "auc": 1.0,
    "mse": 0.0018303565939165405
  },
  "15": {
    "acc": 1.0,
    "precision": 1.0,
    "recall": 1.0,
    "f1": 1.0,
    "auc": 1.0,
    "mse": 0.0015025388659668485
  },
  "16": {
    "acc": 1.0,
    "precision": 1.0,
    "recall": 1.0,
    "f1": 1.0,
    "auc": 1.0,
    "mse": 0.001557714665237826
  },
  "17": {
    "acc": 1.0,
    "precision": 1.0,
    "recall": 1.0,
    "f1": 1.0,
    "auc": 1.0,
    "mse": 0.001351777866923945
  },
  "18": {
    "acc": 1.0,
    "precision": 1.0,
    "recall": 1.0,
    "f1": 1.0,
    "auc": 1.0,
    "mse": 0.0013117943602718662
  },
  "19": {
    "acc": 1.0,
    "precision": 1.0,
    "recall": 1.0,
    "f1": 1.0,
    "auc": 1.0,
    "mse": 0.0011259965317822745
  },
  "20": {
    "acc": 1.0,
    "precision": 1.0,
    "recall": 1.0,
    "f1": 1.0,
    "auc": 1.0,
    "mse": 0.00099457006541813
  },
  "21": {
    "acc": 0.98,
    "precision": 0.9848484848484849,
    "recall": 0.975,
    "f1": 0.9798994974874372,
    "auc": 0.9989937499999999,
    "mse": 0.016153934519256133
  },
  "22": {
    "acc": 0.98375,
    "precision": 0.9849624060150376,
    "recall": 0.9825,
    "f1": 0.983729662077597,
    "auc": 0.99905,
    "mse": 0.01563722574940823
  },
  "23": {
    "acc": 0.985,
    "precision": 0.985,
    "recall": 0.985,
    "f1": 0.985,
    "auc": 0.9990937500000001,
    "mse": 0.015216957752407789
  },
  "24": {
    "acc": 0.98625,
    "precision": 0.9850374064837906,
    "recall": 0.9875,
    "f1": 0.9862671660424469,
    "auc": 0.99935625,
    "mse": 0.013819451689609335
  },
  "25": {
    "acc": 0.99,
    "precision": 0.99,
    "recall": 0.99,
    "f1": 0.99,
    "auc": 0.99946875,
    "mse": 0.012965818383133557
  },
  "26": {
    "acc": 0.99125,
    "precision": 0.9900249376558603,
    "recall": 0.9925,
    "f1": 0.9912609238451935,
    "auc": 0.99963125,
    "mse": 0.012051721331109233
  },
  "27": {
    "acc": 0.99125,
    "precision": 0.9900249376558603,
    "recall": 0.9925,
    "f1": 0.9912609238451935,
    "auc": 0.9996937499999999,
    "mse": 0.011271814641376793
  },
  "28": {
    "acc": 0.99125,
    "precision": 0.9900249376558603,
    "recall": 0.9925,
    "f1": 0.9912609238451935,
    "auc": 0.99975625,
    "mse": 0.0104336333893638
  },
  "29": {
    "acc": 0.99,
    "precision": 0.9875621890547264,
    "recall": 0.9925,
    "f1": 0.9900249376558603,
    "auc": 0.9998125,
    "mse": 0.009568634088211838
  },
  "30": {
    "acc": 0.9925,
    "precision": 0.9949748743718593,
    "recall": 0.99,
    "f1": 0.9924812030075187,
    "auc": 0.9998812499999999,
    "mse": 0.008182136880473754
  },
  "31": {
    "acc": 1.0,
    "precision": 1.0,
    "recall": 1.0,
    "f1": 1.0,
    "auc": 1.0,
    "mse": 0.0014801812106743522
  },
  "aggregation": {
    "acc": 100.0,
    "precision": 1.0,
    "recall": 1.0,
    "f1": 1.0,
    "auc": 1.0,
    "mse": 0.004458680593222037
  }
}