{
  "0": {
    "0": {
      "closest": -0.5949669155342839,
      "centroid": -0.6071676261414829,
      "furthest": -0.6164520530058338
    },
    "1": {
      "closest": 0.6228426583382617,
      "centroid": 0.634997371798927,
      "furthest": 0.6435418184024381
    }
  },
  "1": {
    "0": {
      "closest": -0.724471135216257,
      "centroid": -0.7394803619368372,
      "furthest": -0.7535127674013151
    },
    "1": {
      "closest": 0.7519219874291861,
      "centroid": 0.7633260764693485,
      "furthest": 0.7711632151617043
    }
  },
  "2": {
    "0": {
      "closest": -0.993867007712244,
      "centroid": -1.0167499129750763,
      "furthest": -1.0381298973581383
    },
    "1": {
      "closest": 0.9833503764834446,
      "centroid": 0.9980532134545697,
      "furthest": 1.0112011435029862
    }
  },
  "3": {
    "0": {
      "closest": -1.1864172864324567,
      "centroid": -1.2146923371325271,
      "furthest": -1.24114911861415
    },
    "1": {
      "closest": 1.192789613911663,
      "centroid": 1.2162365471844456,
      "furthest": 1.2364745729298534
    }
  },
  "4": {
    "0": {
      "closest": -1.4142920058789064,
      "centroid": -1.4575353424688609,
      "furthest": -1.4919333007696696
    },
    "1": {
      "closest": 1.407981521655928,
      "centroid": 1.4464495745259673,
      "furthest": 1.4872413828372606
    }
  },
  "5": {
    "0": {
      "closest": -1.5102765486135172,
      "centroid": -1.5869466743850043,
      "furthest": -1.6287477249885722
    },
    "1": {
      "closest": 1.5196436399466204,
      "centroid": 1.5752150594895948,
      "furthest": 1.6321272494588364
    }
  },
  "6": {
    "0": {
      "closest": -1.5060546989560917,
      "centroid": -1.6094716622433427,
      "furthest": -1.6697074884611534
    },
    "1": {
      "closest": 1.5337575258364715,
      "centroid": 1.589680717201033,
      "furthest": 1.6517400413953334
    }
  },
  "7": {
    "0": {
      "closest": -1.6473254098271652,
      "centroid": -1.7769275407883223,
      "furthest": -1.8387482781130853
    },
    "1": {
      "closest": 1.7048317380495912,
      "centroid": 1.770156665861854,
      "furthest": 1.821252872980967
    }
  },
  "8": {
    "0": {
      "closest": -1.6306848696400271,
      "centroid": -1.7875597058532162,
      "furthest": -1.8469496843508844
    },
    "1": {
      "closest": 1.7194733189814337,
      "centroid": 1.784335514575482,
      "furthest": 1.8459428291068074
    }
  },
  "9": {
    "0": {
      "closest": -1.863856027588124,
      "centroid": -2.051806432211845,
      "furthest": -2.152264471599458
    },
    "1": {
      "closest": 1.9906205705570907,
      "centroid": 2.0517576175529277,
      "furthest": 2.1197406604000246
    }
  },
  "10": {
    "0": {
      "closest": -2.0307256080012484,
      "centroid": -2.2506258873011427,
      "furthest": -2.4186508898446837
    },
    "1": {
      "closest": 2.1382103302430675,
      "centroid": 2.246887641710461,
      "furthest": 2.33746740453144
    }
  },
  "11": {
    "0": {
      "closest": -2.0902090923950456,
      "centroid": -2.340053050053472,
      "furthest": -2.503634716590297
    },
    "1": {
      "closest": 2.2339210152485984,
      "centroid": 2.3418118901620186,
      "furthest": 2.4623770767947213
    }
  },
  "12": {
    "0": {
      "closest": -2.02983870297429,
      "centroid": -2.3785418390760413,
      "furthest": -2.6406997370274725
    },
    "1": {
      "closest": 2.1525271931831833,
      "centroid": 2.3791513134700195,
      "furthest": 2.549042531705175
    }
  },
  "13": {
    "0": {
      "closest": -1.9385772235025382,
      "centroid": -2.4208061829333674,
      "furthest": -2.774462009255157
    },
    "1": {
      "closest": 2.131677070057653,
      "centroid": 2.417209447268275,
      "furthest": 2.6575125681689937
    }
  },
  "14": {
    "0": {
      "closest": -2.000641996981704,
      "centroid": -2.5669441835287454,
      "furthest": -2.9510010453197957
    },
    "1": {
      "closest": 1.8724941819090055,
      "centroid": 2.5715169467029044,
      "furthest": 3.4334015397840916
    }
  },
  "15": {
    "0": {
      "closest": -2.0204158345618897,
      "centroid": -2.613338328280487,
      "furthest": -2.9440639429814754
    },
    "1": {
      "closest": 1.742112213407343,
      "centroid": 2.617979105060909,
      "furthest": 3.6274928855189303
    }
  },
  "16": {
    "0": {
      "closest": -2.3595756281292304,
      "centroid": -2.879519747492751,
      "furthest": -3.2119960930413884
    },
    "1": {
      "closest": 1.8130035131412106,
      "centroid": 2.905498672477935,
      "furthest": 4.020682718586757
    }
  },
  "17": {
    "0": {
      "closest": -2.502337499571205,
      "centroid": -3.0108508633545465,
      "furthest": -3.2958420098610794
    },
    "1": {
      "closest": 1.8828323705082028,
      "centroid": 3.0624016714416276,
      "furthest": 4.295157770461319
    }
  },
  "18": {
    "0": {
      "closest": -2.6639157809055605,
      "centroid": -3.1547743419182024,
      "furthest": -3.522691459614077
    },
    "1": {
      "closest": 2.027000609478307,
      "centroid": 3.1934690654539524,
      "furthest": 4.568864836878068
    }
  },
  "19": {
    "0": {
      "closest": -2.9748281636261655,
      "centroid": -3.4140773280067265,
      "furthest": -3.812522432569364
    },
    "1": {
      "closest": 2.284699442106669,
      "centroid": 3.4718164503765565,
      "furthest": 4.983311221554948
    }
  },
  "20": {
    "0": {
      "closest": -3.196324691480869,
      "centroid": -3.699276786762951,
      "furthest": -4.118285630492189
    },
    "1": {
      "closest": 2.420613683382825,
      "centroid": 3.7628992637527925,
      "furthest": 5.532157039045004
    }
  },
  "21": {
    "0": {
      "closest": -3.5430958165050264,
      "centroid": -4.081597280020369,
      "furthest": -4.449048443014262
    },
    "1": {
      "closest": 2.579024909013792,
      "centroid": 4.19640112281414,
      "furthest": 6.366503205132255
    }
  },
  "22": {
    "0": {
      "closest": -3.875806290536683,
      "centroid": -4.3713696648836615,
      "furthest": -4.750226917283435
    },
    "1": {
      "closest": 2.804722579704251,
      "centroid": 4.489443422588039,
      "furthest": 6.696207019609575
    }
  },
  "23": {
    "0": {
      "closest": -4.223583809813183,
      "centroid": -4.709449490224164,
      "furthest": -5.131753252995963
    },
    "1": {
      "closest": 2.9923081449230855,
      "centroid": 4.79854466970447,
      "furthest": 7.1737137343079285
    }
  },
  "24": {
    "0": {
      "closest": -4.449150133102425,
      "centroid": -4.944514246224478,
      "furthest": -5.409314754744143
    },
    "1": {
      "closest": 3.160719140640058,
      "centroid": 5.067686032165635,
      "furthest": 7.528537055866016
    }
  },
  "25": {
    "0": {
      "closest": -4.536107392382008,
      "centroid": -5.195790542349587,
      "furthest": -5.7620617977769575
    },
    "1": {
      "closest": 3.5266206986695257,
      "centroid": 5.360991616329216,
      "furthest": 7.603623265143354
    }
  },
  "26": {
    "0": {
      "closest": -4.818723810672877,
      "centroid": -5.563284609183403,
      "furthest": -6.187205914981968
    },
    "1": {
      "closest": 3.8022577875365915,
      "centroid": 5.747201385918557,
      "furthest": 8.057175576881834
    }
  },
  "27": {
    "0": {
      "closest": -5.145199721470138,
      "centroid": -5.939404047670421,
      "furthest": -6.596244297614294
    },
    "1": {
      "closest": 3.9358759497888,
      "centroid": 6.086405903942994,
      "furthest": 8.49948235016138
    }
  },
  "28": {
    "0": {
      "closest": -5.482170404403109,
      "centroid": -6.453857590642535,
      "furthest": -7.271668117482425
    },
    "1": {
      "closest": 4.500633426189495,
      "centroid": 6.676152335787919,
      "furthest": 9.2823184653179
    }
  },
  "29": {
    "0": {
      "closest": -5.9530953932294555,