{
  "0": {
    "0": {
      "closest": -0.047163739800453186,
      "centroid": -0.05005252733826637,
      "furthest": -0.052290692925453186
    },
    "1": {
      "closest": 0.047562822699546814,
      "centroid": 0.05026485398411751,
      "furthest": 0.053910478949546814
    }
  },
  "1": {
    "0": {
      "closest": -0.057637475430965424,
      "centroid": -0.06314345449209213,
      "furthest": -0.06764724105596542
    },
    "1": {
      "closest": 0.059305883944034576,
      "centroid": 0.0631437748670578,
      "furthest": 0.06858322769403458
    }
  },
  "2": {
    "0": {
      "closest": -0.08584026247262955,
      "centroid": -0.09199748933315277,
      "furthest": -0.10146526247262955
    },
    "1": {
      "closest": 0.08408161252737045,
      "centroid": 0.09202960878610611,
      "furthest": 0.10214801877737045
    }
  },
  "3": {
    "0": {
      "closest": -0.09377124160528183,
      "centroid": -0.10051195323467255,
      "furthest": -0.11086108535528183
    },
    "1": {
      "closest": 0.08982250839471817,
      "centroid": 0.10051587969064713,
      "furthest": 0.10788891464471817
    }
  },
  "4": {
    "0": {
      "closest": -0.16459378600120544,
      "centroid": -0.1815989911556244,
      "furthest": -0.2005099058151245
    },
    "1": {
      "closest": 0.16104039549827576,
      "centroid": 0.18158546090126038,
      "furthest": 0.19883298873901367
    }
  },
  "5": {
    "0": {
      "closest": -0.15453073382377625,
      "centroid": -0.17278343439102173,
      "furthest": -0.1945173591375351
    },
    "1": {
      "closest": 0.15352115035057068,
      "centroid": 0.17281202971935272,
      "furthest": 0.18801359832286835
    }
  },
  "6": {
    "0": {
      "closest": -0.1431848704814911,
      "centroid": -0.15430550277233124,
      "furthest": -0.1729700267314911
    },
    "1": {
      "closest": 0.1400182545185089,
      "centroid": 0.15432487428188324,
      "furthest": 0.1663854420185089
    }
  },
  "7": {
    "0": {
      "closest": -0.1584027260541916,
      "centroid": -0.17001770436763763,
      "furthest": -0.1881878823041916
    },
    "1": {
      "closest": 0.1526324301958084,
      "centroid": 0.17005187273025513,
      "furthest": 0.1819293051958084
    }
  },
  "8": {
    "0": {
      "closest": -0.16526764631271362,
      "centroid": -0.18222324550151825,
      "furthest": -0.19847077131271362
    },
    "1": {
      "closest": 0.16871672868728638,
      "centroid": 0.18219813704490662,
      "furthest": 0.19313079118728638
    }
  },
  "9": {
    "0": {
      "closest": -0.1749250590801239,
      "centroid": -0.19539383053779602,
      "furthest": -0.2149641215801239
    },
    "1": {
      "closest": 0.1746843159198761,
      "centroid": 0.19532150030136108,
      "furthest": 0.2137468159198761
    }
  },
  "10": {
    "0": {
      "closest": -0.17578984797000885,
      "centroid": -0.2054382860660553,
      "furthest": -0.23536016047000885
    },
    "1": {
      "closest": 0.17772577702999115,
      "centroid": 0.2051452100276947,
      "furthest": 0.22948358952999115
    }
  },
  "11": {
    "0": {
      "closest": -0.19408822059631348,
      "centroid": -0.3145679533481598,
      "furthest": -0.4130622148513794
    },
    "1": {
      "closest": 0.24037179350852966,
      "centroid": 0.3085254728794098,
      "furthest": 0.4094092547893524
    }
  },
  "12": {
    "0": {
      "closest": -0.19765591621398926,
      "centroid": -0.34743010997772217,
      "furthest": -0.45992112159729004
    },
    "1": {
      "closest": 0.2613079249858856,
      "centroid": 0.3338276743888855,
      "furthest": 0.42243492603302
    }
  },
  "13": {
    "0": {
      "closest": -0.1304909884929657,
      "centroid": -0.23727987706661224,
      "furthest": -0.33786749839782715
    },
    "1": {
      "closest": 0.17133593559265137,
      "centroid": 0.23136016726493835,
      "furthest": 0.28790783882141113
    }
  },
  "14": {
    "0": {
      "closest": -0.1072930097579956,
      "centroid": -0.26070457696914673,
      "furthest": -0.39733564853668213
    },
    "1": {
      "closest": 0.10428681969642639,
      "centroid": 0.2601461112499237,
      "furthest": 0.46788424253463745
    }
  },
  "15": {
    "0": {
      "closest": -0.39847952127456665,
      "centroid": -0.6552175879478455,
      "furthest": -0.8024936318397522
    },
    "1": {
      "closest": 0.40118706226348877,
      "centroid": 0.6490312218666077,
      "furthest": 0.9532343149185181
    }
  },
  "16": {
    "0": {
      "closest": -0.2345122992992401,
      "centroid": -0.48908141255378723,
      "furthest": -0.6402316093444824
    },
    "1": {
      "closest": 0.22789457440376282,
      "centroid": 0.5032129883766174,
      "furthest": 0.8288849592208862
    }
  },
  "17": {
    "0": {
      "closest": -0.2804012596607208,
      "centroid": -0.5162838101387024,
      "furthest": -0.6432977914810181
    },
    "1": {
      "closest": 0.23595485091209412,
      "centroid": 0.5510522723197937,
      "furthest": 0.977380633354187
    }
  },
  "18": {
    "0": {
      "closest": -0.19163961708545685,
      "centroid": -0.2991298735141754,
      "furthest": -0.39867085218429565
    },
    "1": {
      "closest": 0.16285257041454315,
      "centroid": 0.29929450154304504,
      "furthest": 0.5310166478157043
    }
  },
  "19": {
    "0": {
      "closest": -0.3275451958179474,
      "centroid": -0.5089027285575867,
      "furthest": -0.6146993041038513
    },
    "1": {
      "closest": 0.2972414791584015,
      "centroid": 0.5409751534461975,
      "furthest": 0.8229882121086121
    }
  },
  "20": {
    "0": {
      "closest": -0.4814465045928955,
      "centroid": -0.616188108921051,
      "furthest": -0.7339575290679932
    },
    "1": {
      "closest": 0.32703661918640137,
      "centroid": 0.6595883369445801,
      "furthest": 1.0522608757019043
    }
  },
  "21": {
    "0": {
      "closest": -0.31712043285369873,
      "centroid": -0.7171342968940735,
      "furthest": -0.9725271463394165
    },
    "1": {
      "closest": 0.264499306678772,
      "centroid": 0.7878389954566956,
      "furthest": 1.5049476623535156
    }
  },
  "22": {
    "0": {
      "closest": -0.6044386625289917,
      "centroid": -0.845035195350647,
      "furthest": -1.068224549293518
    },
    "1": {
      "closest": 0.40626996755599976,
      "centroid": 0.897568941116333,
      "furthest": 1.5507571697235107
    }
  },
  "23": {
    "0": {
      "closest": -0.6737260222434998,
      "centroid": -0.8405312299728394,
      "furthest": -1.0039143562316895
    },
    "1": {
      "closest": 0.5037117600440979,
      "centroid": 0.8848618865013123,
      "furthest": 1.4157016277313232
    }
  },
  "24": {
    "0": {
      "closest": -0.7157617807388306,
      "centroid": -0.8918328881263733,
      "furthest": -1.0005061626434326
    },
    "1": {
      "closest": 0.47065120935440063,
      "centroid": 0.9611510634422302,
      "furthest": 1.5574569702148438
    }
  },
  "25": {
    "0": {
      "closest": -0.33219027519226074,
      "centroid": -0.5251732468605042,
      "furthest": -0.7872756719589233
    },
    "1": {
      "closest": 0.10498392581939697,
      "centroid": 0.5089874863624573,
      "furthest": 1.1220742464065552
    }
  },
  "26": {
    "0": {
      "closest": -0.3544166386127472,
      "centroid": -0.5320871472358704,
      "furthest": -0.7319995164871216
    },
    "1": {
      "closest": 0.1718563735485077,
      "centroid": 0.516436755657196,
      "furthest": 0.9782072305679321
    }
  },
  "27": {
    "0": {
      "closest": -0.3616597354412079,
      "centroid": -0.5216183662414551,
      "furthest": -0.7721699476242065
    },
    "1": {
      "closest": 0.1855713427066803,
      "centroid": 0.5120152831077576,
      "furthest": 0.8939386606216431
    }
  },
  "28": {
    "0": {
      "closest": -0.2798811197280884,
      "centroid": -0.4703311026096344,
      "furthest": -0.6873934864997864
    },