{
  "0": {
    "0": {
      "closest": -0.00029033049772932487,
      "centroid": -0.031560892779243434,
      "furthest": -0.08793792287200465
    },
    "1": {
      "closest": 5.844344002410573e-05,
      "centroid": 0.028097796941779975,
      "furthest": 0.06611052121695699
    }
  },
  "1": {
    "0": {
      "closest": -0.0008390789285935528,
      "centroid": -0.04863383827925993,
      "furthest": -0.12783734003178315
    },
    "1": {
      "closest": 0.0008415063819152795,
      "centroid": 0.0394665368628956,
      "furthest": 0.09496259197450753
    }
  },
  "2": {
    "0": {
      "closest": 0.000539453633712654,
      "centroid": -0.08726477392436066,
      "furthest": -0.22884765343767205
    },
    "1": {
      "closest": -0.0006405978970998247,
      "centroid": 0.07863671953735714,
      "furthest": 0.1713888446788649
    }
  },
  "3": {
    "0": {
      "closest": 0.0018007659411487034,
      "centroid": -0.15028938545909087,
      "furthest": -0.36246348589329985
    },
    "1": {
      "closest": 0.0005949087469807879,
      "centroid": 0.13270061271309422,
      "furthest": 0.3033465533949254
    }
  },
  "4": {
    "0": {
      "closest": -0.0006100571383600012,
      "centroid": -0.1847329907255989,
      "furthest": -0.42466930846246165
    },
    "1": {
      "closest": 0.002286097779409694,
      "centroid": 0.14883236851168197,
      "furthest": 0.3606473991853487
    }
  },
  "5": {
    "0": {
      "closest": 0.011164416868301694,
      "centroid": -0.27838156696657185,
      "furthest": -0.7056290084504926
    },
    "1": {
      "closest": 0.003741335092217887,
      "centroid": 0.23618107249834772,
      "furthest": 0.5396924546720845
    }
  },
  "6": {
    "0": {
      "closest": 0.005113671779426851,
      "centroid": -0.3125015056710103,
      "furthest": -0.6904677424719715
    },
    "1": {
      "closest": -0.008785364466329762,
      "centroid": 0.2981941994914051,
      "furthest": 0.6978204300397461
    }
  },
  "7": {
    "0": {
      "closest": -0.004217030083950923,
      "centroid": -0.36029355936475693,
      "furthest": -0.7694017512362894
    },
    "1": {
      "closest": 0.0016708870272236533,
      "centroid": 0.3418424777176598,
      "furthest": 0.7270182926124005
    }
  },
  "8": {
    "0": {
      "closest": -0.0008026648734466889,
      "centroid": -0.4022538505241552,
      "furthest": -0.8425194480665313
    },
    "1": {
      "closest": -9.892417913608554e-05,
      "centroid": 0.37403573084602526,
      "furthest": 0.7478149913020952
    }
  },
  "9": {
    "0": {
      "closest": 0.002998935578296235,
      "centroid": -0.4090186203702851,
      "furthest": -0.8555337391132827
    },
    "1": {
      "closest": 0.0018791818948875015,
      "centroid": 0.39263832872636895,
      "furthest": 0.7536680349456367
    }
  },
  "10": {
    "0": {
      "closest": 0.0010115802954403473,
      "centroid": -0.4483993298176736,
      "furthest": -0.9329189502943748
    },
    "1": {
      "closest": 0.0006660522312415783,
      "centroid": 0.4305559884547367,
      "furthest": 0.8020635744347931
    }
  },
  "11": {
    "0": {
      "closest": -0.008570169520343935,
      "centroid": -0.4462129549107351,
      "furthest": -0.911188746180181
    },
    "1": {
      "closest": 0.004941348403957562,
      "centroid": 0.4293392012730295,
      "furthest": 0.798900213033014
    }
  },
  "12": {
    "0": {
      "closest": -0.002639116588628086,
      "centroid": -0.5006408561555803,
      "furthest": -0.9603104424329907
    },
    "1": {
      "closest": 0.02355642643269662,
      "centroid": 0.4815810084654944,
      "furthest": 0.9252304766699657
    }
  },
  "13": {
    "0": {
      "closest": 0.0019268768410255262,
      "centroid": -0.5221399881564439,
      "furthest": -1.0432715461602513
    },
    "1": {
      "closest": 0.019735578345158565,
      "centroid": 0.5025336437008573,
      "furthest": 0.9911669730778202
    }
  },
  "14": {
    "0": {
      "closest": 0.017898534263996867,
      "centroid": -0.528340347075539,
      "furthest": -1.0200256134053711
    },
    "1": {
      "closest": -0.031896891971993364,
      "centroid": 0.506387436692576,
      "furthest": 0.9575617264774826
    }
  },
  "15": {
    "0": {
      "closest": -0.02263995277443633,
      "centroid": -0.5760710859284995,
      "furthest": -1.155124381449479
    },
    "1": {
      "closest": 0.028283784333201435,
      "centroid": 0.5478870909634729,
      "furthest": 1.0627209382053204
    }
  },
  "16": {
    "0": {
      "closest": -0.043030935120008815,
      "centroid": -0.6342014600795248,
      "furthest": -1.3344245351836854
    },
    "1": {
      "closest": 0.02720282327637745,
      "centroid": 0.590667719520447,
      "furthest": 1.2404128659020976
    }
  },
  "17": {
    "0": {
      "closest": -0.11535533549043653,
      "centroid": -0.6399419193374414,
      "furthest": -1.2991905343326668
    },
    "1": {
      "closest": 0.1162832460833041,
      "centroid": 0.6390872288906967,
      "furthest": 1.4285481398224305
    }
  },
  "18": {
    "0": {
      "closest": -0.08660149011393806,
      "centroid": -0.6770317614501847,
      "furthest": -1.46697738618887
    },
    "1": {
      "closest": 0.12504613950230273,
      "centroid": 0.6634666617388605,
      "furthest": 1.5292727646095894
    }
  },
  "19": {
    "0": {
      "closest": -0.022923997047378394,
      "centroid": -0.7387468901547216,
      "furthest": -1.4569968014598231
    },
    "1": {
      "closest": 0.09962934624581081,
      "centroid": 0.7314248331862899,
      "furthest": 1.5656027792062739
    }
  },
  "20": {
    "0": {
      "closest": -0.08172277442499787,
      "centroid": -0.8335258828652391,
      "furthest": -1.7323284058519504
    },
    "1": {
      "closest": 0.15390524143683515,
      "centroid": 0.7439193943235736,
      "furthest": 1.6240799154811238
    }
  },
  "21": {
    "0": {
      "closest": -0.16780805112051378,
      "centroid": -0.8458079201313201,
      "furthest": -1.7085766175707402
    },
    "1": {
      "closest": 0.16002846586269745,
      "centroid": 0.8267626988237029,
      "furthest": 1.9283518648753444
    }
  },
  "22": {
    "0": {
      "closest": 0.06863181409639324,
      "centroid": -0.97267025526228,
      "furthest": -1.9501579023008744
    },
    "1": {
      "closest": 0.049910517556143556,
      "centroid": 0.9258703065961772,
      "furthest": 2.0458783139284553
    }
  },
  "23": {
    "0": {
      "closest": -0.06408641342967332,
      "centroid": -1.0887544307604906,
      "furthest": -2.125996647133013
    },
    "1": {
      "closest": -0.03439386253053621,
      "centroid": 1.0984294272881905,
      "furthest": 2.3478082244998597
    }
  },
  "24": {
    "0": {
      "closest": -0.03878052549171264,
      "centroid": -1.1464902146662315,
      "furthest": -2.2321021179906
    },
    "1": {
      "closest": -0.004112480298431986,
      "centroid": 1.1440791089185456,
      "furthest": 2.4815693201355424
    }
  },
  "25": {
    "0": {
      "closest": -0.08986704754541575,
      "centroid": -1.2197139107546857,
      "furthest": -2.385224865797481
    },
    "1": {
      "closest": 0.03118181636853206,
      "centroid": 1.2325380691557524,
      "furthest": 2.693899495433018
    }
  },
  "26": {
    "0": {
      "closest": -0.10831909950421865,
      "centroid": -1.2950778177736402,
      "furthest": -2.5583831717036087
    },
    "1": {
      "closest": -0.031604863837608035,
      "centroid": 1.3012493360915232,
      "furthest": 2.9197733041798886
    }
  },
  "27": {
    "0": {
      "closest": -0.15117910451067532,
      "centroid": -1.3584878424082527,
      "furthest": -2.7306932594392395
    },
    "1": {
      "closest": 0.001808533963332675,
      "centroid": 1.351402946242345,
      "furthest": 2.974324284638868
    }
  },
  "28": {
    "0": {
      "closest": -0.20305644838862788,
      "centroid": -1.44072106397511,
      "furthest": -2.7927596885399404
    },