{
  "0": {
    "acc": 0.97,
    "precision": 0.97,
    "recall": 0.97,
    "f1": 0.97,
    "auc": 0.9964062499999999,
    "mse": 0.02267274931955142
  },
  "1": {
    "acc": 0.9875,
    "precision": 0.9826732673267327,
    "recall": 0.9925,
    "f1": 0.9875621890547264,
    "auc": 0.9989874999999999,
    "mse": 0.011817434256460717
  },
  "2": {
    "acc": 0.97375,
    "precision": 0.972568578553616,
    "recall": 0.975,
    "f1": 0.9737827715355806,
    "auc": 0.99649375,
    "mse": 0.020342107441439782
  },
  "3": {
    "acc": 0.97875,
    "precision": 0.9775561097256857,
    "recall": 0.98,
    "f1": 0.978776529338327,
    "auc": 0.99791875,
    "mse": 0.021278254506896063
  },
  "4": {
    "acc": 0.9925,
    "precision": 0.9900497512437811,
    "recall": 0.995,
    "f1": 0.9925187032418953,
    "auc": 0.9998687500000001,
    "mse": 0.005764604251835483
  },
  "5": {
    "acc": 0.97625,
    "precision": 0.9703703703703703,
    "recall": 0.9825,
    "f1": 0.9763975155279503,
    "auc": 0.99715625,
    "mse": 0.020703522776269107
  },
  "6": {
    "acc": 0.9825,
    "precision": 0.9825,
    "recall": 0.9825,
    "f1": 0.9825,
    "auc": 0.99901875,
    "mse": 0.019674271281107217
  },
  "7": {
    "acc": 0.99,
    "precision": 0.992462311557789,
    "recall": 0.9875,
    "f1": 0.9899749373433584,
    "auc": 0.99968125,
    "mse": 0.014539485138129032
  },
  "8": {
    "acc": 0.98875,
    "precision": 0.9899749373433584,
    "recall": 0.9875,
    "f1": 0.9887359198998749,
    "auc": 0.9998187500000001,
    "mse": 0.011038327633119778
  },
  "9": {
    "acc": 0.9925,
    "precision": 0.9900497512437811,
    "recall": 0.995,
    "f1": 0.9925187032418953,
    "auc": 0.99989375,
    "mse": 0.009632138682565074
  },
  "10": {
    "acc": 0.99375,
    "precision": 0.9900744416873449,
    "recall": 0.9975,
    "f1": 0.9937733499377335,
    "auc": 0.9999,
    "mse": 0.008671311049710086
  },
  "11": {
    "acc": 0.99625,
    "precision": 0.9950124688279302,
    "recall": 0.9975,
    "f1": 0.9962546816479401,
    "auc": 0.9999562500000001,
    "mse": 0.007851558894657586
  },
  "12": {
    "acc": 0.9975,
    "precision": 0.9975,
    "recall": 0.9975,
    "f1": 0.9975,
    "auc": 0.999975,
    "mse": 0.006293454341058089
  },
  "13": {
    "acc": 0.995,
    "precision": 0.9925373134328358,
    "recall": 0.9975,
    "f1": 0.9950124688279302,
    "auc": 0.99998125,
    "mse": 0.006399810893120897
  },
  "14": {
    "acc": 0.99625,
    "precision": 0.9950124688279302,
    "recall": 0.9975,
    "f1": 0.9962546816479401,
    "auc": 0.9999875,
    "mse": 0.005616440666152407
  },
  "15": {
    "acc": 0.99875,
    "precision": 0.9975062344139651,
    "recall": 1.0,
    "f1": 0.9987515605493134,
    "auc": 0.99999375,
    "mse": 0.004752012166857689
  },
  "16": {
    "acc": 0.99875,
    "precision": 0.9975062344139651,
    "recall": 1.0,
    "f1": 0.9987515605493134,
    "auc": 0.99993125,
    "mse": 0.005098053791191142
  },
  "17": {
    "acc": 1.0,
    "precision": 1.0,
    "recall": 1.0,
    "f1": 1.0,
    "auc": 1.0,
    "mse": 0.0004177782295066536
  },
  "18": {
    "acc": 1.0,
    "precision": 1.0,
    "recall": 1.0,
    "f1": 1.0,
    "auc": 1.0,
    "mse": 0.0002409951394288795
  },
  "19": {
    "acc": 1.0,
    "precision": 1.0,
    "recall": 1.0,
    "f1": 1.0,
    "auc": 1.0,
    "mse": 0.0028004705240603557
  },
  "20": {
    "acc": 1.0,
    "precision": 1.0,
    "recall": 1.0,
    "f1": 1.0,
    "auc": 1.0,
    "mse": 0.00030466532740372297
  },
  "21": {
    "acc": 1.0,
    "precision": 1.0,
    "recall": 1.0,
    "f1": 1.0,
    "auc": 1.0,
    "mse": 0.00021372471849127387
  },
  "22": {
    "acc": 0.99875,
    "precision": 0.9975062344139651,
    "recall": 1.0,
    "f1": 0.9987515605493134,
    "auc": 0.99999375,
    "mse": 0.0027541078796471776
  },
  "23": {
    "acc": 0.99375,
    "precision": 0.9974811083123426,
    "recall": 0.99,
    "f1": 0.9937264742785445,
    "auc": 0.9998125,
    "mse": 0.012532827803349215
  },
  "24": {
    "acc": 0.99375,
    "precision": 0.9974811083123426,
    "recall": 0.99,
    "f1": 0.9937264742785445,
    "auc": 0.9998125,
    "mse": 0.011636255777758946
  },
  "25": {
    "acc": 0.99625,
    "precision": 0.9974937343358395,
    "recall": 0.995,
    "f1": 0.9962453066332916,
    "auc": 0.9998375,
    "mse": 0.010505807180200857
  },
  "26": {
    "acc": 0.99625,
    "precision": 0.9974937343358395,
    "recall": 0.995,
    "f1": 0.9962453066332916,
    "auc": 0.99991875,
    "mse": 0.009091670818973602
  },
  "27": {
    "acc": 0.99875,
    "precision": 0.9975062344139651,
    "recall": 1.0,
    "f1": 0.9987515605493134,
    "auc": 0.9999750000000001,
    "mse": 0.007790473833082854
  },
  "28": {
    "acc": 0.99875,
    "precision": 0.9975062344139651,
    "recall": 1.0,
    "f1": 0.9987515605493134,
    "auc": 0.99998125,
    "mse": 0.006490145723713572
  },
  "29": {
    "acc": 0.99875,
    "precision": 0.9975062344139651,
    "recall": 1.0,
    "f1": 0.9987515605493134,
    "auc": 0.9999875,
    "mse": 0.00614534380997487
  },
  "30": {
    "acc": 1.0,
    "precision": 1.0,
    "recall": 1.0,
    "f1": 1.0,
    "auc": 1.0,
    "mse": 0.003996244945624611
  },
  "31": {
    "acc": 1.0,
    "precision": 1.0,
    "recall": 1.0,
    "f1": 1.0,
    "auc": 1.0,
    "mse": 0.00016357541214347883
  },
  "aggregation": {
    "acc": 99.875,
    "precision": 0.9975062344139651,
    "recall": 1.0,
    "f1": 0.9987515605493134,
    "auc": 0.9999875,
    "mse": 0.005948320465787245
  }
}