{
  "0": {
    "0": {
      "closest": -3.5108410136255744e-05,
      "centroid": -0.03995083383149611,
      "furthest": -0.13308399245512703
    },
    "1": {
      "closest": 0.00021882059088566635,
      "centroid": 0.03758866292163104,
      "furthest": 0.09038475456213514
    }
  },
  "1": {
    "0": {
      "closest": 2.097083444905362e-05,
      "centroid": -0.06300660242749383,
      "furthest": -0.20892937478665724
    },
    "1": {
      "closest": -0.0011012677305093158,
      "centroid": 0.0587613038571882,
      "furthest": 0.1429571294337672
    }
  },
  "2": {
    "0": {
      "closest": 0.00021229120421989434,
      "centroid": -0.09621948152632574,
      "furthest": -0.29063965255093194
    },
    "1": {
      "closest": 0.0004437421065473235,
      "centroid": 0.09325461929321824,
      "furthest": 0.21793996954997352
    }
  },
  "3": {
    "0": {
      "closest": 0.0012252987523409392,
      "centroid": -0.15402168050791365,
      "furthest": -0.4037012424491331
    },
    "1": {
      "closest": 0.005764753022661648,
      "centroid": 0.1519002734006708,
      "furthest": 0.3401223939317862
    }
  },
  "4": {
    "0": {
      "closest": -0.00036769843106715383,
      "centroid": -0.23647048693475028,
      "furthest": -0.5742325788953832
    },
    "1": {
      "closest": -0.006375033335582904,
      "centroid": 0.24595586112622503,
      "furthest": 0.5217202200135092
    }
  },
  "5": {
    "0": {
      "closest": -0.00015682627659796555,
      "centroid": -0.30503820024401024,
      "furthest": -0.7164841611523834
    },
    "1": {
      "closest": -0.0014018624452216133,
      "centroid": 0.32296926083273775,
      "furthest": 0.730390085951972
    }
  },
  "6": {
    "0": {
      "closest": 0.0038616554678821483,
      "centroid": -0.34245339242766987,
      "furthest": -0.7429756190297858
    },
    "1": {
      "closest": -0.010062354639739042,
      "centroid": 0.36229980165138725,
      "furthest": 0.7497525308642556
    }
  },
  "7": {
    "0": {
      "closest": -0.0014966692896144357,
      "centroid": -0.39846200605491683,
      "furthest": -0.8206738250624446
    },
    "1": {
      "closest": 0.0011334187055466252,
      "centroid": 0.4296460480937643,
      "furthest": 0.8518492903776559
    }
  },
  "8": {
    "0": {
      "closest": 0.004364170659065546,
      "centroid": -0.48611107531608766,
      "furthest": -1.1163425102913316
    },
    "1": {
      "closest": 0.012379918279782576,
      "centroid": 0.5179635769999604,
      "furthest": 0.9868842063373117
    }
  },
  "9": {
    "0": {
      "closest": -0.004084935474335048,
      "centroid": -0.5266674771834914,
      "furthest": -1.2073405787495697
    },
    "1": {
      "closest": 0.009758160676331864,
      "centroid": 0.5786308217389322,
      "furthest": 1.1157519684273374
    }
  },
  "10": {
    "0": {
      "closest": 0.0016601868255914365,
      "centroid": -0.49152672195424074,
      "furthest": -1.0200236978709407
    },
    "1": {
      "closest": -0.011711108785776518,
      "centroid": 0.5278371376203602,
      "furthest": 0.9987283744600817
    }
  },
  "11": {
    "0": {
      "closest": -0.0009206360075033788,
      "centroid": -0.5003632307888887,
      "furthest": -1.0591988865761184
    },
    "1": {
      "closest": 0.005845570119320655,
      "centroid": 0.5368264343890633,
      "furthest": 1.038851991058154
    }
  },
  "12": {
    "0": {
      "closest": -0.009488515035330727,
      "centroid": -0.5540707214640362,
      "furthest": -1.1344231675600833
    },
    "1": {
      "closest": -0.00715610796016735,
      "centroid": 0.5959220416444233,
      "furthest": 1.1293211878279712
    }
  },
  "13": {
    "0": {
      "closest": -0.010500464291894256,
      "centroid": -0.6002232094600286,
      "furthest": -1.201754515523078
    },
    "1": {
      "closest": -0.005422192760950229,
      "centroid": 0.7051518192477344,
      "furthest": 1.4197711600992153
    }
  },
  "14": {
    "0": {
      "closest": -0.007871237797070142,
      "centroid": -0.581054104065741,
      "furthest": -1.1444433575102306
    },
    "1": {
      "closest": -0.005686861923566468,
      "centroid": 0.6924045410437546,
      "furthest": 1.382202645340373
    }
  },
  "15": {
    "0": {
      "closest": 0.00978436277903108,
      "centroid": -0.5993192215157862,
      "furthest": -1.154080167451667
    },
    "1": {
      "closest": 0.016754781989392807,
      "centroid": 0.6981119980385501,
      "furthest": 1.4127389785944975
    }
  },
  "16": {
    "0": {
      "closest": 0.013371337327952548,
      "centroid": -0.633985496118282,
      "furthest": -1.2646757650460099
    },
    "1": {
      "closest": 0.02270972353113636,
      "centroid": 0.7325141144286126,
      "furthest": 1.514107492564767
    }
  },
  "17": {
    "0": {
      "closest": -0.021874067824168668,
      "centroid": -0.7060155212136671,
      "furthest": -1.6182865246384184
    },
    "1": {
      "closest": -0.012692203400344484,
      "centroid": 0.8143174404882333,
      "furthest": 1.823354151028692
    }
  },
  "18": {
    "0": {
      "closest": 0.001555709604865077,
      "centroid": -0.8118370190665033,
      "furthest": -1.7457214543227788
    },
    "1": {
      "closest": 0.014160396192827815,
      "centroid": 0.9205839079510235,
      "furthest": 2.102345402944458
    }
  },
  "19": {
    "0": {
      "closest": -0.00745277091397905,
      "centroid": -0.8211384628049839,
      "furthest": -1.7560415965479916
    },
    "1": {
      "closest": -0.024406648397152834,
      "centroid": 0.9549782794528184,
      "furthest": 2.1671247521119983
    }
  },
  "20": {
    "0": {
      "closest": 0.014260143999134813,
      "centroid": -1.0475650900190003,
      "furthest": -2.092144240048106
    },
    "1": {
      "closest": -0.012096069490058696,
      "centroid": 1.269939570251218,
      "furthest": 2.776083041645853
    }
  },
  "21": {
    "0": {
      "closest": 0.003605928436616758,
      "centroid": -1.1217079289251919,
      "furthest": -2.296977972411513
    },
    "1": {
      "closest": -0.016436385141300712,
      "centroid": 1.3555185628974595,
      "furthest": 3.006034669385445
    }
  },
  "22": {
    "0": {
      "closest": 0.001886605660512776,
      "centroid": -1.1694138564475898,
      "furthest": -2.434304966166397
    },
    "1": {
      "closest": -0.02113214098644319,
      "centroid": 1.4239981109807818,
      "furthest": 3.1823245725808884
    }
  },
  "23": {
    "0": {
      "closest": -0.009537583840476753,
      "centroid": -1.2559252236594696,
      "furthest": -2.6599217589344133
    },
    "1": {
      "closest": 0.0021546537043777916,
      "centroid": 1.5292025988702083,
      "furthest": 3.486074431410932
    }
  },
  "24": {
    "0": {
      "closest": -0.012783162226059568,
      "centroid": -1.2903091263606172,
      "furthest": -2.6989575323269985
    },
    "1": {
      "closest": 0.05451105282865971,
      "centroid": 1.5592571117429896,
      "furthest": 3.4653317163909207
    }
  },
  "25": {
    "0": {
      "closest": -0.20894110659728365,
      "centroid": -1.1051752388045375,
      "furthest": -2.3896403130606143
    },
    "1": {
      "closest": 0.2385733119517806,
      "centroid": 1.3599984427923084,
      "furthest": 3.130541218063172
    }
  },
  "26": {
    "0": {
      "closest": -0.05382318885747207,
      "centroid": -1.4211152647629346,
      "furthest": -3.000233466689825
    },
    "1": {
      "closest": -0.00017566057623009425,
      "centroid": 1.724681724396425,
      "furthest": 3.8395590781029347
    }
  },
  "27": {
    "0": {
      "closest": -0.058423234395361595,
      "centroid": -1.4797673683907766,
      "furthest": -3.1458812968700856
    },
    "1": {
      "closest": 0.036445502227439,
      "centroid": 1.7851260059440188,
      "furthest": 3.967616381884797
    }
  },
  "28": {
    "0": {
      "closest": -0.3250500649924081,
      "centroid": -1.3225007354393932,