{
  "0": {
    "acc": 0.945,
    "precision": 0.9472361809045227,
    "recall": 0.9425,
    "f1": 0.9448621553884712,
    "auc": 0.9892624999999999,
    "mse": 0.06554654336791764
  },
  "1": {
    "acc": 0.9675,
    "precision": 0.9651741293532339,
    "recall": 0.97,
    "f1": 0.9675810473815462,
    "auc": 0.9946999999999999,
    "mse": 0.029112583183782802
  },
  "2": {
    "acc": 0.98625,
    "precision": 0.9899244332493703,
    "recall": 0.9825,
    "f1": 0.986198243412798,
    "auc": 0.9983687499999999,
    "mse": 0.021234811879557114
  },
  "3": {
    "acc": 0.9875,
    "precision": 0.9924242424242424,
    "recall": 0.9825,
    "f1": 0.9874371859296482,
    "auc": 0.99915625,
    "mse": 0.013635158056650824
  },
  "4": {
    "acc": 0.9825,
    "precision": 0.9898477157360406,
    "recall": 0.975,
    "f1": 0.982367758186398,
    "auc": 0.9981062500000001,
    "mse": 0.025319847726951995
  },
  "5": {
    "acc": 0.98,
    "precision": 0.9848484848484849,
    "recall": 0.975,
    "f1": 0.9798994974874372,
    "auc": 0.9969937499999999,
    "mse": 0.024573576929507904
  },
  "6": {
    "acc": 0.9925,
    "precision": 0.9949748743718593,
    "recall": 0.99,
    "f1": 0.9924812030075187,
    "auc": 0.9997812500000001,
    "mse": 0.012840316366248496
  },
  "7": {
    "acc": 0.995,
    "precision": 0.9974874371859297,
    "recall": 0.9925,
    "f1": 0.9949874686716792,
    "auc": 0.9999,
    "mse": 0.009865844926215107
  },
  "8": {
    "acc": 0.9875,
    "precision": 0.9875,
    "recall": 0.9875,
    "f1": 0.9875,
    "auc": 0.9992875,
    "mse": 0.012751686146140829
  },
  "9": {
    "acc": 0.99125,
    "precision": 0.9924812030075187,
    "recall": 0.99,
    "f1": 0.9912390488110138,
    "auc": 0.998975,
    "mse": 0.012880137238339882
  },
  "10": {
    "acc": 0.995,
    "precision": 0.995,
    "recall": 0.995,
    "f1": 0.995,
    "auc": 0.999925,
    "mse": 0.007111854997999653
  },
  "11": {
    "acc": 0.995,
    "precision": 0.9974874371859297,
    "recall": 0.9925,
    "f1": 0.9949874686716792,
    "auc": 0.9999250000000001,
    "mse": 0.007445293335046185
  },
  "12": {
    "acc": 0.99625,
    "precision": 0.9974937343358395,
    "recall": 0.995,
    "f1": 0.9962453066332916,
    "auc": 0.9999562500000001,
    "mse": 0.005837310890722037
  },
  "13": {
    "acc": 0.99125,
    "precision": 0.9949622166246851,
    "recall": 0.9875,
    "f1": 0.9912170639899623,
    "auc": 0.99963125,
    "mse": 0.009309202705252284
  },
  "14": {
    "acc": 0.99375,
    "precision": 0.9974811083123426,
    "recall": 0.99,
    "f1": 0.9937264742785445,
    "auc": 0.999925,
    "mse": 0.006676810607073846
  },
  "15": {
    "acc": 0.9975,
    "precision": 0.9975,
    "recall": 0.9975,
    "f1": 0.9975,
    "auc": 0.9999875,
    "mse": 0.0048829720804247955
  },
  "16": {
    "acc": 0.99625,
    "precision": 0.9950124688279302,
    "recall": 0.9975,
    "f1": 0.9962546816479401,
    "auc": 0.99998125,
    "mse": 0.0048574634673611925
  },
  "17": {
    "acc": 0.99875,
    "precision": 1.0,
    "recall": 0.9975,
    "f1": 0.9987484355444305,
    "auc": 1.0,
    "mse": 0.001696309973359611
  },
  "18": {
    "acc": 0.9925,
    "precision": 0.9925,
    "recall": 0.9925,
    "f1": 0.9925,
    "auc": 0.9998687500000001,
    "mse": 0.006319574190276697
  },
  "19": {
    "acc": 0.9975,
    "precision": 0.9975,
    "recall": 0.9975,
    "f1": 0.9975,
    "auc": 0.9999875,
    "mse": 0.003932432302194561
  },
  "20": {
    "acc": 0.98375,
    "precision": 0.9874055415617129,
    "recall": 0.98,
    "f1": 0.9836888331242158,
    "auc": 0.99920625,
    "mse": 0.017016770592888336
  },
  "21": {
    "acc": 0.98625,
    "precision": 0.9874686716791979,
    "recall": 0.985,
    "f1": 0.986232790988736,
    "auc": 0.9994124999999999,
    "mse": 0.014985617910479919
  },
  "22": {
    "acc": 0.9875,
    "precision": 0.9875,
    "recall": 0.9875,
    "f1": 0.9875,
    "auc": 0.9994999999999999,
    "mse": 0.013889947812129655
  },
  "23": {
    "acc": 0.9925,
    "precision": 0.9949748743718593,
    "recall": 0.99,
    "f1": 0.9924812030075187,
    "auc": 0.99953125,
    "mse": 0.01362044859882621
  },
  "24": {
    "acc": 0.99375,
    "precision": 0.9949874686716792,
    "recall": 0.9925,
    "f1": 0.9937421777221527,
    "auc": 0.9997375000000001,
    "mse": 0.011754514558648135
  },
  "25": {
    "acc": 1.0,
    "precision": 1.0,
    "recall": 1.0,
    "f1": 1.0,
    "auc": 1.0,
    "mse": 0.0010179040137788646
  },
  "26": {
    "acc": 0.99375,
    "precision": 0.9949874686716792,
    "recall": 0.9925,
    "f1": 0.9937421777221527,
    "auc": 0.99985,
    "mse": 0.009631730992024422
  },
  "27": {
    "acc": 0.995,
    "precision": 0.995,
    "recall": 0.995,
    "f1": 0.995,
    "auc": 0.9999,
    "mse": 0.008632403852800771
  },
  "28": {
    "acc": 1.0,
    "precision": 1.0,
    "recall": 1.0,
    "f1": 1.0,
    "auc": 1.0,
    "mse": 0.0004932420296328914
  },
  "29": {
    "acc": 1.0,
    "precision": 1.0,
    "recall": 1.0,
    "f1": 1.0,
    "auc": 1.0,
    "mse": 0.0004260496365063826
  },
  "30": {
    "acc": 1.0,
    "precision": 1.0,
    "recall": 1.0,
    "f1": 1.0,
    "auc": 1.0,
    "mse": 0.0004838966722273553
  },
  "31": {
    "acc": 1.0,
    "precision": 1.0,
    "recall": 1.0,
    "f1": 1.0,
    "auc": 1.0,
    "mse": 0.004385705091683994
  },
  "aggregation": {
    "acc": 99.375,
    "precision": 0.9949874686716792,
    "recall": 0.9925,
    "f1": 0.9937421777221527,
    "auc": 0.99995,
    "mse": 0.008405994442264744
  }
}